date_utc,risk20_return,risk20_equity_growth_of_1,risk20_drawdown,risk20_btc_end_position,risk20_eth_end_position,risk20_mean_gross_exposure,risk24_return,risk24_equity_growth_of_1,risk24_drawdown,risk24_btc_end_position,risk24_eth_end_position,risk24_mean_gross_exposure,benchmark_return,benchmark_equity_growth_of_1
2021-07-01 00:00:00+00:00,0.0,1.0,0.0,0.0,0.0,0.0,0.0,1.0,0.0,0.0,0.0,0.0,-0.0005,0.9995
2021-07-02 00:00:00+00:00,0.0,1.0,0.0,0.0,0.0,0.0,0.0,1.0,0.0,0.0,0.0,0.0,0.0008627361783541954,1.000362304810265
2021-07-03 00:00:00+00:00,0.0,1.0,0.0,0.0,0.0,0.0,0.0,1.0,0.0,0.0,0.0,0.0,0.051133458962367095,1.0515142896707796
2021-07-04 00:00:00+00:00,0.0,1.0,0.0,0.0,0.0,0.0,0.0,1.0,0.0,0.0,0.0,0.0,0.04080731214787292,1.094423761517324
2021-07-05 00:00:00+00:00,0.0,1.0,0.0,0.0,0.0,0.0,0.0,1.0,0.0,0.0,0.0,0.0,-0.04069456138464955,1.049886666573438
2021-07-06 00:00:00+00:00,0.0,1.0,0.0,0.0,0.0,0.0,0.0,1.0,0.0,0.0,0.0,0.0,0.013509451128427274,1.0640700591858994
2021-07-07 00:00:00+00:00,0.0,1.0,0.0,0.0,0.0,0.0,0.0,1.0,0.0,0.0,0.0,0.0,0.017336627768667734,1.0825174457217897
2021-07-08 00:00:00+00:00,0.0,1.0,0.0,0.0,0.0,0.0,0.0,1.0,0.0,0.0,0.0,0.0,-0.06653020461511927,1.0104973385584828
2021-07-09 00:00:00+00:00,0.0,1.0,0.0,0.0,0.0,0.0,0.0,1.0,0.0,0.0,0.0,0.0,0.001197518114084417,1.0117074274256406
2021-07-10 00:00:00+00:00,0.0,1.0,0.0,0.0,0.0,0.0,0.0,1.0,0.0,0.0,0.0,0.0,-0.010892091724807984,1.000687817327451
2021-07-11 00:00:00+00:00,0.0,1.0,0.0,0.0,0.0,0.0,0.0,1.0,0.0,0.0,0.0,0.0,0.016972017830259034,1.0176715088056554
2021-07-12 00:00:00+00:00,0.0,1.0,0.0,0.0,0.0,0.0,0.0,1.0,0.0,0.0,0.0,0.0,-0.04313768530078632,0.9737715155192206
2021-07-13 00:00:00+00:00,0.0,1.0,0.0,0.0,0.0,0.0,0.0,1.0,0.0,0.0,0.0,0.0,-0.029020041440982025,0.9455126257848049
2021-07-14 00:00:00+00:00,0.0,1.0,0.0,0.0,0.0,0.0,0.0,1.0,0.0,0.0,0.0,0.0,0.020279255843056232,0.9646869182259348
2021-07-15 00:00:00+00:00,0.0,1.0,0.0,0.0,0.0,0.0,0.0,1.0,0.0,0.0,0.0,0.0,-0.03319051224402225,0.9326684652549088
2021-07-16 00:00:00+00:00,0.0,1.0,0.0,0.0,0.0,0.0,0.0,1.0,0.0,0.0,0.0,0.0,0.005114109424621205,0.9374382338431159
2021-07-17 00:00:00+00:00,0.0,1.0,0.0,0.0,0.0,0.0,0.0,1.0,0.0,0.0,0.0,0.0,-0.002822532526534083,0.934792283936477
2021-07-18 00:00:00+00:00,0.0,1.0,0.0,0.0,0.0,0.0,0.0,1.0,0.0,0.0,0.0,0.0,-0.006850530965246016,0.9283884604492971
2021-07-19 00:00:00+00:00,0.0,1.0,0.0,0.0,0.0,0.0,0.0,1.0,0.0,0.0,0.0,0.0,-0.03294038227500529,0.8978069896623937
2021-07-20 00:00:00+00:00,0.0,1.0,0.0,0.0,0.0,0.0,0.0,1.0,0.0,0.0,0.0,0.0,-0.025853181172721285,0.8745958229005163
2021-07-21 00:00:00+00:00,0.0,1.0,0.0,0.0,0.0,0.0,0.0,1.0,0.0,0.0,0.0,0.0,0.07243759206500777,0.9379494383415437
2021-07-22 00:00:00+00:00,0.0,1.0,0.0,0.0,0.0,0.0,0.0,1.0,0.0,0.0,0.0,0.0,0.033575924270816015,0.9694419576531538
2021-07-23 00:00:00+00:00,0.0,1.0,0.0,0.0,0.0,0.0,0.0,1.0,0.0,0.0,0.0,0.0,-0.0033955868084054597,0.9661501333302319
2021-07-24 00:00:00+00:00,0.0,1.0,0.0,0.0,0.0,0.0,0.0,1.0,0.0,0.0,0.0,0.0,0.05756214181332253,1.021763804317947
2021-07-25 00:00:00+00:00,0.0,1.0,0.0,0.0,0.0,0.0,0.0,1.0,0.0,0.0,0.0,0.0,0.006844509083227868,1.0287572759575148
2021-07-26 00:00:00+00:00,0.0,1.0,0.0,0.0,0.0,0.0,0.0,1.0,0.0,0.0,0.0,0.0,0.11364516577084349,1.1456705671216678
2021-07-27 00:00:00+00:00,0.0,1.0,0.0,0.0,0.0,0.0,0.0,1.0,0.0,0.0,0.0,0.0,-0.03916189298168893,1.1008039389797781
2021-07-28 00:00:00+00:00,0.0,1.0,0.0,0.0,0.0,0.0,0.0,1.0,0.0,0.0,0.0,0.0,0.05020418197604748,1.1560689002522688
2021-07-29 00:00:00+00:00,0.0,1.0,0.0,0.0,0.0,0.0,0.0,1.0,0.0,0.0,0.0,0.0,-0.007121258127789187,1.147836235200063
2021-07-30 00:00:00+00:00,0.0,1.0,0.0,0.0,0.0,0.0,0.0,1.0,0.0,0.0,0.0,0.0,0.015677362238565085,1.1658312796498453
2021-07-31 00:00:00+00:00,0.0,1.0,0.0,0.0,0.0,0.0,0.0,1.0,0.0,0.0,0.0,0.0,0.03420397755887761,1.2057073465764263
2021-08-01 00:00:00+00:00,0.0,1.0,0.0,0.0,0.0,0.0,0.0,1.0,0.0,0.0,0.0,0.0,0.042193879777773446,1.2565808174050503
2021-08-02 00:00:00+00:00,0.0,1.0,0.0,0.0,0.0,0.0,0.0,1.0,0.0,0.0,0.0,0.0,-0.035307844495669594,1.2122136573078715
2021-08-03 00:00:00+00:00,0.0,1.0,0.0,0.0,0.0,0.0,0.0,1.0,0.0,0.0,0.0,0.0,-0.040168570092418254,1.1635207680473136
2021-08-04 00:00:00+00:00,0.0,1.0,0.0,0.0,0.0,0.0,0.0,1.0,0.0,0.0,0.0,0.0,0.066709667739967,1.2411388518923012
2021-08-05 00:00:00+00:00,0.0,1.0,0.0,0.0,0.0,0.0,0.0,1.0,0.0,0.0,0.0,0.0,0.03160094571885663,1.280360013380514
2021-08-06 00:00:00+00:00,0.0,1.0,0.0,0.0,0.0,0.0,0.0,1.0,0.0,0.0,0.0,0.0,0.050158218326435966,1.3445805904680923
2021-08-07 00:00:00+00:00,0.0,1.0,0.0,0.0,0.0,0.0,0.0,1.0,0.0,0.0,0.0,0.0,0.03929764446518691,1.3974194404670985
2021-08-08 00:00:00+00:00,0.0,1.0,0.0,0.0,0.0,0.0,0.0,1.0,0.0,0.0,0.0,0.0,-0.020827341862400095,1.3683149080553265
2021-08-09 00:00:00+00:00,0.0,1.0,0.0,0.0,0.0,0.0,0.0,1.0,0.0,0.0,0.0,0.0,0.05464333293152124,1.4430841951313575
2021-08-10 00:00:00+00:00,0.0,1.0,0.0,0.0,0.0,0.0,0.0,1.0,0.0,0.0,0.0,0.0,-0.006337403206261083,1.4339387887262274
2021-08-11 00:00:00+00:00,0.0,1.0,0.0,0.0,0.0,0.0,0.0,1.0,0.0,0.0,0.0,0.0,0.028271234561527026,1.4744780085691784
2021-08-12 00:00:00+00:00,0.0,1.0,0.0,0.0,0.0,0.0,0.0,1.0,0.0,0.0,0.0,0.0,-0.053643877463936396,1.3953812909542245
2021-08-13 00:00:00+00:00,0.0,1.0,0.0,0.0,0.0,0.0,0.0,1.0,0.0,0.0,0.0,0.0,0.04937958517907459,1.4642846402681857
2021-08-14 00:00:00+00:00,0.0,1.0,0.0,0.0,0.0,0.0,0.0,1.0,0.0,0.0,0.0,0.0,0.010982089178312116,1.4803655447700437
2021-08-15 00:00:00+00:00,0.0,1.0,0.0,0.0,0.0,0.0,0.0,1.0,0.0,0.0,0.0,0.0,-0.013695956962664235,1.460090521979862
2021-08-16 00:00:00+00:00,0.0,1.0,0.0,0.0,0.0,0.0,0.0,1.0,0.0,0.0,0.0,0.0,-0.008234818027439639,1.4480669422277685
2021-08-17 00:00:00+00:00,0.0,1.0,0.0,0.0,0.0,0.0,0.0,1.0,0.0,0.0,0.0,0.0,-0.017607290764828587,1.4225704065290279
2021-08-18 00:00:00+00:00,0.0,1.0,0.0,0.0,0.0,0.0,0.0,1.0,0.0,0.0,0.0,0.0,-0.01730088025631582,1.3979586862694906
2021-08-19 00:00:00+00:00,0.0,1.0,0.0,0.0,0.0,0.0,0.0,1.0,0.0,0.0,0.0,0.0,0.04297706107320365,1.45803884210711
2021-08-20 00:00:00+00:00,0.0,1.0,0.0,0.0,0.0,0.0,0.0,1.0,0.0,0.0,0.0,0.0,0.03277749783158668,1.505829707092645
2021-08-21 00:00:00+00:00,0.0,1.0,0.0,0.0,0.0,0.0,0.0,1.0,0.0,0.0,0.0,0.0,-0.0005457727401254608,1.5050078662872426
2021-08-22 00:00:00+00:00,0.0,1.0,0.0,0.0,0.0,0.0,0.0,1.0,0.0,0.0,0.0,0.0,-0.012671655493426082,1.4859369250907544
2021-08-23 00:00:00+00:00,0.0,1.0,0.0,0.0,0.0,0.0,0.0,1.0,0.0,0.0,0.0,0.0,0.0287391644012156,1.5286415106707743
2021-08-24 00:00:00+00:00,0.0,1.0,0.0,0.0,0.0,0.0,0.0,1.0,0.0,0.0,0.0,0.0,-0.024764042446259737,1.4907861674154086
2021-08-25 00:00:00+00:00,0.0,1.0,0.0,0.0,0.0,0.0,0.0,1.0,0.0,0.0,0.0,0.0,0.007627803594342009,1.5021575915016152
2021-08-26 00:00:00+00:00,0.0,1.0,0.0,0.0,0.0,0.0,0.0,1.0,0.0,0.0,0.0,0.0,-0.037709407701759456,1.4455121184513877
2021-08-27 00:00:00+00:00,0.0,1.0,0.0,0.0,0.0,0.0,0.0,1.0,0.0,0.0,0.0,0.0,0.03536700615101651,1.4966355544360268
2021-08-28 00:00:00+00:00,0.0,1.0,0.0,0.0,0.0,0.0,0.0,1.0,0.0,0.0,0.0,0.0,0.0032627283172512733,1.5015186696400904
2021-08-29 00:00:00+00:00,0.0,1.0,0.0,0.0,0.0,0.0,0.0,1.0,0.0,0.0,0.0,0.0,0.000302405450359311,1.5019727370696059
2021-08-30 00:00:00+00:00,0.0,1.0,0.0,0.0,0.0,0.0,0.0,1.0,0.0,0.0,0.0,0.0,0.017636730015525792,1.5284626247239828
2021-08-31 00:00:00+00:00,0.0,1.0,0.0,0.0,0.0,0.0,0.0,1.0,0.0,0.0,0.0,0.0,-0.004312426664464741,1.5218712417454854
2021-09-01 00:00:00+00:00,0.0,1.0,0.0,0.0,0.0,0.0,0.0,1.0,0.0,0.0,0.0,0.0,0.058754343220571936,1.6112877870205176
2021-09-02 00:00:00+00:00,0.0,1.0,0.0,0.0,0.0,0.0,0.0,1.0,0.0,0.0,0.0,0.0,0.019313917863323926,1.6424080669932088
2021-09-03 00:00:00+00:00,-0.0001571993821609663,0.999842800617839,-0.0001571993821609663,0.06432279138064746,0.0,0.01072046523010791,-0.00018863925859313735,0.9998113607414069,-0.00018863925859313735,0.07718734965677695,0.0,0.012864558276129492,0.033286225869714414,1.697077632881386
2021-09-04 00:00:00+00:00,-0.0005845122606064068,0.9992583802421988,-0.0007416197578011818,0.0,0.0,0.016364991077271723,-0.0007014530564076749,0.9991100400065837,-0.0008899599934163449,0.0,0.0,0.019637989292726064,-0.016264314774917632,1.6694758280627309
2021-09-05 00:00:00+00:00,0.0,0.9992583802421988,-0.0007416197578011818,0.0,0.0,0.0,0.0,0.9991100400065837,-0.0008899599934163449,0.0,0.0,0.0,0.016147623163253577,1.6964338946144486
2021-09-06 00:00:00+00:00,0.0011915937915125685,1.0004490903242123,0.0,0.3613833530122119,0.0,0.3117247878540249,0.0014273292508706348,1.0005360989915235,0.0,0.433660023614654,0.0,0.37406974542482985,0.01256813186234873,1.7177548994977208
2021-09-07 00:00:00+00:00,-0.01487215731072733,0.9855702540715365,-0.01487215731072733,0.10079958151979745,0.0,0.27679318116077706,-0.017847069246782588,0.9826794619489161,-0.017847069246782588,0.12095949782375694,0.0,0.33215181739293237,-0.11690196993379298,1.5169459678830126
2021-09-08 00:00:00+00:00,-5.039979075993628e-05,0.9855205815369521,-0.014921807547870647,0.0,0.0,0.0,-6.047974891187913e-05,0.9826200297417965,-0.017906469609427655,0.0,0.0,0.0,0.01024241246221469,1.5324831541689639
2021-09-09 00:00:00+00:00,0.0,0.9855205815369521,-0.014921807547870647,0.0,0.0,0.0,0.0,0.9826200297417965,-0.017906469609427655,0.0,0.0,0.0,-0.005526376143993095,1.5240140758246932
2021-09-10 00:00:00+00:00,0.0,0.9855205815369521,-0.014921807547870647,0.0,0.0,0.0,0.0,0.9826200297417965,-0.017906469609427655,0.0,0.0,0.0,-0.031311006857136614,1.4762956606461735
2021-09-11 00:00:00+00:00,0.0,0.9855205815369521,-0.014921807547870647,0.0,0.0,0.0,0.0,0.9826200297417965,-0.017906469609427655,0.0,0.0,0.0,-0.0051702001264510855,1.4686629166348215
2021-09-12 00:00:00+00:00,0.0,0.9855205815369521,-0.014921807547870647,0.0,0.0,0.0,0.0,0.9826200297417965,-0.017906469609427655,0.0,0.0,0.0,0.021048942545097482,1.499576717985183
2021-09-13 00:00:00+00:00,0.0,0.9855205815369521,-0.014921807547870647,0.0,0.0,0.0,0.0,0.9826200297417965,-0.017906469609427655,0.0,0.0,0.0,-0.03370056808678212,1.44904013069937
2021-09-14 00:00:00+00:00,0.0,0.9855205815369521,-0.014921807547870647,0.0,0.0,0.0,0.0,0.9826200297417965,-0.017906469609427655,0.0,0.0,0.0,0.032449646594735926,1.4960609708421546
2021-09-15 00:00:00+00:00,-0.00012130769225726645,0.9854010303095339,-0.015041305110089942,0.028595066961801318,0.0,0.004765844493633553,-0.00014556923070863093,0.9824769904999882,-0.018049432209130467,0.03431408035416157,0.0,0.005719013392360262,0.0457458097471688,1.5644994913844645
2021-09-16 00:00:00+00:00,-0.000402868091522679,0.9850040436770686,-0.015438113539728904,0.029600838300673147,0.0,0.028859962307869153,-0.0004834794724589697,0.9820019830429182,-0.018524185151626793,0.03552100596080777,0.0,0.03463195476944298,-0.0031145078566351403,1.559626845426846
2021-09-17 00:00:00+00:00,-1.4800419150362565e-05,0.9849894652043574,-0.015452685468328009,0.0,0.0,0.0,-1.7760502980412873e-05,0.9819845421937716,-0.018541616655761484,0.0,0.0,0.0,-0.0202044641799346,1.528115420694355
2021-09-18 00:00:00+00:00,-0.00023981743518630694,0.9847532475571266,-0.0156887970801185,0.05234122231970307,0.0,0.017434499305939145,-0.0002877787831002676,0.9817019478771958,-0.018824059554983896,0.06280946678364369,0.0,0.020921399167126976,0.010161081083999601,1.5436427253897405
2021-09-19 00:00:00+00:00,-0.0002073311767579744,0.9845490775074943,-0.015892875480115864,0.0,0.0,0.013098125873658788,-0.00024880043197572643,0.9814577000084925,-0.01906817655281079,0.0,0.0,0.015717751048390544,-0.02530526675642053,1.5045804344471452
2021-09-20 00:00:00+00:00,0.0,0.9845490775074943,-0.015892875480115864,0.0,0.0,0.0,0.0,0.9814577000084925,-0.01906817655281079,0.0,0.0,0.0,-0.07441074096497202,1.3926234894785336
2021-09-21 00:00:00+00:00,0.0,0.9845490775074943,-0.015892875480115864,0.0,0.0,0.0,0.0,0.9814577000084925,-0.01906817655281079,0.0,0.0,0.0,-0.05422165863057393,1.31711313403111
2021-09-22 00:00:00+00:00,0.0,0.9845490775074943,-0.015892875480115864,0.0,0.0,0.0,0.0,0.9814577000084925,-0.01906817655281079,0.0,0.0,0.0,0.04007190830321661,1.3698923707629669
2021-09-23 00:00:00+00:00,0.0,0.9845490775074943,-0.015892875480115864,0.0,0.0,0.0,0.0,0.9814577000084925,-0.01906817655281079,0.0,0.0,0.0,0.03853303427655197,1.4226784804407633
2021-09-24 00:00:00+00:00,0.0,0.9845490775074943,-0.015892875480115864,0.0,0.0,0.0,0.0,0.9814577000084925,-0.01906817655281079,0.0,0.0,0.0,-0.06593228124279171,1.3288780427502753
2021-09-25 00:00:00+00:00,0.0,0.9845490775074943,-0.015892875480115864,0.0,0.0,0.0,0.0,0.9814577000084925,-0.01906817655281079,0.0,0.0,0.0,0.004628746459052646,1.3350290822851685
2021-09-26 00:00:00+00:00,0.0,0.9845490775074943,-0.015892875480115864,0.0,0.0,0.0,0.0,0.9814577000084925,-0.01906817655281079,0.0,0.0,0.0,0.03379148246127062,1.380141694104494
2021-09-27 00:00:00+00:00,0.0,0.9845490775074943,-0.015892875480115864,0.0,0.0,0.0,0.0,0.9814577000084925,-0.01906817655281079,0.0,0.0,0.0,-0.016447877598826266,1.3574412924508266
2021-09-28 00:00:00+00:00,0.0,0.9845490775074943,-0.015892875480115864,0.0,0.0,0.0,0.0,0.9814577000084925,-0.01906817655281079,0.0,0.0,0.0,-0.040680685972260044,1.3022196495068556
2021-09-29 00:00:00+00:00,-0.004147444420904756,0.9804657149288789,-0.019974405083278524,0.0,0.0,0.023636504239319307,-0.004976863924541108,0.9765731185878572,-0.02395014075735946,0.0,0.0,0.02836380508718317,-0.011435226913829366,1.2873284723230973
2021-09-30 00:00:00+00:00,-0.001048259761826209,0.9794379321720688,-0.021001726479989546,0.0,0.0,0.0191814288554777,-0.001257898031000293,0.9753446891848577,-0.025177911953458865,0.0,0.0,0.023017714626573243,0.06401190205109542,1.3697328164010298
2021-10-01 00:00:00+00:00,0.0,0.9794379321720688,-0.021001726479989546,0.0,0.0,0.0,0.0,0.9753446891848577,-0.025177911953458865,0.0,0.0,0.0,0.0980194314789069,1.5039932483426608
2021-10-02 00:00:00+00:00,0.0,0.9794379321720688,-0.021001726479989546,0.0,0.0,0.0,0.0,0.9753446891848577,-0.025177911953458865,0.0,0.0,0.0,0.02866704445823265,1.5471082896577817
2021-10-03 00:00:00+00:00,0.0,0.9794379321720688,-0.021001726479989546,0.0,0.0,0.0,0.0,0.9753446891848577,-0.025177911953458865,0.0,0.0,0.0,0.008349668992533976,1.5600261317720296
2021-10-04 00:00:00+00:00,0.0,0.9794379321720688,-0.021001726479989546,0.0,0.0,0.0,0.0,0.9753446891848577,-0.025177911953458865,0.0,0.0,0.0,-0.0018813143952534084,1.5570912321533554
2021-10-05 00:00:00+00:00,0.0,0.9794379321720688,-0.021001726479989546,0.0,0.0,0.0,0.0,0.9753446891848577,-0.025177911953458865,0.0,0.0,0.0,0.02942937044156091,1.602915446835703
2021-10-06 00:00:00+00:00,0.0008517861064911703,0.9802722037948634,-0.020167829352326416,0.17109183273555797,0.0,0.05837630444383066,0.0010221761153599296,0.9763416632303856,-0.024181472098332435,0.20531019928266955,0.0,0.0700515653325968,0.05181041296125399,1.6859631580782337
2021-10-07 00:00:00+00:00,-0.003235305566263058,0.9771007236774729,-0.023337885828026428,0.13647913357020428,0.0,0.15484928033078424,-0.003881626194609633,0.9725518698555018,-0.027969234857420977,0.16377496028424518,0.0,0.18581913639694106,-0.007099016136751124,1.6739944784130685
2021-10-08 00:00:00+00:00,-0.0005330209143276088,0.9765799085563481,-0.023858467161111507,0.0,0.0,0.040452844043750234,-0.0006396206153229667,0.9719298056300714,-0.02859096577353426,0.0,0.0,0.04854341285250028,0.007034313495531963,1.6857698803640155
2021-10-09 00:00:00+00:00,0.0,0.9765799085563481,-0.023858467161111507,0.0,0.0,0.0,0.0,0.9719298056300714,-0.02859096577353426,0.0,0.0,0.0,-0.0075193015528212115,1.6730940682848952
2021-10-10 00:00:00+00:00,0.0,0.9765799085563481,-0.023858467161111507,0.0,0.0,0.0,0.0,0.9719298056300714,-0.02859096577353426,0.0,0.0,0.0,0.002072456509128351,1.6765614829770963
2021-10-11 00:00:00+00:00,0.00018130462598997532,0.9767569670114182,-0.023681488185586907,0.14369539228431402,0.0,0.04031394595683221,0.00021740676472226106,0.9721411097446505,-0.028379774878181108,0.17243447074117688,0.0,0.04837673514819866,0.014203118736212605,1.7003738847883807
2021-10-12 00:00:00+00:00,-0.00495175430945205,0.9719203064907321,-0.028515977583861707,0.12084682864855918,0.0,0.13994983264167268,-0.005941263245085149,0.9663653635002883,-0.0341524264098787,0.14501619437827099,0.0,0.1679397991700072,-0.02493840030022587,1.6579692801894779
2021-10-13 00:00:00+00:00,-0.00014276462158013814,0.9717815506559699,-0.028654671132693155,0.0,0.0,0.03268390552573334,-0.00017164627371235586,0.9661994904865988,-0.034318210546859684,0.0,0.0,0.039220686630880006,0.026470917152251694,1.7018572476463518
2021-10-14 00:00:00+00:00,-0.00012994990613746094,0.971655267734676,-0.028780897367006508,0.07504646733542387,0.0,0.05441498368404194,-0.00015610634743468133,0.9660486606132457,-0.03446895960379537,0.09005576080250864,0.0,0.06529798042085032,0.04166034065393198,1.772757200327662
2021-10-15 00:00:00+00:00,0.0076492547456774584,0.979087706402558,-0.021351795037098498,0.16301568228786995,0.0,0.1299310100683596,0.00918312275765798,0.9749200040535282,-0.025602369533507807,0.19561881874544396,0.0,0.15591721208203152,0.03919299245020458,1.8422368598961498
2021-10-16 00:00:00+00:00,-0.0002478970122942181,0.9788449934853668,-0.02159439900319593,0.0,0.0,0.1209029967368948,-0.0002975900948049004,0.9746298775170947,-0.025892340616735954,0.0,0.0,0.14508359608427374,-0.004631634807935825,1.8337042915313924
2021-10-17 00:00:00+00:00,0.0,0.9788449934853668,-0.02159439900319593,0.0,0.0,0.0,0.0,0.9746298775170947,-0.025892340616735954,0.0,0.0,0.0,-0.014994175787838016,1.8062094070412578
2021-10-18 00:00:00+00:00,0.0,0.9788449934853668,-0.02159439900319593,0.0,0.0,0.0,0.0,0.9746298775170947,-0.025892340616735954,0.0,0.0,0.0,0.004925831992894203,1.815106491124328
2021-10-19 00:00:00+00:00,0.0,0.9788449934853668,-0.02159439900319593,0.0,0.0,0.0,0.0,0.9746298775170947,-0.025892340616735954,0.0,0.0,0.0,0.03191340900765649,1.873032726968031
2021-10-20 00:00:00+00:00,0.0015228310890922359,0.9803356090728486,-0.020104452536256034,0.049266868496474596,0.0,0.0414788561603715,0.0018270052307440832,0.9764105314013579,-0.0241126408277349,0.05912024219576951,0.0,0.04977462739244579,0.05564885190795166,1.9772648478098218
2021-10-21 00:00:00+00:00,-0.0010089578761559581,0.9793464917387984,-0.021093125866679774,0.0,0.0,0.01641579217200283,-0.0012106984183585245,0.9752283927153217,-0.02529414610998082,0.0,0.0,0.019698950606403396,-0.02876581550188073,1.9203872119993701
2021-10-22 00:00:00+00:00,0.0,0.9793464917387984,-0.021093125866679774,0.0,0.0,0.0,0.0,0.9752283927153217,-0.02529414610998082,0.0,0.0,0.0,-0.02901378802854715,1.8646695044976878
2021-10-23 00:00:00+00:00,0.0,0.9793464917387984,-0.021093125866679774,0.0,0.0,0.0,0.0,0.9752283927153217,-0.02529414610998082,0.0,0.0,0.0,0.013665209474639894,1.8901506038776217
2021-10-24 00:00:00+00:00,0.0,0.9793464917387984,-0.021093125866679774,0.0,0.0,0.0,0.0,0.9752283927153217,-0.02529414610998082,0.0,0.0,0.0,-0.0058267883685204636,1.8791370963241956
2021-10-25 00:00:00+00:00,0.0,0.9793464917387984,-0.021093125866679774,0.0,0.0,0.0,0.0,0.9752283927153217,-0.02529414610998082,0.0,0.0,0.0,0.03387450490853605,1.9427919351174416
2021-10-26 00:00:00+00:00,0.0,0.9793464917387984,-0.021093125866679774,0.0,0.0,0.0,0.0,0.9752283927153217,-0.02529414610998082,0.0,0.0,0.0,-0.003013907011399475,1.9369365408825008
2021-10-27 00:00:00+00:00,0.0,0.9793464917387984,-0.021093125866679774,0.0,0.0,0.0,0.0,0.9752283927153217,-0.02529414610998082,0.0,0.0,0.0,-0.047860487406749974,1.84423381395992
2021-10-28 00:00:00+00:00,0.0,0.9793464917387984,-0.021093125866679774,0.0,0.0,0.0,0.0,0.9752283927153217,-0.02529414610998082,0.0,0.0,0.0,0.05414202903193388,1.944084374657012
2021-10-29 00:00:00+00:00,0.0,0.9793464917387984,-0.021093125866679774,0.0,0.0,0.0,0.0,0.9752283927153217,-0.02529414610998082,0.0,0.0,0.0,0.023111665649133473,1.9890154027177895
2021-10-30 00:00:00+00:00,0.0,0.9793464917387984,-0.021093125866679774,0.0,0.0,0.0,0.0,0.9752283927153217,-0.02529414610998082,0.0,0.0,0.0,-0.014101327095651484,1.960967645925777
2021-10-31 00:00:00+00:00,0.0,0.9793464917387984,-0.021093125866679774,0.0,0.0,0.0,0.0,0.9752283927153217,-0.02529414610998082,0.0,0.0,0.0,-0.019419989665567683,1.922885674507386
2021-11-01 00:00:00+00:00,0.0,0.9793464917387984,-0.021093125866679774,0.0,0.0,0.0,0.0,0.9752283927153217,-0.02529414610998082,0.0,0.0,0.0,0.01984370620353837,1.9610428528953032
2021-11-02 00:00:00+00:00,0.0,0.9793464917387984,-0.021093125866679774,0.0,0.0,0.0,0.0,0.9752283927153217,-0.02529414610998082,0.0,0.0,0.0,0.03363053358136514,2.026993770414095
2021-11-03 00:00:00+00:00,0.0,0.9793464917387984,-0.021093125866679774,0.0,0.0,0.0,0.0,0.9752283927153217,-0.02529414610998082,0.0,0.0,0.0,0.009457667090090105,2.046164402688358
2021-11-04 00:00:00+00:00,0.0,0.9793464917387984,-0.021093125866679774,0.0,0.0,0.0,0.0,0.9752283927153217,-0.02529414610998082,0.0,0.0,0.0,-0.028067855598187363,1.9887329557035498
2021-11-05 00:00:00+00:00,0.0,0.9793464917387984,-0.021093125866679774,0.0,0.0,0.0,0.0,0.9752283927153217,-0.02529414610998082,0.0,0.0,0.0,-0.0010872351135687852,1.9865707354025974
2021-11-06 00:00:00+00:00,0.0,0.9793464917387984,-0.021093125866679774,0.0,0.0,0.0,0.0,0.9752283927153217,-0.02529414610998082,0.0,0.0,0.0,0.0027401514684695094,1.9920142401204295
2021-11-07 00:00:00+00:00,0.0,0.9793464917387984,-0.021093125866679774,0.0,0.0,0.0,0.0,0.9752283927153217,-0.02529414610998082,0.0,0.0,0.0,0.020404824295443325,2.032660940684108
2021-11-08 00:00:00+00:00,-0.000574322733082222,0.9787840307850285,-0.02165533433806488,0.12059864783058256,0.0,0.053955337046545225,-0.0006894328513724624,0.9745560382237926,-0.025966140346077693,0.1447183773966991,0.0,0.06474640445585428,0.0418676856781357,2.1177637500388937
2021-11-09 00:00:00+00:00,0.001898998821760145,0.9806427405062469,-0.019797458970697623,0.11815212743928648,0.0,0.11849339304993223,0.002277251531492386,0.9767753474543628,-0.02374802024745537,0.14178255292714373,0.0,0.14219207165991865,0.008683757753730426,2.136153897423863
2021-11-10 00:00:00+00:00,-0.0005391103807571573,0.9801140658250258,-0.020325896335811056,0.11591002307614971,0.0,0.11848832622992929,-0.0006495762666236526,0.9761408573708333,-0.024382170363747013,0.13909202769137965,0.0,0.14218599147591515,-0.009037484391146822,2.1168484399188072
2021-11-11 00:00:00+00:00,-0.0028788886662171054,0.9772924265493221,-0.023146269009436393,0.0,0.0,0.019964945870795833,-0.003454610468190289,0.9727686709465319,-0.027752549930961434,0.0,0.0,0.023957935044955,-0.00174208159145961,2.113160717219715
2021-11-12 00:00:00+00:00,0.0,0.9772924265493221,-0.023146269009436393,0.0,0.0,0.0,0.0,0.9727686709465319,-0.027752549930961434,0.0,0.0,0.0,-0.020449552704641993,2.0699475257595514
2021-11-13 00:00:00+00:00,0.0,0.9772924265493221,-0.023146269009436393,0.0,0.0,0.0,0.0,0.9727686709465319,-0.027752549930961434,0.0,0.0,0.0,-0.00039827643341583396,2.0691231144416338
2021-11-14 00:00:00+00:00,0.0,0.9772924265493221,-0.023146269009436393,0.0,0.0,0.0,0.0,0.9727686709465319,-0.027752549930961434,0.0,0.0,0.0,-0.00866888869390281,2.051186116468558
2021-11-15 00:00:00+00:00,0.0,0.9772924265493221,-0.023146269009436393,0.0,0.0,0.0,0.0,0.9727686709465319,-0.027752549930961434,0.0,0.0,0.0,0.0039832367350254305,2.0593564763580496
2021-11-16 00:00:00+00:00,0.0,0.9772924265493221,-0.023146269009436393,0.0,0.0,0.0,0.0,0.9727686709465319,-0.027752549930961434,0.0,0.0,0.0,-0.06888866026500229,1.9174901676936877
2021-11-17 00:00:00+00:00,0.0,0.9772924265493221,-0.023146269009436393,0.0,0.0,0.0,0.0,0.9727686709465319,-0.027752549930961434,0.0,0.0,0.0,-0.0018675978981581576,1.913909067086764
2021-11-18 00:00:00+00:00,0.0,0.9772924265493221,-0.023146269009436393,0.0,0.0,0.0,0.0,0.9727686709465319,-0.027752549930961434,0.0,0.0,0.0,-0.03973032073545946,1.837868845992903
2021-11-19 00:00:00+00:00,0.0,0.9772924265493221,-0.023146269009436393,0.0,0.0,0.0,0.0,0.9727686709465319,-0.027752549930961434,0.0,0.0,0.0,0.030293473477087662,1.8935442771333546
2021-11-20 00:00:00+00:00,0.0,0.9772924265493221,-0.023146269009436393,0.0,0.0,0.0,0.0,0.9727686709465319,-0.027752549930961434,0.0,0.0,0.0,0.025968841579314228,1.9427174284896478
2021-11-21 00:00:00+00:00,0.0,0.9772924265493221,-0.023146269009436393,0.0,0.0,0.0,0.0,0.9727686709465319,-0.027752549930961434,0.0,0.0,0.0,-0.007861496341460272,1.9274447625330853
2021-11-22 00:00:00+00:00,0.0,0.9772924265493221,-0.023146269009436393,0.0,0.0,0.0,0.0,0.9727686709465319,-0.027752549930961434,0.0,0.0,0.0,-0.06338969698582775,1.8052646230791922
2021-11-23 00:00:00+00:00,0.0,0.9772924265493221,-0.023146269009436393,0.0,0.0,0.0,0.0,0.9727686709465319,-0.027752549930961434,0.0,0.0,0.0,0.055259006979857306,1.9050217534864147
2021-11-24 00:00:00+00:00,0.0,0.9772924265493221,-0.023146269009436393,0.0,0.0,0.0,0.0,0.9727686709465319,-0.027752549930961434,0.0,0.0,0.0,-0.02587692680406095,1.8557256450113029
2021-11-25 00:00:00+00:00,0.0,0.9772924265493221,-0.023146269009436393,0.0,0.0,0.0,0.0,0.9727686709465319,-0.027752549930961434,0.0,0.0,0.0,0.05608836128338068,1.9598102554315315
2021-11-26 00:00:00+00:00,0.0,0.9772924265493221,-0.023146269009436393,0.0,0.0,0.0,0.0,0.9727686709465319,-0.027752549930961434,0.0,0.0,0.0,-0.08929957259018972,1.7848000372636252
2021-11-27 00:00:00+00:00,0.0,0.9772924265493221,-0.023146269009436393,0.0,0.0,0.0,0.0,0.9727686709465319,-0.027752549930961434,0.0,0.0,0.0,0.01079977508473462,1.8040754762372984
2021-11-28 00:00:00+00:00,0.0,0.9772924265493221,-0.023146269009436393,0.0,0.0,0.0,0.0,0.9727686709465319,-0.027752549930961434,0.0,0.0,0.0,-0.003395551691206089,1.7979496447028973
2021-11-29 00:00:00+00:00,0.0,0.9772924265493221,-0.023146269009436393,0.0,0.0,0.0,0.0,0.9727686709465319,-0.027752549930961434,0.0,0.0,0.0,0.06573518449810178,1.916138196315739
2021-11-30 00:00:00+00:00,0.0,0.9772924265493221,-0.023146269009436393,0.0,0.0,0.0,0.0,0.9727686709465319,-0.027752549930961434,0.0,0.0,0.0,0.03276806888587158,1.9789263447274628
2021-12-01 00:00:00+00:00,-0.0010649177577960467,0.9762516904897302,-0.024186537894337556,0.04761956670892875,0.0,0.007936594451488125,-0.0012779013093552338,0.9715255685882296,-0.02899498622042196,0.05714348005071449,0.0,0.00952391334178575,-0.004552137431662828,1.9699180000391252
2021-12-02 00:00:00+00:00,-0.0001999611514482691,0.9760564780775965,-0.024381662677818938,0.0,0.0,0.007795882318172961,-0.0002399523906013723,0.9712924487055165,-0.02922798119476433,0.0,0.0,0.009355058781807552,-0.02470053372572778,1.9212599740422405
2021-12-03 00:00:00+00:00,0.0,0.9760564780775965,-0.024381662677818938,0.0,0.0,0.0,0.0,0.9712924487055165,-0.02922798119476433,0.0,0.0,0.0,-0.05896292049381657,1.8079768749448357
2021-12-04 00:00:00+00:00,-0.007171046285079585,0.9690571318964504,-0.0313778669313286,-0.1719675613276681,0.0,0.09501784051396807,-0.00860511235664807,0.9629343680532416,-0.03758158348927343,-0.2063610735932017,0.0,0.11402140861676169,-0.05212325251271177,1.7137392397549425
2021-12-05 00:00:00+00:00,0.0006117464661414829,0.9696499491723772,-0.03078531576439736,-0.1703250212795663,0.0,0.17100318520539348,0.0007301400462504937,0.9636374449972682,-0.03687888326212996,-0.2043900255354795,0.0,0.20520382224647218,0.0035902420875852936,1.719891978500657
2021-12-06 00:00:00+00:00,-0.0006625817062544392,0.9690074768545851,-0.03142749968360503,-0.17062074283447692,0.0,0.17061097541287115,-0.0007963433459929892,0.962870058729995,-0.037645858354829476,-0.20474489140137223,0.0,0.20473317049544534,0.008376096858275561,1.7342979602983497
2021-12-07 00:00:00+00:00,-0.004207057603442199,0.9649308065812917,-0.035502339985546194,-0.11894065443660147,0.0,0.11908434143616596,-0.005048653017029281,0.9580088619029806,-0.042504450495497004,-0.14272878532392175,0.0,0.14290120972339915,0.031037290338154833,1.7881258696249993
2021-12-08 00:00:00+00:00,0.0011317844346174777,0.9660229002486633,-0.03441073654671678,-0.11960572456855445,0.0,0.12101000809738638,0.001355524787348683,0.9593074666617898,-0.04120654154436765,-0.14352686948226537,0.0,0.14521200971686365,0.004561025603067925,1.796281557497867
2021-12-09 00:00:00+00:00,0.007435093232580403,0.9732053705768199,-0.02723149034856298,-0.14484204019525182,0.0,0.12873727654490474,0.008926295926690697,0.9678705289938969,-0.03264806740161741,-0.17381044823430217,0.0,0.15448473185388567,-0.05677306302331808,1.6943011514264166
2021-12-10 00:00:00+00:00,-0.0019784080365945478,0.9712799732504137,-0.029156023385803476,-0.16848750629333986,0.0,0.1644277215545914,-0.0023776472878429544,0.9655692742556514,-0.034948089100549584,-0.20218500755200783,0.0,0.19731326586550968,-0.009012252252812991,1.6790316820575302
2021-12-11 00:00:00+00:00,-0.001060861508052291,0.9702495797132503,-0.03018595439091787,-0.17120152220841564,0.0,0.16944169409217733,-0.0012769422436677003,0.9643362980601669,-0.03618040465290928,-0.20544182665009877,0.0,0.20333003291061277,0.0007404506492083573,1.6802749221565512
2021-12-12 00:00:00+00:00,-0.004549434911371497,0.9658354924025594,-0.03459806026755019,-0.07042270596050278,0.0,0.14552992994193684,-0.0054584836773559076,0.9590724841177236,-0.04144139818202719,-0.08450724715260337,0.0,0.17463591593032424,0.03490517909470903,1.7389252192427738
2021-12-13 00:00:00+00:00,0.004937267310187288,0.9706040804062172,-0.02983161282931779,-0.06941784309405784,-0.009146497137727519,0.06471717152646603,0.005926709407290565,0.9647566280316177,-0.03576029989919327,-0.08330141171286941,-0.01097579656527302,0.07766060583175922,-0.08375053926208231,1.5932892943947567
2021-12-14 00:00:00+00:00,-0.0010050441477817973,0.9696285804553918,-0.03080667488920652,-0.0890357188446489,-0.018272805840616066,0.10449150909470324,-0.0012065205146239988,0.963592629368278,-0.036923674878379775,-0.10684286261357868,-0.021927367008739276,0.12538981091364387,0.0057973130458965905,1.602526091207039
2021-12-15 00:00:00+00:00,-0.003190372101151251,0.9665351044838281,-0.033898762234262025,-0.03861628257206062,0.0,0.07818253567264341,-0.0038288415728936487,0.9599031858496189,-0.04061114154987511,-0.04633953908647276,0.0,0.09381904280717208,0.04699955748738094,1.677844108355752
2021-12-16 00:00:00+00:00,0.0004104771215176495,0.9669318450313623,-0.0335021997790893,-0.03847008061918702,0.03307107262414256,0.06560325911729627,0.0004925445974826026,0.9603759809779154,-0.040138599750760506,-0.04616409674302441,0.039685287148971064,0.0787239109407555,-0.003814209028198734,1.6714444602097516
2021-12-17 00:00:00+00:00,0.0013572402875350331,0.9682442038867395,-0.03219043002681554,0.0,0.0,0.048902356207078466,0.0016287117015096886,0.961940156575983,-0.03857526225634711,0.0,0.0,0.058682827448494145,-0.027908419564314002,1.6247970869357695
2021-12-18 00:00:00+00:00,-0.00032951823718874174,0.9679251497635065,-0.03250934093024749,-0.0780500219217752,0.0,0.07140268108757895,-0.00039561187340231285,0.961559601628539,-0.03895561329798125,-0.09366002630613023,0.0,0.08568321730509475,0.008233695562531063,1.638175171500486
2021-12-19 00:00:00+00:00,-0.0015921452189364693,0.9663840723640222,-0.03404972655745098,0.0,0.0,0.04014484172934166,-0.0019106686146422858,0.9597223798765995,-0.04079185064493096,0.0,0.0,0.04817381007520998,-0.0063053711655741695,1.6278458690099473
2021-12-20 00:00:00+00:00,-0.00046565999544301295,0.9659340659612891,-0.03449953095738034,-0.05386324134289966,-0.03876473935651395,0.08870825271820688,-0.0005591205908430652,0.9591857793325176,-0.04132816367213976,-0.06463588961147959,-0.04651768722781673,0.10644990326184826,-0.003426326347709785,1.622268337818948
2021-12-21 00:00:00+00:00,-0.0018646951120675492,0.9641328934299115,-0.03629989496270314,0.0,0.0,0.09018092277224336,-0.0023968256512792996,0.9568867782522711,-0.043625932920609456,0.0,0.0,0.0988761688214635,0.03706962078650489,1.68240520991585
2021-12-22 00:00:00+00:00,0.00029971961037222883,0.9644218629650774,-0.03601105514270564,0.0,0.0,0.011727984934496309,0.00029971961037222883,0.9571735759846192,-0.04333928885785432,0.0,0.0,0.011727984934496309,0.0012574435940495565,1.6845207395696542
2021-12-23 00:00:00+00:00,0.0,0.9644218629650774,-0.03601105514270564,0.0,0.0,0.0,0.0,0.9571735759846192,-0.04333928885785432,0.0,0.0,0.0,0.03830482407757607,1.749046010153898
2021-12-24 00:00:00+00:00,-0.00011180227233831275,0.9643140384093051,-0.03611883129724969,0.0,0.0,0.003328223770594225,-0.00013416248281594712,0.9570451592011793,-0.04346763683407362,0.0,0.0,0.003993868524713069,-0.008600165340258537,1.734003925278855
2021-12-25 00:00:00+00:00,-0.0007077245925873887,0.9636315696493456,-0.03680099370467249,0.0,-0.11255407670225132,0.04896203561460552,-0.0007591506887474342,0.9563186177094093,-0.04419378903638027,0.0,-0.12093883674442668,0.05172826577589571,0.00023162512078034325,1.7344055641474814
2021-12-26 00:00:00+00:00,-0.0003375932556949346,0.9633062541304572,-0.03712616319308992,0.0,0.0,0.025925116857079353,-0.0003591701708914874,0.9559751365880599,-0.04453708611651119,0.0,0.0,0.028756117531442155,-0.0052868760638364876,1.7252359768854053
2021-12-27 00:00:00+00:00,-0.0007886615334173896,0.9625465315429241,-0.03788554474971351,0.0,-0.10733231858303989,0.03915513675267845,-0.0009465054275880069,0.9550703009326401,-0.04544143695036096,0.0,-0.1287987822996479,0.04698616410321413,0.0088317159634832,1.7404727710032397
2021-12-28 00:00:00+00:00,0.011483122276217506,0.9735995710611806,-0.026837466816358124,-0.03196418189072959,-0.15261626892569172,0.1635808161053602,0.013791070341503175,0.9682417426338827,-0.03227705266225922,-0.038357018268875505,-0.1831395227108301,0.19629697932643222,-0.06885685201627012,1.620629294971922
2021-12-29 00:00:00+00:00,0.0037053613152542297,0.9772071092483388,-0.023231548012444647,-0.08825508662887961,-0.1115659775765697,0.1950730339613798,0.004445904940179046,0.9725464533807463,-0.027974648429965665,-0.10590610395465551,-0.13387917309188366,0.23408764075365573,-0.01795669307730552,1.5915281521300213
2021-12-30 00:00:00+00:00,-0.0018726406720622757,0.975377151470532,-0.025060684342823825,-0.09174395759083674,-0.11472419796619908,0.20048844317709894,-0.002250106940130503,0.970358119856395,-0.030161809419516183,-0.11009274910900407,-0.13766903755943885,0.24058613181251873,0.008839166878859439,1.6055959350591014
2021-12-31 00:00:00+00:00,-0.00010323407777856897,0.9752764593098135,-0.025161331303965806,0.0,0.0,0.0,-0.00012388089333426056,0.970237911025653,-0.030281953840955,0.0,0.0,0.0,-0.03265237634580631,1.553169412328255
2022-01-01 00:00:00+00:00,0.0,0.9752764593098135,-0.025161331303965806,0.0,0.0,0.0,0.0,0.970237911025653,-0.030281953840955,0.0,0.0,0.0,0.031318457498749286,1.6018122825566148
2022-01-02 00:00:00+00:00,0.0,0.9752764593098135,-0.025161331303965806,0.0,0.0,0.0,0.0,0.970237911025653,-0.030281953840955,0.0,0.0,0.0,0.003356027818067764,1.6071880091361974
2022-01-03 00:00:00+00:00,0.0,0.9752764593098135,-0.025161331303965806,0.0,0.0,0.0,0.0,0.970237911025653,-0.030281953840955,0.0,0.0,0.0,-0.013942790020829876,1.584779324200816
2022-01-04 00:00:00+00:00,0.0,0.9752764593098135,-0.025161331303965806,0.0,0.0,0.0,0.0,0.970237911025653,-0.030281953840955,0.0,0.0,0.0,0.010544152567406595,1.601489479180861
2022-01-05 00:00:00+00:00,0.0,0.9752764593098135,-0.025161331303965806,0.0,0.0,0.0,0.0,0.970237911025653,-0.030281953840955,0.0,0.0,0.0,-0.038783812429365794,1.5393776116127078
2022-01-06 00:00:00+00:00,0.0,0.9752764593098135,-0.025161331303965806,0.0,0.0,0.0,0.0,0.970237911025653,-0.030281953840955,0.0,0.0,0.0,-0.04348798746841687,1.4724331773297328
2022-01-07 00:00:00+00:00,0.0,0.9752764593098135,-0.025161331303965806,0.0,0.0,0.0,0.0,0.970237911025653,-0.030281953840955,0.0,0.0,0.0,-0.05643588870583738,1.3893351024071694
2022-01-08 00:00:00+00:00,0.0,0.9752764593098135,-0.025161331303965806,0.0,0.0,0.0,0.0,0.970237911025653,-0.030281953840955,0.0,0.0,0.0,-0.03664474762484837,1.3384232682131159
2022-01-09 00:00:00+00:00,0.0,0.9752764593098135,-0.025161331303965806,0.0,0.0,0.0,0.0,0.970237911025653,-0.030281953840955,0.0,0.0,0.0,0.04909511184637716,1.4041333082638325
2022-01-10 00:00:00+00:00,0.0,0.9752764593098135,-0.025161331303965806,0.0,0.0,0.0,0.0,0.970237911025653,-0.030281953840955,0.0,0.0,0.0,-0.041660207918544634,1.3456368226962074
2022-01-11 00:00:00+00:00,0.0,0.9752764593098135,-0.025161331303965806,0.0,0.0,0.0,0.0,0.970237911025653,-0.030281953840955,0.0,0.0,0.0,0.052679425828282334,1.4165241978892378
2022-01-12 00:00:00+00:00,0.0,0.9752764593098135,-0.025161331303965806,0.0,0.0,0.0,0.0,0.970237911025653,-0.030281953840955,0.0,0.0,0.0,0.03057054682846161,1.4598281172144598
2022-01-13 00:00:00+00:00,0.0,0.9752764593098135,-0.025161331303965806,0.0,0.0,0.0,0.0,0.970237911025653,-0.030281953840955,0.0,0.0,0.0,-0.028880982264246402,1.4176668472523408
2022-01-14 00:00:00+00:00,0.0,0.9752764593098135,-0.025161331303965806,0.0,0.0,0.0,0.0,0.970237911025653,-0.030281953840955,0.0,0.0,0.0,0.011762252716658317,1.434341802977751
2022-01-15 00:00:00+00:00,0.0,0.9752764593098135,-0.025161331303965806,0.0,0.0,0.0,0.0,0.970237911025653,-0.030281953840955,0.0,0.0,0.0,0.012491082083250227,1.4522582841741833
2022-01-16 00:00:00+00:00,0.0,0.9752764593098135,-0.025161331303965806,0.0,0.0,0.0,0.0,0.970237911025653,-0.030281953840955,0.0,0.0,0.0,-0.013930247290782849,1.432027967145549
2022-01-17 00:00:00+00:00,0.0,0.9752764593098135,-0.025161331303965806,0.0,0.0,0.0,0.0,0.970237911025653,-0.030281953840955,0.0,0.0,0.0,-0.022237357019464277,1.4001834499782757
2022-01-18 00:00:00+00:00,0.0,0.9752764593098135,-0.025161331303965806,0.0,0.0,0.0,0.0,0.970237911025653,-0.030281953840955,0.0,0.0,0.0,-0.021197910423944477,1.3705024866285467
2022-01-19 00:00:00+00:00,0.0,0.9752764593098135,-0.025161331303965806,0.0,0.0,0.0,0.0,0.970237911025653,-0.030281953840955,0.0,0.0,0.0,0.0014572320527725946,1.3724996267804663
2022-01-20 00:00:00+00:00,0.0,0.9752764593098135,-0.025161331303965806,0.0,0.0,0.0,0.0,0.970237911025653,-0.030281953840955,0.0,0.0,0.0,0.028278098641162597,1.4113113066115233
2022-01-21 00:00:00+00:00,0.0,0.9752764593098135,-0.025161331303965806,0.0,0.0,0.0,0.0,0.970237911025653,-0.030281953840955,0.0,0.0,0.0,-0.1305138466165543,1.227115639212218
2022-01-22 00:00:00+00:00,0.0,0.9752764593098135,-0.025161331303965806,0.0,0.0,0.0,0.0,0.970237911025653,-0.030281953840955,0.0,0.0,0.0,-0.12324384862651205,1.0758811851259218
2022-01-23 00:00:00+00:00,0.0,0.9752764593098135,-0.025161331303965806,0.0,0.0,0.0,0.0,0.970237911025653,-0.030281953840955,0.0,0.0,0.0,0.0142906121018882,1.091256185810276
2022-01-24 00:00:00+00:00,0.0,0.9752764593098135,-0.025161331303965806,0.0,0.0,0.0,0.0,0.970237911025653,-0.030281953840955,0.0,0.0,0.0,0.018720176807712097,1.111684694551154
2022-01-25 00:00:00+00:00,0.0,0.9752764593098135,-0.025161331303965806,0.0,0.0,0.0,0.0,0.970237911025653,-0.030281953840955,0.0,0.0,0.0,0.029137996316290105,1.1440769590858617
2022-01-26 00:00:00+00:00,0.0,0.9752764593098135,-0.025161331303965806,0.0,0.0,0.0,0.0,0.970237911025653,-0.030281953840955,0.0,0.0,0.0,0.020354929128749255,1.1673645645058894
2022-01-27 00:00:00+00:00,0.0,0.9752764593098135,-0.025161331303965806,0.0,0.0,0.0,0.0,0.970237911025653,-0.030281953840955,0.0,0.0,0.0,-0.043058586961499,1.11709949588934
2022-01-28 00:00:00+00:00,0.0,0.9752764593098135,-0.025161331303965806,0.0,0.0,0.0,0.0,0.970237911025653,-0.030281953840955,0.0,0.0,0.0,0.026165188033494102,1.1463286142514062
2022-01-29 00:00:00+00:00,0.0,0.9752764593098135,-0.025161331303965806,0.0,0.0,0.0,0.0,0.970237911025653,-0.030281953840955,0.0,0.0,0.0,0.03400071412083272,1.1853046057530985
2022-01-30 00:00:00+00:00,0.0,0.9752764593098135,-0.025161331303965806,0.0,0.0,0.0,0.0,0.970237911025653,-0.030281953840955,0.0,0.0,0.0,-0.01022114251308659,1.1731894384562782
2022-01-31 00:00:00+00:00,0.0,0.9752764593098135,-0.025161331303965806,0.0,0.0,0.0,0.0,0.970237911025653,-0.030281953840955,0.0,0.0,0.0,0.034517785290832714,1.2136853395983846
2022-02-01 00:00:00+00:00,0.0,0.9752764593098135,-0.025161331303965806,0.0,0.0,0.0,0.0,0.970237911025653,-0.030281953840955,0.0,0.0,0.0,0.016343134797731418,1.2335207627054714
2022-02-02 00:00:00+00:00,0.0,0.9752764593098135,-0.025161331303965806,0.0,0.0,0.0,0.0,0.970237911025653,-0.030281953840955,0.0,0.0,0.0,-0.021412919158135035,1.207107482333778
2022-02-03 00:00:00+00:00,0.0,0.9752764593098135,-0.025161331303965806,0.0,0.0,0.0,0.0,0.970237911025653,-0.030281953840955,0.0,0.0,0.0,-0.03315576867942849,1.167084905878312
2022-02-04 00:00:00+00:00,0.0,0.9752764593098135,-0.025161331303965806,0.0,0.0,0.0,0.0,0.970237911025653,-0.030281953840955,0.0,0.0,0.0,0.12848401829399658,1.3170366642758282
2022-02-05 00:00:00+00:00,0.0,0.9752764593098135,-0.025161331303965806,0.0,0.0,0.0,0.0,0.970237911025653,-0.030281953840955,0.0,0.0,0.0,0.019610593499651996,1.3428645349230792
2022-02-06 00:00:00+00:00,0.0,0.9752764593098135,-0.025161331303965806,0.0,0.0,0.0,0.0,0.970237911025653,-0.030281953840955,0.0,0.0,0.0,-0.00293942226296362,1.3389172890129821
2022-02-07 00:00:00+00:00,0.0,0.9752764593098135,-0.025161331303965806,0.0,0.0,0.0,0.0,0.970237911025653,-0.030281953840955,0.0,0.0,0.0,0.06007545929039537,1.419353360102288
2022-02-08 00:00:00+00:00,0.0,0.9752764593098135,-0.025161331303965806,0.0,0.0,0.0,0.0,0.970237911025653,-0.030281953840955,0.0,0.0,0.0,-0.034185390001623794,1.3708322119370762
2022-02-09 00:00:00+00:00,0.0,0.9752764593098135,-0.025161331303965806,0.0,0.0,0.0,0.0,0.970237911025653,-0.030281953840955,0.0,0.0,0.0,0.05143921472821211,1.4413467444432575
2022-02-10 00:00:00+00:00,0.0,0.9752764593098135,-0.025161331303965806,0.0,0.0,0.0,0.0,0.970237911025653,-0.030281953840955,0.0,0.0,0.0,-0.02225057683286924,1.4092759479632169
2022-02-11 00:00:00+00:00,0.0021512290012783986,0.9773745023133449,-0.023064230088299276,-0.061052644171841856,-0.047779199945666866,0.09079728100852584,0.0025809574139792346,0.9727420537554384,-0.027779152860251344,-0.07326317300621023,-0.057335039934800235,0.10895673721023098,-0.036764333222127465,1.3574648574103676
2022-02-12 00:00:00+00:00,0.0008931859212606419,0.9782474794586102,-0.022191644812638356,-0.06231638237022816,-0.047139298866603806,0.1082166519106349,0.0010708702191200015,0.9737837342516907,-0.026738030508641764,-0.07477965884427379,-0.056567158639924564,0.12985998229276188,-0.00946023686231623,1.344622918326995
2022-02-13 00:00:00+00:00,0.0025331364780940557,0.9807255138334304,-0.019714722799528017,-0.06195539314886902,-0.047487069739850146,0.10916013153249066,0.003039886015869797,0.9767439258079239,-0.023779425057807058,-0.07434647177864281,-0.056984483687820164,0.13099215783898877,-0.02448901244457602,1.3116944309468233
2022-02-14 00:00:00+00:00,-0.0004534894958351243,0.9802807651146095,-0.020159271875660245,-0.06140267466828723,-0.04703869777955403,0.10879987417894067,-0.0005450250474798857,0.9762115759033847,-0.02431148972301589,-0.07368320960194466,-0.05644643733546483,0.1305598490147288,0.004287919770379567,1.3173188714299768
2022-02-15 00:00:00+00:00,-0.006684064072150275,0.973728505671887,-0.026708590082945682,0.0,0.0,0.08015742038912575,-0.008017128705353205,0.9683851620557116,-0.032133710086240774,0.0,0.0,0.0961889044669509,0.0636764634655167,1.4012010784190234
2022-02-16 00:00:00+00:00,-0.0015752316056624194,0.9721946577544182,-0.028241749473366773,0.0,-0.04561074726351399,0.0076017912105856645,-0.0018902779267948588,0.966554644959242,-0.03396324637015358,0.0,-0.054732896716216776,0.009122149452702797,0.01278589560045118,1.4191166891229288
2022-02-17 00:00:00+00:00,0.009452853482717627,0.9813846714108515,-0.019055861110516492,-0.13249814156631332,-0.06520187897973506,0.08914105092084301,0.011350576621470765,0.9775255975156903,-0.022998172178921195,-0.15899776987957595,-0.07824225477568207,0.10696926110501159,-0.0773288503970222,1.3093780269738244
2022-02-18 00:00:00+00:00,0.005467655786444148,0.9867505449882187,-0.013692396213338842,-0.10823896415516138,-0.08221732601080457,0.19370349099380482,0.00656189871090751,0.9839400214739077,-0.01658718514438773,-0.12988675698619362,-0.09866079121296546,0.23244418919256574,-0.028653330155836487,1.2718599860681457
2022-02-19 00:00:00+00:00,0.002613552575281286,0.9893294694162329,-0.011114629435442724,-0.11364303268775816,-0.08532518711511157,0.1940264631156895,0.0031345673902412052,0.9870242477791731,-0.013504611403795996,-0.13637163922530973,-0.10239022453813389,0.2328317557388274,-0.014465709473333255,1.2534616290189262
2022-02-20 00:00:00+00:00,0.00789046977636021,0.9971357436935242,-0.00331185930671829,-0.11884096171446777,-0.08775840616810303,0.2065644625839812,0.009471766122405745,0.9963731106112809,-0.004160757802180948,-0.1426091540573613,-0.1053100874017236,0.24787735510077738,-0.036914839314768244,1.207190294396465
2022-02-21 00:00:00+00:00,0.0003354732711136066,0.9974702560832054,-0.002977497075879687,-0.13788461222739676,-0.06107867813773491,0.20504896403220543,0.0003819750242501918,0.9967537002543688,-0.003780372083493133,-0.16546153467287605,-0.07329441376528188,0.2460587568386465,-0.004267742771720484,1.2020383167434634
2022-02-22 00:00:00+00:00,0.0008165814621572398,0.9982847718033762,-0.0021633469826383145,-0.02616033878302458,-0.019373706662763782,0.16878049172706833,0.0009726988322382724,0.9977232414146354,-0.0028113504147658785,-0.03139240653962949,-0.023248447995316533,0.202536590072482,-0.0010768933237075284,1.2007438497053218
2022-02-23 00:00:00+00:00,-0.0008700207501444179,0.997416243337354,-0.003031485576018067,0.0,0.0,0.033942294147449516,-0.0010441315398656004,0.9966814871102174,-0.0038525465349938948,0.0,0.0,0.04073075297693941,-0.008434733255445415,1.1906158956249409
2022-02-24 00:00:00+00:00,0.002582255984675763,0.9999918274009247,-0.000457057663113436,0.0,0.0,0.02016532325390917,0.0030984218364715765,0.9997696267938867,-0.0007660615128323167,0.0,0.0,0.024198387904691004,-0.007373385415843314,1.1818370257442687
2022-02-25 00:00:00+00:00,0.0,0.9999918274009247,-0.000457057663113436,0.0,0.0,0.0,0.0,0.9997696267938867,-0.0007660615128323167,0.0,0.0,0.0,0.030539951811428434,1.2179302715594607
2022-02-26 00:00:00+00:00,0.0,0.9999918274009247,-0.000457057663113436,0.0,0.0,0.0,0.0,0.9997696267938867,-0.0007660615128323167,0.0,0.0,0.0,0.034720434830615376,1.2602173401813745
2022-02-27 00:00:00+00:00,0.0,0.9999918274009247,-0.000457057663113436,0.0,0.0,0.0,0.0,0.9997696267938867,-0.0007660615128323167,0.0,0.0,0.0,-0.06072048423384813,1.1836963330456693
2022-02-28 00:00:00+00:00,0.0,0.9999918274009247,-0.000457057663113436,0.0,0.0,0.0,0.0,0.9997696267938867,-0.0007660615128323167,0.0,0.0,0.0,0.08969384214538789,1.289866605089942
2022-03-01 00:00:00+00:00,0.0,0.9999918274009247,-0.000457057663113436,0.0,0.0,0.0,0.0,0.9997696267938867,-0.0007660615128323167,0.0,0.0,0.0,0.05483890598206931,1.3606014785758804
2022-03-02 00:00:00+00:00,0.0,0.9999918274009247,-0.000457057663113436,0.0,0.0,0.0,0.0,0.9997696267938867,-0.0007660615128323167,0.0,0.0,0.0,-0.0040736841272907,1.3550588179290377
2022-03-03 00:00:00+00:00,0.0,0.9999918274009247,-0.000457057663113436,0.0,0.0,0.0,0.0,0.9997696267938867,-0.0007660615128323167,0.0,0.0,0.0,-0.03675964739818882,1.3052473335781598
2022-03-04 00:00:00+00:00,0.00546592056999784,1.0054577033001453,0.0,-0.11159243955738823,-0.018946226361931728,0.047171680476506085,0.006560970909126329,1.0063290862311094,0.0,-0.13391092746886588,-0.022735471634318074,0.0566060165718073,-0.06607108511139093,1.219008225909901
2022-03-05 00:00:00+00:00,-0.0006371332651929906,1.0048170927506281,-0.0006371332651931016,-0.08953673614646133,-0.07093601058681957,0.1532190149365438,-0.0007649026966319861,1.005559342399352,-0.000764902696631875,-0.10744408337575356,-0.08512321270418348,0.18386281792385253,0.0067088808769808495,1.2271864068855904
2022-03-06 00:00:00+00:00,0.0033527319858517313,1.0081859751574238,0.0,-0.09012505486255773,-0.072429590545916,0.16154005171960148,0.00402309919734245,1.0096048073826391,0.0,-0.10815006583506927,-0.08691550865509919,0.19384806206352176,-0.02090174930054267,1.201536064263834
2022-03-07 00:00:00+00:00,0.006927075261219828,1.0151697552846455,0.0,-0.09056943204990275,-0.07202626372057461,0.1633648268903537,0.008306507928720341,1.0179910977200373,0.0,-0.10868331845988327,-0.0864315164646895,0.19603779226842444,-0.04526302142917937,1.1471509116391283
2022-03-08 00:00:00+00:00,-0.006667049049551066,1.008401568732542,-0.006667049049551066,-0.08899860900166373,-0.07046296203871365,0.15757721644323344,-0.007997996247882222,1.009849208740095,-0.007997996247882111,-0.10679833080199647,-0.08455555444645639,0.18909265973188008,0.04363405248139807,1.1972057547216737
2022-03-09 00:00:00+00:00,-0.011676905384818692,0.9966265590245494,-0.018266103933422095,0.0,0.0,0.09133294865987616,-0.014007196027717272,0.9957040529148373,-0.021893162774326402,0.0,0.0,0.1095995383918514,0.07090347667866093,1.2820918050311405
2022-03-10 00:00:00+00:00,-0.001515322878880676,0.9951163479979594,-0.01975374776710448,-0.16912158850432168,-0.034909951038969364,0.04533442260630426,-0.0018183509598480585,0.9938935134944951,-0.02367170428062959,-0.20294590620518596,-0.04189194124676323,0.0544013071275651,-0.05319034202145645,1.2138969034186278
2022-03-11 00:00:00+00:00,0.0027914650765821225,0.9978941805305317,-0.01701742458754585,-0.19641244970166474,-0.05438977555591509,0.23879549725060764,0.003339944590139199,0.9972130627580654,-0.02041082187114185,-0.23569493964199772,-0.06526773066709811,0.28655459670072914,-0.018308305477379716,1.1916725080927941
2022-03-12 00:00:00+00:00,-0.0018102174070999677,0.9960877751144915,-0.0187968367564334,-0.15808734043005937,-0.09302011448240571,0.24991306121463785,-0.002172769681908382,0.9950463484489017,-0.02253924353810577,-0.18970480851607122,-0.11162413737888682,0.29989567345756535,0.007422198976741345,1.2005173385629713
2022-03-13 00:00:00+00:00,0.0015753826437721052,0.9976569945070805,-0.017251066323045294,-0.1590721369993268,-0.09450133470380344,0.25315041760799256,0.0018890461548957127,0.9969260369273821,-0.020692775054550028,-0.19088656439919216,-0.11340160164456409,0.30378050112959104,-0.006545162301032192,1.1926597577368734
2022-03-14 00:00:00+00:00,-0.00021253203412807675,0.9974449604366757,-0.01745993195295681,-0.11143454306387868,-0.05626587052568168,0.22262104906723845,-0.00026399404853050257,0.9966628543868082,-0.020951306333618414,-0.13372145167665442,-0.06751904463081802,0.26714525888068613,-0.0038819225526749435,1.1880299449256468
2022-03-15 00:00:00+00:00,-0.010737735043383156,0.9867346607311489,-0.028010186873153597,-0.06983730538746247,-0.18325251717621674,0.24959932112907587,-0.012886773146470243,0.983819086278812,-0.03356808474824513,-0.08380476646495498,-0.21990302061146014,0.299519185354891,0.03734953451439327,1.23240231035778
2022-03-16 00:00:00+00:00,0.0008258578292545948,0.9875495632761107,-0.02720746147602704,0.0,0.0,0.06646600818164274,0.0009905657746309693,0.9847936237941085,-0.032610770369485675,0.0,0.0,0.07975920981797129,0.027895084736211384,1.2667802772343129
2022-03-17 00:00:00+00:00,0.0,0.9875495632761107,-0.02720746147602704,0.0,0.0,0.0,0.0,0.9847936237941085,-0.032610770369485675,0.0,0.0,0.0,0.015009556658368117,1.2857940875791645
2022-03-18 00:00:00+00:00,0.0,0.9875495632761107,-0.02720746147602704,0.0,0.0,0.0,0.0,0.9847936237941085,-0.032610770369485675,0.0,0.0,0.0,0.042831280340974276,1.340866294605035
2022-03-19 00:00:00+00:00,0.000282781002878707,0.9878288235320063,-0.026932374226390388,0.1540334967304776,0.0,0.025672249455079597,0.00030826349783241724,0.9850971997212223,-0.03231255958179435,0.16791405363905235,0.0,0.027985675606508723,-0.004760663919815,1.3344828808150127
2022-03-20 00:00:00+00:00,-0.0007248314652025245,0.9871128141184763,-0.027637684259321005,0.0,0.0,0.07759568019871144,-0.0007904058273728864,0.9843185731540339,-0.03307742537377645,0.0,0.0,0.08461205160292688,-0.021584356038347186,1.3056789271884222
2022-03-21 00:00:00+00:00,0.0,0.9871128141184763,-0.027637684259321005,0.0,0.0,0.0,0.0,0.9843185731540339,-0.03307742537377645,0.0,0.0,0.0,0.005002484272653929,1.312210565486818
2022-03-22 00:00:00+00:00,-0.001836996444271266,0.9852994913888461,-0.02942391037587999,0.1334014483531373,0.07334656637413298,0.12772640082885514,-0.00221853981807274,0.9821348232058231,-0.03522258160657821,0.14287668459796735,0.10414415955649546,0.15264838946861858,0.02689140820428504,1.3474977554532996
2022-03-23 00:00:00+00:00,-0.0015312794921411577,0.9837907224840653,-0.03091013363748385,0.0,0.03828492727773435,0.1274565341298779,-0.0019827176965137028,0.9801875271114906,-0.03713546286722358,0.0,0.045941912733281215,0.15269904187642735,-0.006064936224281503,1.339325267504113
2022-03-24 00:00:00+00:00,0.007019977564145741,0.9906969112837182,-0.02410714451797802,0.15694306829704277,0.13166028659242765,0.18156929498307053,0.008424644637703649,0.9884452587057144,-0.029023671307632948,0.1883316819564513,0.1579923439109132,0.2178831539796847,0.04430027364455813,1.3986577433536163
2022-03-25 00:00:00+00:00,0.002065684992273109,0.9927433790252482,-0.022091257292342292,0.16458849185457833,0.13533439608075234,0.2957295560358863,0.0024749368068130995,0.9908915982580051,-0.026620566253207967,0.1975061902254939,0.16240127529690276,0.35487546724306346,0.006414705798723608,1.4076297212903364
2022-03-26 00:00:00+00:00,0.0003376400760732867,0.9930785689752636,-0.021761076110061728,0.17420677749533994,0.14285537297170015,0.3093036054553862,0.0004044746420541756,0.991292388782525,-0.026226858955160304,0.20904813299440797,0.1714264475660402,0.3711643265464635,0.001508952261521923,1.409753767341663
2022-03-27 00:00:00+00:00,0.004443684183123686,0.997491496504818,-0.017414091276656052,0.1766244464906144,0.14557693330351124,0.3212700697041794,0.0053335797483931024,0.9965795257920718,-0.021033162250554405,0.2119493357887373,0.1746923199642135,0.38552408364501517,0.014391715422297446,1.4300425423767558
2022-03-28 00:00:00+00:00,0.02191653553023931,1.0193530543290774,0.0,0.1703284438703316,0.14454599929592254,0.3157275703929933,0.02633423780763633,1.0228236880185015,0.0,0.20439413264439787,0.17345519915510707,0.37887308447159196,0.07009461249990157,1.5302808202430285
2022-03-29 00:00:00+00:00,0.00017979953364899437,1.0195363335328695,0.0,0.20660712911443557,0.1160762805537089,0.31818402620177394,0.00020699833701876003,1.0230354108209847,0.0,0.2479285549373226,0.13929153666445065,0.38182083144212875,0.001176272829884084,1.5320808479939731
2022-03-30 00:00:00+00:00,-0.0032207149983931593,1.0162526975720534,-0.0032207149983932704,0.1089912891565898,0.09392868886282808,0.25385525714811685,-0.0038644264586829014,1.0190819657112387,-0.0038644264586827903,0.1307895469879078,0.1127144266353937,0.30462630857774026,-0.009233763972457343,1.5179339750568746
2022-03-31 00:00:00+00:00,-0.0019363835974618437,1.0142848425175985,-0.00515086205616011,0.0,0.033341835132510766,0.12662428463657338,-0.0023236743117678316,1.0167139511259295,-0.006179121101958951,0.0,0.040010202159012916,0.15194914156388803,-0.03360295168749605,1.4669269130282296
2022-04-01 00:00:00+00:00,-0.0001825251754687951,1.0140997099987428,-0.005332447069628099,0.0,0.0,0.033523583813737164,-0.00022763512094259308,1.016482511322701,-0.006405349637922164,0.0,0.0,0.03771857059620908,0.03628282643588543,1.5201511676077621
2022-04-02 00:00:00+00:00,0.0003643550270724383,1.0144692023260335,-0.004970034946452095,0.0,0.07537884509214425,0.06279212939723122,0.0003643550270724383,1.0168528718356327,-0.0060433284321903535,0.0,0.07537884509214425,0.06279212939723122,-0.0013652397766219515,1.5180757967672658
2022-04-03 00:00:00+00:00,0.00037329833563393144,1.0148479019908137,-0.004598591916591843,0.0,0.07548296317770035,0.07540378550885019,0.00037329833563393144,1.0172324613202735,-0.005672286061001897,0.0,0.07548296317770035,0.07540378550885019,0.005686202079648872,1.5267078825199085
2022-04-04 00:00:00+00:00,-0.0010024279426031901,1.0138305900963658,-0.0055964101021612755,0.0,0.0,0.05792064315383288,-0.0008955166354448485,1.0163215127290466,-0.00656272306991823,0.0,0.0,0.05692326384324858,-0.005100576722377181,1.5189207918324577
2022-04-05 00:00:00+00:00,-0.0012979139136614082,1.012514725267384,-0.006887060357284591,0.0,0.0,0.032486980328253104,-0.001400268692096307,1.014898389533668,-0.007953802186364878,0.0,0.0,0.03392454826732234,-0.0031204040884277306,1.5141811451836258
2022-04-06 00:00:00+00:00,0.0,1.012514725267384,-0.006887060357284591,0.0,0.0,0.0,0.0,1.014898389533668,-0.007953802186364878,0.0,0.0,0.0,-0.05854915189912402,1.4255271233114801
2022-04-07 00:00:00+00:00,0.0,1.012514725267384,-0.006887060357284591,0.0,0.0,0.0,0.0,1.014898389533668,-0.007953802186364878,0.0,0.0,0.0,-0.00484545696767491,1.418619792979221
2022-04-08 00:00:00+00:00,0.00599339557646239,1.0185831265429046,-0.0009349416579024217,-0.3171432886743236,0.0,0.05285721477905394,0.007192074691754868,1.0221976145557359,-0.000818931834017822,-0.3805719464091883,0.0,0.06342865773486471,-0.0028138752350468366,1.4146279738758096
2022-04-09 00:00:00+00:00,0.001985669469070972,1.0206056959589918,0.0,-0.32299578883710006,0.0,0.31824067390606126,0.0023801984751408156,1.024630647759194,0.0,-0.3875949466045201,0.0,0.38188880868727343,-0.004514544911162877,1.40824157235516
2022-04-10 00:00:00+00:00,-0.006171387822302421,1.0143071423955778,-0.006171387822302532,-0.36574334326756497,0.0,0.3313783624201879,-0.0074041906357926734,1.017044087111909,-0.0074041906357927845,-0.43889201192107796,0.0,0.39765403490422546,0.017766623798789016,1.4332612705890093
2022-04-11 00:00:00+00:00,0.029212827973922995,1.0439379224591012,0.0,-0.28066849142542477,-0.0882809656899915,0.3774968944072667,0.035124445597682685,1.0527671968201162,0.0,-0.33680218971050985,-0.1059371588279898,0.45299627328872005,-0.08132825003888611,1.3166966396034947
2022-04-12 00:00:00+00:00,0.005156681368552629,1.0493211776937716,0.0,-0.22878368363163756,-0.1430911873111426,0.37189626987597973,0.006179044182045734,1.0592722918426762,0.0,-0.27454042035796505,-0.17170942477337103,0.4462755238511757,-0.013967089217960527,1.2983062201651638
2022-04-13 00:00:00+00:00,-0.012996643684398346,1.0356835242367926,-0.012996643684398235,-0.19571534966254542,0.0,0.247156474712237,-0.01559146837804859,1.0427566814006681,-0.01559146837804859,-0.23485841959505446,0.0,0.2965877696546844,0.0394862753571632,1.3495714970725232
2022-04-14 00:00:00+00:00,0.004841662281212411,1.040697954091363,-0.00821790676269496,-0.1609448993825493,0.0,0.17936150724067132,0.005810335551832857,1.0488154476185216,-0.00987172448923801,-0.19313387925905912,0.0,0.2152338086888055,-0.02970726250737854,1.3094794223365138
2022-04-15 00:00:00+00:00,-0.0029530822429304493,1.0376246874428818,-0.011146720851090364,-0.21920386049085985,0.0,0.20863984269800892,-0.0035431532045033798,1.0450993338043595,-0.013379900661483313,-0.2630446325890319,0.0,0.25036781123761065,0.012064430138668758,1.325277545345317
2022-04-16 00:00:00+00:00,0.001003087358542043,1.0386655156497668,-0.010154814627323261,-0.189363627155633,-0.18523304172033297,0.2934167366223221,0.001202325983939767,1.0463558838891907,-0.012193661679771317,-0.22723635258675964,-0.22227965006439962,0.3521000839467865,-0.001968091871878741,1.3226692773803395
2022-04-17 00:00:00+00:00,-0.003960898646235722,1.034551466814938,-0.014075491082048752,-0.19007245436062456,0.0,0.34374412222880263,-0.004753406836570662,1.0413821286772258,-0.01688910708155056,-0.22808694523274944,0.0,0.41249294667456304,0.007697030936623994,1.332849903727258
2022-04-18 00:00:00+00:00,0.0005848236094636583,1.0351564969379368,-0.013498899152084576,-0.15291331140776718,-0.21048682213296324,0.3721995574250199,0.0006629403211604323,1.0420725028800617,-0.016237363230462987,-0.18349597368932058,-0.2525841865595558,0.44663946891002376,-0.0032435138978245126,1.3285267865408046
2022-04-19 00:00:00+00:00,-0.002852096018213013,1.0322041312147927,-0.01631249501377574,0.05556056458020368,0.0,0.1338283998480139,-0.0034224560830142803,1.0385060555036378,-0.019604247650917173,0.06667267749624443,0.0,0.16059407981761664,0.02338755055348396,1.3595977739226852
2022-04-20 00:00:00+00:00,-0.0004123661003389012,1.0317784852224499,-0.016718134394159145,0.11285714923385097,0.0,0.06391118462086386,-0.00044701766870536286,1.0380418249477703,-0.02004250187454082,0.11790165240545623,0.0,0.06796976557725376,-0.006648253652830616,1.3505588230558234
2022-04-21 00:00:00+00:00,0.0011654268234648768,1.032980947545002,-0.01557219133295551,0.0,0.0,0.03771346233451068,0.001218193303007542,1.0393063605471633,-0.01884872421309236,0.0,0.0,0.03941572396124735,-0.008259652780357118,1.3394036761179346
2022-04-22 00:00:00+00:00,0.0009423519673354974,1.0339543791731411,-0.014644513850758378,-0.08851101170806154,-0.25100573696330525,0.08787063999458626,0.0011306473641830017,1.0404814495442947,-0.017739388109259013,-0.10621321404967383,-0.30120688435596615,0.10544476799350348,-0.0323293447791112,1.296101632874309
2022-04-23 00:00:00+00:00,-0.0012834472117756457,1.032627353308088,-0.015909165602064457,-0.18832775780646693,-0.16950480121099243,0.3551901916691082,-0.0015409834229991315,1.0388780848786088,-0.019253035429247722,-0.22599330936776027,-0.20340576145319086,0.4262282300029298,0.002607577352516044,1.299481318138751
2022-04-24 00:00:00+00:00,-0.0004131937803136809,1.0322006781083195,-0.016315785814101313,-0.18986132159596938,-0.170706325976877,0.35952543052900476,-0.000498042244272523,1.0383606797056903,-0.019741488848545985,-0.22783358591516326,-0.2048475911722524,0.43143051663480564,0.00100827056244146,1.300791546898273
2022-04-25 00:00:00+00:00,-0.006466940147077382,1.0255254981032202,-0.022677212750866427,-0.18966314617045746,-0.16863025830931974,0.36041302792956675,-0.00779836879331075,1.0302631601848726,-0.027385906231286672,-0.22759577540454903,-0.2023563099711837,0.4324956335154801,0.01690070043225278,1.3227758351572074
2022-04-26 00:00:00+00:00,0.009636976526922192,1.035408463256201,-0.013258775990920513,0.0,-0.18281518362362859,0.240923746576142,0.011566172165495159,1.042179361271338,-0.01613648417217073,0.0,-0.2193782203483543,0.28910849589137033,-0.05402997407025145,1.2513062910829083
2022-04-27 00:00:00+00:00,-0.00215775000226448,1.0331743106422653,-0.015387916869260554,-0.12400109498358691,-0.15864889322925832,0.24538282798078517,-0.002013606038952842,1.04008082261581,-0.01811759768914689,-0.1488013139803043,-0.19037867187510996,0.2734786638221988,0.008452952782141532,1.2618835240774287
2022-04-28 00:00:00+00:00,-0.006374855421991343,1.0265879737862054,-0.02166467654596471,0.0,-0.08183081320373094,0.17468406245851634,-0.007646726154033945,1.0321276093872045,-0.025625783535083047,0.0,-0.09819697584447712,0.2096208749502196,0.03152563941522413,1.301665209041506
2022-04-29 00:00:00+00:00,0.0011321329711686534,1.0277502078791338,-0.02055707086942349,0.0,-0.052276849170443875,0.01258717350099943,0.001301122376931474,1.033470533715627,-0.024358003438535558,0.0,-0.06273221900453264,0.012534469334926976,-0.046782371398273126,1.2407702237959155
2022-04-30 00:00:00+00:00,-0.00014862767393231113,1.0275974557563534,-0.020702643193729497,-0.030834133387421872,-0.2953691427461825,0.289390651332802,-0.00017922314967588893,1.033285311871477,-0.02453286107011543,-0.037000960064906246,-0.3544429712954189,0.3472687815993624,0.0030986089809310613,1.2446148855546413
2022-05-01 00:00:00+00:00,0.005103051553368987,1.0328413385491888,-0.015705238295869228,-0.1908980586172425,-0.16308331894862027,0.3476608546035693,0.006106983002341693,1.0395955677076456,-0.01857569983332763,-0.2290776703406909,-0.19569998273834424,0.4171930255242831,-0.014700037671370736,1.2263189998506392
2022-05-02 00:00:00+00:00,-0.00981137373753116,1.0227077461651108,-0.025362522070842553,-0.08964637112844015,-0.13536061312099482,0.29204938806725017,-0.011770482006117855,1.027359026784303,-0.030127536898806317,-0.10757564535412818,-0.1624327357451938,0.35045926568070024,0.024787659928620753,1.2567165781829432
2022-05-03 00:00:00+00:00,0.0006103587574335378,1.0233319647942778,-0.02476764355086558,-0.030914013382919252,0.0,0.03073827783237495,0.000732439078077185,1.0281115046827352,-0.029417164406079888,-0.037096816059503095,0.0,0.036885933398849935,-0.024240857593194276,1.2262526905762041
2022-05-04 00:00:00+00:00,-0.019752411351487864,1.0031186908765348,-0.044030834218729886,-0.3118985228244686,0.0,0.34397111137456865,-0.022917713253313043,1.004549540025984,-0.05166070352080887,-0.3377428359451024,0.0,0.40059084319695937,0.06197982323800666,1.3022556155832474
2022-05-05 00:00:00+00:00,0.028324450421134628,1.0315314765027808,-0.016953532978424724,-0.2685285379306791,0.0,0.3053540686109563,0.03060097982364729,1.0352897402321735,-0.022640591843277158,-0.2864346205218293,-0.001412681273101411,0.32994225071291394,-0.0830481042717518,1.1941057554318155
2022-05-06 00:00:00+00:00,0.0027929612586441444,1.034412503953725,-0.014207922280586427,-0.2977553983159585,0.0,0.2976429164199959,0.003013425195612429,1.0384095084201481,-0.019695392377568788,-0.3216158088949444,0.0,0.3214515346151815,-0.013152200398150238,1.1784006372397917
2022-05-07 00:00:00+00:00,0.0005691961325504646,1.0350012875504373,-0.013646813242449762,-0.3014135436610645,0.0,0.3000381703199128,0.0006146948303096256,1.0390478133767183,-0.01909280420313475,-0.3256773277053755,0.0,0.3242430454016551,-0.00131588416194528,1.1768499985048217
2022-05-08 00:00:00+00:00,0.010583996252773176,1.0459557372994865,-0.00320725480989692,-0.3037420978445153,0.0,0.3028879467287718,0.011435192651669812,1.0509295252969773,-0.007875941445788404,-0.3283000204496646,0.0,0.3273433927407107,-0.03999020286585431,1.1297875283219336
2022-05-09 00:00:00+00:00,0.014753741508981122,1.061387497877439,0.0,-0.03209047802726498,-0.08117602083815827,0.15765647666507446,0.01774365681482304,1.0695768581304117,0.0,-0.03850857363271798,-0.09741122500578991,0.18918777199808934,-0.10434915576699644,1.0118951535454583
2022-05-10 00:00:00+00:00,-0.0009505282995819764,1.060378619023884,-0.0009505282995818654,0.0,-0.031650315435225465,0.031156750744515408,-0.001140834419182668,1.0683566480366953,-0.001140834419182668,0.0,-0.037980378522270555,0.037388100893418486,0.01774291769115033,1.0298491259668894
2022-05-11 00:00:00+00:00,-0.0016162225419719123,1.0586648111967925,-0.002565214576289332,0.0,0.0,0.025730673345490767,-0.0019397654057169422,1.066284286769866,-0.0030783868737594977,0.0,0.0,0.03087680801458892,-0.07497507120802283,0.9526361144140018
2022-05-12 00:00:00+00:00,0.0,1.0586648111967925,-0.002565214576289332,0.0,0.0,0.0,0.0,1.066284286769866,-0.0030783868737594977,0.0,0.0,0.0,-0.06241937040968082,0.8931731679227551
2022-05-13 00:00:00+00:00,0.0,1.0586648111967925,-0.002565214576289332,0.0,0.0,0.0,0.0,1.066284286769866,-0.0030783868737594977,0.0,0.0,0.0,0.05796596488716044,0.9449468124127194
2022-05-14 00:00:00+00:00,0.0,1.0586648111967925,-0.002565214576289332,0.0,0.0,0.0,0.0,1.066284286769866,-0.0030783868737594977,0.0,0.0,0.0,-0.03134574769025289,0.9153267480501216
2022-05-15 00:00:00+00:00,0.0,1.0586648111967925,-0.002565214576289332,0.0,0.0,0.0,0.0,1.066284286769866,-0.0030783868737594977,0.0,0.0,0.0,0.048329110864062,0.9595636759334772
2022-05-16 00:00:00+00:00,0.0,1.0586648111967925,-0.002565214576289332,0.0,0.0,0.0,0.0,1.066284286769866,-0.0030783868737594977,0.0,0.0,0.0,-0.038366480806169445,0.9227485945784781
2022-05-17 00:00:00+00:00,0.0,1.0586648111967925,-0.002565214576289332,0.0,0.0,0.0,0.0,1.066284286769866,-0.0030783868737594977,0.0,0.0,0.0,0.01727460237074885,0.9386887096379887
2022-05-18 00:00:00+00:00,0.0,1.0586648111967925,-0.002565214576289332,0.0,0.0,0.0,0.0,1.066284286769866,-0.0030783868737594977,0.0,0.0,0.0,-0.029739223568534645,0.9107728362408052
2022-05-19 00:00:00+00:00,0.0,1.0586648111967925,-0.002565214576289332,0.0,0.0,0.0,0.0,1.066284286769866,-0.0030783868737594977,0.0,0.0,0.0,0.016442577869670627,0.9257482895222754
2022-05-20 00:00:00+00:00,0.0,1.0586648111967925,-0.002565214576289332,0.0,0.0,0.0,0.0,1.066284286769866,-0.0030783868737594977,0.0,0.0,0.0,-0.01898177823107572,0.9081759407927659
2022-05-21 00:00:00+00:00,0.0,1.0586648111967925,-0.002565214576289332,0.0,0.0,0.0,0.0,1.066284286769866,-0.0030783868737594977,0.0,0.0,0.0,0.006444776435700517,0.9140289316954572
2022-05-22 00:00:00+00:00,0.0,1.0586648111967925,-0.002565214576289332,0.0,0.0,0.0,0.0,1.066284286769866,-0.0030783868737594977,0.0,0.0,0.0,0.016352861409913988,0.9289759201401248
2022-05-23 00:00:00+00:00,0.0,1.0586648111967925,-0.002565214576289332,0.0,0.0,0.0,0.0,1.066284286769866,-0.0030783868737594977,0.0,0.0,0.0,-0.020255631418176545,0.910158926305405
2022-05-24 00:00:00+00:00,0.0005998330486320924,1.0592998333379722,-0.001966920228136937,0.0,-0.13594993872769034,0.08563598415108971,0.0006191301611342404,1.0669444555321488,-0.0024611626347864624,0.0,-0.1485165013476887,0.09053322269924302,-0.0020001798946320815,0.908338444720089
2022-05-25 00:00:00+00:00,0.0006664942114975592,1.0600058505451322,-0.0013017369575859528,0.0,-0.11515122267789174,0.12826139770357384,0.0009389607862706484,1.0679462745370223,-0.001524512783718568,0.0,-0.13818146721347008,0.14666278615399056,0.0005515270130944661,0.9088394179093843
2022-05-26 00:00:00+00:00,0.013860648920549279,1.0746982194932666,0.0,-0.047115110253749266,-0.20289682765200964,0.19461595779461102,0.016628865067231047,1.0857050090353506,0.0,-0.05653813230449911,-0.2434761931824115,0.23353914935353318,-0.03442340564028268,0.8775540699648111
2022-05-27 00:00:00+00:00,0.003557613145855232,1.0785215800067631,0.0,-0.051104456165778474,-0.16855834363661668,0.16459394463838212,0.004264440570419081,1.0903349335233883,0.0,-0.061325347398934166,-0.20227001236394002,0.19627163682544316,-0.030807343585233182,0.8505189602167854
2022-05-28 00:00:00+00:00,-0.004734736201321366,1.0734150648379988,-0.004734736201321366,0.0,-0.03849457916969095,0.21300374629052352,-0.005682797986765298,1.0841387803582616,-0.005682797986765409,0.0,-0.04619349500362913,0.25560449554862824,0.014267579045583734,0.8626538067114461
2022-05-29 00:00:00+00:00,-1.9247289584800598e-05,1.073394404507401,-0.004753892360067513,0.0,0.0,0.0,-2.309674750178292e-05,1.0841137402785948,-0.0057057634801169765,0.0,0.0,0.0,0.002696355172106646,0.86497982776491
2022-05-30 00:00:00+00:00,0.0,1.073394404507401,-0.004753892360067513,0.0,0.0,0.0,0.0,1.0841137402785948,-0.0057057634801169765,0.0,0.0,0.0,0.060773786883012715,0.9175479274755997
2022-05-31 00:00:00+00:00,0.0,1.073394404507401,-0.004753892360067513,0.0,0.0,0.0,0.0,1.0841137402785948,-0.0057057634801169765,0.0,0.0,0.0,0.02332424954912571,0.9389490443093237
2022-06-01 00:00:00+00:00,0.0,1.073394404507401,-0.004753892360067513,0.0,0.0,0.0,0.0,1.0841137402785948,-0.0057057634801169765,0.0,0.0,0.0,-0.05526778504602248,0.8870554103592677
2022-06-02 00:00:00+00:00,0.0,1.073394404507401,-0.004753892360067513,0.0,0.0,0.0,0.0,1.0841137402785948,-0.0057057634801169765,0.0,0.0,0.0,0.0022153462770433396,0.8890205452601383
2022-06-03 00:00:00+00:00,0.0031616007033203886,1.076788049011632,-0.0016073215661760454,0.0,-0.1781112723525007,0.05343351465602395,0.003794606341086526,1.088227525151915,-0.0019328082653128353,0.0,-0.21373352682300084,0.06412021758722874,-0.03054449994021413,0.8618658572685909
2022-06-04 00:00:00+00:00,-0.002947119636710349,1.0736146258078147,-0.0045497042339361915,-0.036072135580380714,-0.24369456317720395,0.2718126365736558,-0.0035397550526025112,1.0843754662713774,-0.005465721650092514,-0.043286562696456844,-0.2924334758126448,0.3261751638883869,0.006861856615602457,0.8677798572030513
2022-06-05 00:00:00+00:00,-0.007713990057634401,1.0653327732586024,-0.012228597918344852,-0.017978362360630933,-0.254551166456564,0.27792046202388265,-0.009254772827733349,1.0743398176710683,-0.01466991046561461,-0.021574034832757116,-0.3054613997478769,0.3335045544286592,0.022272562956795472,0.8871075387052453
2022-06-06 00:00:00+00:00,-0.00013626476440864455,1.0651876059392376,-0.012363196355739126,0.0,0.0,0.0,-0.00016351771729028464,1.0741641440764886,-0.0148310293926327,0.0,0.0,0.0,0.03371229100520501,0.9170139662029877
2022-06-07 00:00:00+00:00,-0.0031245572048038683,1.0618593663306324,-0.01544912404629517,0.0,-0.05588729532997722,0.042248423693610114,-0.002969141807897646,1.0709747984077664,-0.017756135771106685,0.0,-0.05244295788208344,0.04095023574159334,-0.00858197429568408,0.9091441759162503
2022-06-08 00:00:00+00:00,0.0002948958823529857,1.0621725042854013,-0.015158784047009322,0.0,-0.03772074331251913,0.05561548549060375,0.00041932144287204487,1.0714238811055143,-0.017344259856706068,0.0,-0.04526489197502295,0.05687284360102105,-0.03308776426993587,0.8790626277361483
2022-06-09 00:00:00+00:00,0.0008801479808073776,1.0631073732703173,-0.014291978039372322,0.0,-0.12071837399706083,0.06822486786272317,0.001056025513603176,1.0725553320598455,-0.01630655032402606,0.0,-0.144862048796473,0.0818698414352678,-0.004095972536810377,0.8754620113548046
2022-06-10 00:00:00+00:00,0.014334301135882743,1.0783462744985515,-0.00016254242053326262,-0.10745132669101826,-0.1773337066042375,0.2075551596999561,0.017214070241225565,1.0910183748835247,0.0,-0.12894159202922192,-0.21280044792508498,0.24906619163994734,-0.046176535855319556,0.8350362083975092
2022-06-11 00:00:00+00:00,0.017142514456395475,1.096831841098143,0.0,-0.18560888788358812,-0.02124288826218844,0.272734592310082,0.020581726380586085,1.1134734165515692,0.0,-0.2227306654603057,-0.025491465914626126,0.3272815107720984,-0.04364629057445879,0.7985899754055973
2022-06-12 00:00:00+00:00,0.010531566617207666,1.1083831987005426,0.0,-0.2092508258253303,0.0,0.2228742847267133,0.012637406842471943,1.1275448331248086,0.0,-0.25110099099039634,0.0,0.2674491416720559,-0.04000413482651588,0.7666430743583678
2022-06-13 00:00:00+00:00,0.03629796383094286,1.1486152519577997,0.0,-0.18488407149767352,0.0,0.21792108585439204,0.04043677427750514,1.1731391090296437,0.0,-0.18488407149767352,0.0,0.23676948393716343,-0.15842430244700312,0.6451881800773174
2022-06-14 00:00:00+00:00,-9.244203574887422e-05,1.1485090716256166,-9.244203574887422e-05,0.0,0.0,0.0,-9.244203574887422e-05,1.1730306616621884,-9.244203574887422e-05,0.0,0.0,0.0,-0.037137938591156106,0.6212272210658661
2022-06-15 00:00:00+00:00,0.0,1.1485090716256166,-9.244203574887422e-05,0.0,0.0,0.0,0.0,1.1730306616621884,-9.244203574887422e-05,0.0,0.0,0.0,-0.021600293538253323,0.60780853073689
2022-06-16 00:00:00+00:00,0.0,1.1485090716256166,-9.244203574887422e-05,0.0,0.0,0.0,0.0,1.1730306616621884,-9.244203574887422e-05,0.0,0.0,0.0,-0.048632920430343396,0.5782490268246789
2022-06-17 00:00:00+00:00,-0.0023195619676572576,1.1458450336635644,-0.0024117895783757337,-0.12395573622109979,0.0,0.15821086382555985,-0.0028706077069887703,1.1696633508042868,-0.0029627843779173046,-0.14874688346531972,0.0,0.18231087499551737,-0.018631076580247874,0.5674756249234545
2022-06-18 00:00:00+00:00,0.021713784166928818,1.1707256654132823,0.0,-0.0938355836246324,0.0,0.16870057350912548,0.024851587709683542,1.198731342157602,0.0,-0.0938355836246324,0.0,0.19618460768916401,-0.13687763608517067,0.48980090284797706
2022-06-19 00:00:00+00:00,-0.007889891166529495,1.1614887673273087,-0.007889891166529495,-0.0008553963606382683,0.0,0.05959508780424553,-0.007695965752116174,1.1895059468023688,-0.007695965752116285,0.0,0.0,0.058448292760336994,0.15433939726099677,0.5653964789714259
2022-06-20 00:00:00+00:00,3.7520120408363056e-05,1.1615323465257117,-0.00785266707578769,-0.00342948644502733,0.0,0.002385913575137073,0.0,1.1895059468023688,-0.007695965752116285,0.0,0.0,0.0,0.003251781717267699,0.5672350249047526
2022-06-21 00:00:00+00:00,-0.00014314591452546654,1.1613660779157173,-0.007994688913103176,-0.004200189579669648,0.0,0.003933198253218478,0.0,1.1895059468023688,-0.007695965752116285,0.0,0.0,0.0,0.02934300217234087,0.5838794034727606
2022-06-22 00:00:00+00:00,0.00016964269773023233,1.1615630951902274,-0.007826402455967663,-0.0043155255442843266,0.0,0.004224812608365252,0.0,1.1895059468023688,-0.007695965752116285,0.0,0.0,0.0,-0.042215283205355614,0.5592307690973839
2022-06-23 00:00:00+00:00,-0.00012102593363427783,1.161422515932157,-0.007946481191937638,-0.0031859680798033397,0.0,0.0031434715842288178,0.0,1.1895059468023688,-0.007695965752116285,0.0,0.0,0.0,0.04324017758007748,0.583412006861398
2022-06-24 00:00:00+00:00,-5.7091200961978394e-05,1.1613562089258982,-0.008003118718744817,-0.003857584844084716,0.0,0.003794323984118435,0.0,1.1895059468023688,-0.007695965752116285,0.0,0.0,0.0,0.04846427768022732,0.6116866483639075
2022-06-25 00:00:00+00:00,4.990019489836683e-06,1.1613620041160153,-0.00799816863497349,-0.003920320496970192,0.0,0.003924281686050368,0.0,1.1895059468023688,-0.007695965752116285,0.0,0.0,0.0,-0.00835107344276953,0.606578408239459
2022-06-26 00:00:00+00:00,-9.345861045284565e-06,1.1613511501881015,-0.00800743974624607,-0.0047406781621149585,0.0,0.004349312753738096,0.0,1.1895059468023688,-0.007695965752116285,0.0,0.0,0.0,0.009895913593462868,0.612581055755057
2022-06-27 00:00:00+00:00,-0.0001722899451930271,1.1611510610620859,-0.008178350090084052,-0.05500773246611587,0.0,0.01958116897928741,-0.00037791735362802115,1.1890564118628284,-0.008070974666733677,-0.046921779103728446,0.0,0.009550615363649647,-0.02105051160461635,0.599685911132117
2022-06-28 00:00:00+00:00,0.001223518641563448,1.1625717510309665,-0.006964837812312941,-0.04569748791000583,0.0,0.05188564541930282,0.0009299726625515703,1.1901622018200926,-0.007148507789982217,-0.035724814260421796,0.0,0.04316750814862979,-0.02958975819591725,0.5819413500282193
2022-06-29 00:00:00+00:00,-6.568345658675145e-05,1.1624953892998287,-0.00703006379427773,0.0,0.0,0.028276346485412756,-7.24158201688141e-05,1.1900760152481138,-0.007220405945096431,0.0,0.0,0.027560843073121833,-0.015285107579729118,0.5730463138879452
2022-06-30 00:00:00+00:00,0.0,1.1624953892998287,-0.00703006379427773,0.0,0.0,0.0,0.0,1.1900760152481138,-0.007220405945096431,0.0,0.0,0.0,-0.0776606272337127,0.5285431777174404
2022-07-01 00:00:00+00:00,0.0,1.1624953892998287,-0.00703006379427773,0.0,0.0,0.0,0.0,1.1900760152481138,-0.007220405945096431,0.0,0.0,0.0,0.03501155792568933,0.5470482978003225
2022-07-02 00:00:00+00:00,-0.0001350161073815359,1.1623384336975164,-0.007164130729811036,-0.018590677932542116,0.0,0.009274851195915637,-0.00016201789563796698,1.189883201636474,-0.00738125400575762,-0.022308813519050535,0.0,0.01112982143509876,-0.0051140148296358046,0.5442506846928447
2022-07-03 00:00:00+00:00,-0.00042531792478539554,1.1618440703269979,-0.007586401621381578,-0.03959628327238112,0.0,0.04152700927479464,-0.0005105233807471965,1.1892757384416803,-0.007888009083755532,-0.04751553992685734,0.0,0.04983241112975356,0.014559516196638533,0.5521747113516617
2022-07-04 00:00:00+00:00,-0.0003043890389485826,1.1614904177270229,-0.007888481442831607,0.0,0.0,0.03584412341266061,-0.0003656922938030105,1.1888408294689252,-0.008250816793423321,0.0,0.0,0.04301294809519273,0.02593623610040341,0.5664960450339506
2022-07-05 00:00:00+00:00,-0.0014539849162876761,1.1598016281792352,-0.009330996626088939,-0.03162119946601679,0.0,0.005270199911002798,-0.0017447818995451891,1.1867665615082275,-0.009981202817170964,-0.03794543935922016,0.0,0.00632423989320336,0.024830514270183013,0.5805624331641683
2022-07-06 00:00:00+00:00,-1.5810599732990482e-05,1.1597832910199224,-0.00934665969716919,0.0,0.0,0.0,-1.8972719679655192e-05,1.1867440453189309,-0.009999986166287389,0.0,0.0,0.0,0.0002598878939610305,0.5807133143122363
2022-07-07 00:00:00+00:00,0.0,1.1597832910199224,-0.00934665969716919,0.0,0.0,0.0,0.0,1.1867440453189309,-0.009999986166287389,0.0,0.0,0.0,0.07475187729822141,0.6241227247291481
2022-07-08 00:00:00+00:00,0.0,1.1597832910199224,-0.00934665969716919,0.0,0.0,0.0,0.0,1.1867440453189309,-0.009999986166287389,0.0,0.0,0.0,0.00032587693419694475,0.6243261119292455
2022-07-09 00:00:00+00:00,0.0,1.1597832910199224,-0.00934665969716919,0.0,0.0,0.0,0.0,1.1867440453189309,-0.009999986166287389,0.0,0.0,0.0,-0.01355832643495336,0.6158612947018436
2022-07-10 00:00:00+00:00,0.0,1.1597832910199224,-0.00934665969716919,0.0,0.0,0.0,0.0,1.1867440453189309,-0.009999986166287389,0.0,0.0,0.0,-0.035841252698020076,0.593788054411505
2022-07-11 00:00:00+00:00,0.0,1.1597832910199224,-0.00934665969716919,0.0,0.0,0.0,0.0,1.1867440453189309,-0.009999986166287389,0.0,0.0,0.0,-0.021267846250946576,0.5811594613646324
2022-07-12 00:00:00+00:00,0.003059403829405838,1.1633315364617496,-0.006315851074233048,0.0,-0.11022192941674348,0.05026171126442983,0.0036709035392483713,1.191100468235074,-0.006365791611649296,0.0,-0.1322663153000922,0.0603140535173158,-0.06901616523189036,0.5410500639530145
2022-07-13 00:00:00+00:00,-0.004612248258905716,1.1579659626081737,-0.010898969060018193,0.0,-0.1391900463848274,0.13750468067821423,-0.005534904436042765,1.1845078409696672,-0.011865461999461702,0.0,-0.16702805566179282,0.16500561681385703,0.02179996974311149,0.5528449389766987
2022-07-14 00:00:00+00:00,-6.959502319237032e-05,1.15788537394015,-0.010967805569206068,0.0,0.0,0.0,-8.3514027830911e-05,1.1844089179488706,-0.01194798509476891,0.0,0.0,0.0,0.07688901407479087,0.595352641270855
2022-07-15 00:00:00+00:00,0.0,1.15788537394015,-0.010967805569206068,0.0,0.0,0.0,0.0,1.1844089179488706,-0.01194798509476891,0.0,0.0,0.0,0.039380616304672156,0.6187979952027156
2022-07-16 00:00:00+00:00,0.0,1.15788537394015,-0.010967805569206068,0.0,0.0,0.0,0.0,1.1844089179488706,-0.01194798509476891,0.0,0.0,0.0,0.029102539829069407,0.636806588504251
2022-07-17 00:00:00+00:00,0.0,1.15788537394015,-0.010967805569206068,0.0,0.0,0.0,0.0,1.1844089179488706,-0.01194798509476891,0.0,0.0,0.0,0.0011114745571494389,0.6375143828251986
2022-07-18 00:00:00+00:00,0.0,1.15788537394015,-0.010967805569206068,0.0,0.0,0.0,0.0,1.1844089179488706,-0.01194798509476891,0.0,0.0,0.0,0.05841854153355874,0.6747570432765135
2022-07-19 00:00:00+00:00,0.0,1.15788537394015,-0.010967805569206068,0.0,0.0,0.0,0.0,1.1844089179488706,-0.01194798509476891,0.0,0.0,0.0,0.07118570021276271,0.7227900958756456
2022-07-20 00:00:00+00:00,0.0,1.15788537394015,-0.010967805569206068,0.0,0.0,0.0,0.0,1.1844089179488706,-0.01194798509476891,0.0,0.0,0.0,0.0030384012088879864,0.7249862221767264
2022-07-21 00:00:00+00:00,0.0,1.15788537394015,-0.010967805569206068,0.0,0.0,0.0,0.0,1.1844089179488706,-0.01194798509476891,0.0,0.0,0.0,-0.001269111401204004,0.724066133896446
2022-07-22 00:00:00+00:00,0.0,1.15788537394015,-0.010967805569206068,0.0,0.0,0.0,0.0,1.1844089179488706,-0.01194798509476891,0.0,0.0,0.0,-0.02919962155720468,0.7029236768042815
2022-07-23 00:00:00+00:00,0.0,1.15788537394015,-0.010967805569206068,0.0,0.0,0.0,0.0,1.1844089179488706,-0.01194798509476891,0.0,0.0,0.0,-0.011422301100970755,0.6948946709168216
2022-07-24 00:00:00+00:00,0.0,1.15788537394015,-0.010967805569206068,0.0,0.0,0.0,0.0,1.1844089179488706,-0.01194798509476891,0.0,0.0,0.0,0.03972901633755899,0.7225021526505586
2022-07-25 00:00:00+00:00,0.0006588411098318314,1.1586482364249748,-0.010316190500567868,-0.16343813079591937,-0.01563124941301992,0.08919771646969517,0.0007906276833562487,1.185345344427815,-0.011166803819188886,-0.19612575695510326,-0.018757499295623904,0.10703725976363421,-0.05213244944542028,0.684836345703296
2022-07-26 00:00:00+00:00,0.008835329703136052,1.1688852756037467,-0.0015720077417845646,-0.16154080629750991,-0.015152114860998203,0.17725822054647158,0.010606553218070802,1.197917772905281,-0.0006786919001021685,-0.1938489675570119,-0.01818253783319784,0.2127098646557659,-0.06566788579304961,0.6398645907667225
2022-07-27 00:00:00+00:00,-0.01017078432526497,1.156996795564603,-0.01172680351535027,-0.08786370764329592,0.0,0.1560270287699602,-0.012199170340560062,1.1833041699396252,-0.012869582762564113,-0.10543644917195506,0.0,0.18723243452395222,0.12559026206301538,0.7202253524059593
2022-07-28 00:00:00+00:00,-0.0003992263929045725,1.1565348919073075,-0.01212134825878719,-0.0036192230458172805,0.0,0.02323137974167215,-0.0004791064211112639,1.1827372413136794,-0.013342523283936814,-0.004343067654980719,0.0,0.02787765569000657,0.06656251424868165,0.7681653626877427
2022-07-29 00:00:00+00:00,-1.809611522962662e-06,1.1565327990284404,-0.012123135935378615,0.0,0.0,0.0,-2.17153382753299e-06,1.1827346729597508,-0.013344665844023718,0.0,0.0,0.0,0.00206390850451732,0.7697507857126695
2022-07-30 00:00:00+00:00,0.0,1.1565327990284404,-0.012123135935378615,0.0,0.0,0.0,0.0,1.1827346729597508,-0.013344665844023718,0.0,0.0,0.0,-0.010121347546023451,0.7619598704866469
2022-07-31 00:00:00+00:00,0.0,1.1565327990284404,-0.012123135935378615,0.0,0.0,0.0,0.0,1.1827346729597508,-0.013344665844023718,0.0,0.0,0.0,0.007104034726783892,0.7673728598669999
2022-08-01 00:00:00+00:00,0.0,1.1565327990284404,-0.012123135935378615,0.0,0.0,0.0,0.0,1.1827346729597508,-0.013344665844023718,0.0,0.0,0.0,-0.0480017785346053,0.7305375977941975
2022-08-02 00:00:00+00:00,-0.0009351393505522276,1.1554512796978647,-0.013046938464465585,0.0,-0.03011377004191532,0.01020450427223858,-0.0011221339461576774,1.181407486233925,-0.014451825287637665,0.0,-0.03613652405029838,0.012245405126686294,0.005667685120595012,0.7346780548672509
2022-08-03 00:00:00+00:00,-0.0017961395892051035,1.1533759279110016,-0.014819643930976678,0.0,-0.032542131207473395,0.05538907463100624,-0.0021553847130755255,1.1788610985981833,-0.016576060757412248,0.0,-0.03905055744896808,0.06646688955720749,0.0152144646978849,0.7458557881973394
2022-08-04 00:00:00+00:00,0.003534350377785822,1.157452362557543,-0.011337671367316893,-0.10380597660618916,-0.0687216428741332,0.13309082581752607,0.0042405577438608955,1.1838601271587803,-0.012405794756358834,-0.124567171927427,-0.08246597144895983,0.15970899098103128,-0.04017533954520036,0.7158907786547583
2022-08-05 00:00:00+00:00,-0.007025628706747278,1.1493205320124662,-0.01828364580463837,-0.04823606446710007,0.0,0.12905204803634954,-0.008428428050603953,1.1738820472550437,-0.020729661458448123,-0.057883277360520076,0.0,0.15486245764361942,0.03901796762493004,0.7438233818792955
2022-08-06 00:00:00+00:00,-0.0019892543651878203,1.1470342411271603,-0.020236529347597898,-0.15761432746741522,0.0,0.18389323804416757,-0.0023678961919926245,1.1711024164255,-0.02304847196401205,-0.18913719296089826,0.0,0.21557394437185992,0.017639480450243106,0.7569440398823891
2022-08-07 00:00:00+00:00,0.0002555093268210573,1.1473273190739515,-0.01998619064276763,-0.12906445329704766,-0.01831156142343493,0.14728698873748847,0.0002803667702875323,1.171430754627669,-0.022774567219369213,-0.15487734395645716,-0.021973873708121913,0.17628720517396043,-0.00365744739307583,0.754175556877017
2022-08-08 00:00:00+00:00,-0.003705686928044516,1.1430756832254707,-0.02361781500540583,-0.014745743139368066,0.0,0.08155415115783214,-0.004484020659921484,1.166178034922251,-0.027156466249358413,-0.0075770585652861905,0.0,0.0961786758557393,0.039250805067812866,0.783777554646906
2022-08-09 00:00:00+00:00,0.0011097531096411206,1.1443442150194854,-0.022534271839409925,-0.24117532427623953,-0.009623710351683043,0.1042960093688068,0.0013081845289988348,1.1677036109855945,-0.02588380738936935,-0.28028678741106566,-0.017869461134727038,0.11999006723235915,-0.045469419648482945,0.7481396441036041
2022-08-10 00:00:00+00:00,-0.00804594113700352,1.135136888824968,-0.03039890355162833,-0.090531938599362,0.0,0.20856189998923488,-0.009457624755647709,1.1566599084070779,-0.035096632807480876,-0.09836805678939355,0.0,0.2416826338456686,0.053909165995267516,0.7884712283652257
2022-08-11 00:00:00+00:00,-4.5265969299657094e-05,1.1350855057534075,-0.030442793485093156,0.0,0.0,0.0,-4.918402839471092e-05,1.1566030192132997,-0.03514409064209112,0.0,0.0,0.0,0.03310202627670922,0.8145712236850006
2022-08-12 00:00:00+00:00,0.0,1.1350855057534075,-0.030442793485093156,0.0,0.0,0.0,0.0,1.1566030192132997,-0.03514409064209112,0.0,0.0,0.0,0.006738414607498022,0.8200601423175271
2022-08-13 00:00:00+00:00,-0.002528303875167559,1.1322156646705646,-0.0328941287275214,0.29096261687367414,0.0,0.14976462025786993,-0.0027393005210871735,1.1534347359600776,-0.037787120937369356,0.3145928583214504,0.0,0.16250761565200314,0.01843476237796282,0.8351777561767891
2022-08-14 00:00:00+00:00,0.00043566541270867454,1.1327089318753885,-0.03247279414898052,0.09961427706162318,0.0,0.2595456022430118,0.0005474390842481469,1.1540661712156717,-0.03726036800000354,0.09961427706162318,0.0,0.27850471015813427,-0.01393978164999321,0.8235355606167534
2022-08-15 00:00:00+00:00,-0.001843695952526203,1.1306205610022995,-0.03425662014236708,0.0029331887981667026,0.0,0.03481081197974173,-0.002317338885476361,1.1513918088007007,-0.03949136198582637,0.0,0.0,0.03785295803666903,-0.017632028507744257,0.8090149581348176
2022-08-16 00:00:00+00:00,7.175844089379879e-05,1.1307016925709994,-0.03418731990312507,0.0,0.0,0.01260492149154751,2.7647831084776087e-05,1.1514236422869428,-0.039464806005247044,0.0,0.0,0.005090835201662908,-0.003849700130415523,0.8059004931449779
2022-08-17 00:00:00+00:00,0.0,1.1307016925709994,-0.03418731990312507,0.0,0.0,0.0,0.0,1.1514236422869428,-0.039464806005247044,0.0,0.0,0.0,-0.024719550223298414,0.7859789954296996
2022-08-18 00:00:00+00:00,0.0,1.1307016925709994,-0.03418731990312507,0.0,0.0,0.0,0.0,1.1514236422869428,-0.039464806005247044,0.0,0.0,0.0,0.011665121484557561,0.7951475358956975
2022-08-19 00:00:00+00:00,0.003978282844014247,1.1351999437162525,-0.030345043887364254,-0.043196373941803916,0.0,0.044564694675822795,0.006538105551965545,1.1589517715952435,-0.033184725520531644,-0.07158010455521864,0.0,0.0733815201866672,-0.08783967925345793,0.7253020313834421
2022-08-20 00:00:00+00:00,0.0007647079112107491,1.1360680400940184,-0.02960354107128016,-0.04416655602292219,0.0,0.043180635795331636,0.0012407386827044675,1.1603897278896507,-0.031985160410455404,-0.07298498443703577,0.0,0.07185016374527532,-0.052049882605686104,0.6875501457962683
2022-08-21 00:00:00+00:00,-0.006346271882684884,1.1288582434343528,-0.035761940833636485,-0.04467707812781772,0.0,0.12509985413293143,-0.007691921445332706,1.1514641012567526,-0.03943105451449436,-0.07374967486361371,0.0,0.16366298284402095,0.03194812810729508,0.7095160859343569
2022-08-22 00:00:00+00:00,-0.0005805401061512727,1.1282028959498798,-0.03632171969885989,-0.045439876772284726,0.0,0.07257256486277755,-0.0001462631307631579,1.1512956845123414,-0.039571550335774974,-0.07467750774775335,0.0,0.10503596352466364,-0.0287388136627309,0.6891254353499793
2022-08-23 00:00:00+00:00,-0.0030959748949171972,1.124710008107646,-0.03930524346144926,-0.1428886837120516,0.0,0.10383036189733236,-0.003910573735612766,1.146793457846563,-0.043327376605967194,-0.17146642045446192,0.0,0.13361030211241723,0.03887033679953489,0.7159119731191591
2022-08-24 00:00:00+00:00,-0.0007098031095010837,1.1239116854466042,-0.03998714758692168,-0.052542612600374794,0.0,0.07942748462307911,-0.0008519491882321706,1.1458164480910806,-0.044142413070871744,-0.06305113512044976,0.0,0.09531298154769492,0.013456817794143205,0.7255458700980691
2022-08-25 00:00:00+00:00,0.0008770010846688159,1.1248973572138128,-0.03914521527405945,0.0,0.0,0.02628573150105316,0.0010523806821263193,1.1470222831863144,-0.043136487011523617,0.0,0.0,0.031542877801263795,0.006961423603273342,0.7305967022434273
2022-08-26 00:00:00+00:00,0.0028108778676083634,1.1280593062985362,-0.03644436982568777,-0.2403996928087512,0.0,0.053250720921218166,0.003373520662252938,1.150891786558708,-0.03990848817950099,-0.28847963137050153,0.0,0.06390086510546181,-0.06700032984511584,0.6816464822093639
2022-08-27 00:00:00+00:00,0.010003577161251886,1.139343934611562,-0.026805366730080382,-0.19111315140635965,-0.08206642942145632,0.2704762759619665,0.012008877657276651,1.1647127052202562,-0.028378866674258818,-0.22933578168763147,-0.09847971530574758,0.3245715311543597,-0.042242064004226254,0.6528523278796202
2022-08-28 00:00:00+00:00,0.0003332125533548336,1.1397235783131632,-0.02648108606141719,-0.19386376564657218,-0.08253805433280607,0.275082522877947,0.00039943688246468767,1.1651779344321964,-0.027990765357826297,-0.23263651877588665,-0.0990456651993673,0.3300990274535364,-0.0004735385216646515,0.6525431771534108
2022-08-29 00:00:00+00:00,-0.0056029161428527985,1.1333378026778425,-0.0319356308996962,-0.12260879059960937,-0.08071448108057515,0.25326353757354486,-0.006736642011700433,1.1573285478079942,-0.03453884360367743,-0.1471305487195312,-0.09685737729669018,0.3039162450882538,0.021029096633806255,0.6662655706835009
2022-08-30 00:00:00+00:00,-0.001022268403098936,1.1321792272521274,-0.03292525251639333,-0.3059398521283741,0.0,0.17714387723777977,-0.0010232941238164095,1.1561442603056973,-0.035526794331790845,-0.34633051194636183,0.0,0.2091064342507212,0.002307221523859093,0.6678027929487881
2022-08-31 00:00:00+00:00,-0.005291240369837968,1.126188594818999,-0.038042277460929474,-0.038609061147422706,0.0,0.16077479549586743,-0.005884755177402945,1.1493406343840387,-0.04120248302231322,-0.04633087337690723,0.0,0.18599829154829076,0.01509641597236433,0.6778842216986497
2022-09-01 00:00:00+00:00,0.00022959290984370107,1.1264471597355161,-0.03782141878826517,-0.318357419636395,-0.03685530156873056,0.16426514313852705,0.0002739740907975463,1.1496555239393607,-0.04093979734434039,-0.3820289035636739,-0.044226361882476674,0.19711817176623245,-0.010985829809775471,0.6704371010083362
2022-09-02 00:00:00+00:00,-0.004147915087825638,1.121774752566011,-0.04181245384245591,-0.20921039422731022,0.0,0.3288371180966401,-0.005424072636043387,1.1434197088710851,-0.046141809545883095,-0.21984961295064662,0.0,0.3754434104319568,-0.0014710315861776735,0.6694508668562076
2022-09-03 00:00:00+00:00,0.002101079029685815,1.1241316899746583,-0.03979922608271824,-0.1896913999034324,-0.013031208699871571,0.24267889114297644,0.0023599465699595257,1.1461181182910596,-0.04389075518109309,-0.2177651637006871,-0.0224396009230808,0.2734992432704445,-0.00800163614502647,0.6640941646026517
2022-09-04 00:00:00+00:00,-0.002117192724524708,1.1217516865392363,-0.041832156175338864,-0.15859201532042497,-0.05433575352270655,0.20842059203781116,-0.002556339624537607,1.1431882511308717,-0.046334895129010345,-0.19106558605976398,-0.06595807190250191,0.24760318381811916,0.011463927336656354,0.671707291850354
2022-09-05 00:00:00+00:00,0.0017148380788121198,1.1236753090462854,-0.04018905347085511,-0.21079215540606308,-0.02135110836135043,0.21472225498353348,0.002079510092959813,1.1455655226372514,-0.0443517389181276,-0.2529505864872757,-0.02562133003362051,0.25629739815787245,0.002314177053871491,0.6732617414520723
2022-09-06 00:00:00+00:00,0.018015271205906958,1.1439186244861357,-0.02289779896273425,-0.39469650836179465,0.0,0.27468927300703894,0.020559028012518965,1.1691172363073266,-0.024704539548430327,-0.452273319867422,0.0,0.32606671258065806,-0.024293691187184163,0.6569057286170898
2022-09-07 00:00:00+00:00,-0.0054992663587979385,1.1376279112772967,-0.02827114422600585,-0.22588565193192686,-0.09854810452084763,0.34844150940867746,-0.0065884368861023335,1.1614145811834613,-0.031130212134917623,-0.27106278231831205,-0.11825772542501711,0.4181298112904129,0.0025605866126945376,0.6585877926315891
2022-09-08 00:00:00+00:00,-0.005960966605196738,1.130846549289033,-0.034063587484580715,-0.21706382835339535,0.0,0.22961946693882393,-0.007094967268767238,1.1531743827444956,-0.038004311567517934,-0.23945511045029114,0.0,0.2580047275613147,0.03534490619668662,0.6818655163844355
2022-09-09 00:00:00+00:00,-0.009936410742495072,1.119609993488564,-0.04366152843046611,0.0,0.0,0.116089119614861,-0.010280566509385136,1.1413190968057716,-0.04789417222418979,0.0,0.0,0.12434627554694204,0.06704213552780769,0.7275792367456194
2022-09-10 00:00:00+00:00,0.0,1.119609993488564,-0.04366152843046611,0.0,0.0,0.0,0.0,1.1413190968057716,-0.04789417222418979,0.0,0.0,0.0,0.013951560994274415,0.7377301028452435
2022-09-11 00:00:00+00:00,0.0,1.119609993488564,-0.04366152843046611,0.0,0.0,0.0,0.0,1.1413190968057716,-0.04789417222418979,0.0,0.0,0.0,0.008140299198366563,0.7437354466100455
2022-09-12 00:00:00+00:00,0.0,1.119609993488564,-0.04366152843046611,0.0,0.0,0.0,0.0,1.1413190968057716,-0.04789417222418979,0.0,0.0,0.0,0.002869430652650218,0.7458695438980109
2022-09-13 00:00:00+00:00,0.0,1.119609993488564,-0.04366152843046611,0.0,0.0,0.0,0.0,1.1413190968057716,-0.04789417222418979,0.0,0.0,0.0,-0.07972313268314746,0.686406487285511
2022-09-14 00:00:00+00:00,0.00035474094786347443,1.1200071649988914,-0.04332227601458327,0.0,-0.022220150253217316,0.02428421879792784,0.00042352383923449644,1.1418024726514424,-0.04749093270865268,0.0,-0.014526150363590895,0.01823240147943245,-0.010968432646351944,0.6788776839617009
2022-09-15 00:00:00+00:00,0.0006460339710603336,1.1207307276753116,-0.042704229705532115,0.0,-0.00720499627282624,0.014978009764786956,9.273112863783517e-05,1.141908353283413,-0.04740260546780495,0.0,0.0,0.005899259226124265,-0.036269262131259805,0.6542552912870314
2022-09-16 00:00:00+00:00,0.00019068415888834345,1.1209444332714587,-0.04252168856676608,-0.029574242520241656,0.0,0.02634217190425181,7.964624134904064e-05,1.141999301991717,-0.04732673466581161,-0.034285635113479075,0.0,0.02843880259692649,-0.029611941700292688,0.6348815217443319
2022-09-17 00:00:00+00:00,-0.0005570339017240133,1.1203200292201776,-0.043055036446399964,-0.029041176202734862,0.0,0.02916866742095881,-0.0006690390612826835,1.141235259850727,-0.04796411029295988,-0.035025086333978696,0.0,0.03505105927471066,0.022671078762432906,0.6492749707286108
2022-09-18 00:00:00+00:00,-1.4520588101363252e-05,1.1203037615144915,-0.04306893185005145,0.0,0.0,0.0,-1.7512543166953165e-05,1.1412152739189751,-0.0479807828625749,0.0,0.0,0.0,-0.03725398578206551,0.6250868902004362
2022-09-19 00:00:00+00:00,0.00043720881905007225,1.1207935681990406,-0.04265055314783328,0.0,0.0,0.019755776463995584,0.0005224549339275519,1.1418115074695077,-0.04748339572538751,0.0,0.0,0.02376099893806675,-0.01005147348718416,0.6188038458964001
2022-09-20 00:00:00+00:00,-3.840485905526325e-05,1.120750524280024,-0.04268732001840614,0.0,-0.01667293720332762,0.016796537980994685,-0.00019881636466956287,1.1415844966564548,-0.04767277161393679,0.0,-0.006721455083100222,0.00986829151767854,-0.018398443465322822,0.6074188183215509
2022-09-21 00:00:00+00:00,9.686229341832053e-05,1.1208590827461555,-0.04259459251670472,0.0,0.0,0.014080316729365862,3.9087005893057025e-05,1.141629117776403,-0.047635547993948646,0.0,0.0,0.005854903743650498,-0.012402926236110279,0.5998850475234834
2022-09-22 00:00:00+00:00,-0.009238537224420362,1.1105039843868756,-0.05143961801260044,-0.10102438966443783,0.0,0.14054338871883484,-0.010204847424050034,1.129978966814642,-0.057354281918759464,-0.11978519962364946,0.0,0.15779277036077857,0.009932522050840609,0.6058434189859799
2022-09-23 00:00:00+00:00,0.0001711636759684776,1.1106940623310209,-0.05127725893074142,-0.10947423984852145,-0.03949771644641725,0.04943791315353818,0.00020929684574433338,1.1302154678481537,-0.05715698914331069,-0.13136908781822573,-0.0473972597357007,0.059202285003913176,-0.025520642079783884,0.5903819059336461
2022-09-24 00:00:00+00:00,-0.0028635833454784265,1.107513497312208,-0.05399400557154388,-0.05627804112357601,-0.019911836576162294,0.10843715494492884,-0.0034374351034303086,1.1263304255245326,-0.06039795080585342,-0.0675336493482912,-0.023894203891394752,0.1301245859339146,0.027331708008047073,0.6065180517998588
2022-09-25 00:00:00+00:00,0.0012732252830987,1.108923611498359,-0.05278952682147475,-0.030320545081291273,-0.05977755593567354,0.07441714620289487,0.0015278605539290613,1.1280513013523816,-0.05896236989849879,-0.03638465409754952,-0.07173306712280823,0.08930057544347385,-0.021374412409829957,0.593554084826682
2022-09-26 00:00:00+00:00,-0.0028008273231657776,1.1058177079479707,-0.05544249979554183,0.0,-0.08166600228609848,0.12048580876100062,-0.0033608581618355116,1.1242600809292622,-0.06212506389821981,0.0,-0.09799920274331818,0.14458297051320074,0.01899833782864402,0.604830625849791
2022-09-27 00:00:00+00:00,-0.0017958165760827427,1.103831862177912,-0.05713875181147232,0.0,0.0,0.013608552049006484,-0.002154893701666216,1.121837419961833,-0.06414608469097605,0.0,0.0,0.016330262458807778,-0.00600129003796257,0.6012008618402239
2022-09-28 00:00:00+00:00,-0.010323743810057628,1.0924361848234083,-0.06687260978620191,0.0,-0.26912537341535053,0.21047077189880192,-0.011156323553890624,1.1093218387298769,-0.07458677376933898,0.0,-0.3065974708004217,0.22506165888541974,0.016580156730536588,0.6111688663560685
2022-09-29 00:00:00+00:00,-0.000482755441302829,1.0919088053109087,-0.06732308211125626,0.0,-0.08851901970399544,0.13300854904255086,-0.0005321226301711057,1.1087315434753457,-0.07507920708927596,0.0,-0.09363034537104163,0.14555924440763565,-0.0022131285080144725,0.609816271114725
2022-09-30 00:00:00+00:00,-0.00010320072596126106,1.0917961195295172,-0.06741933504626973,0.0,-0.09566803894070781,0.09107620047396237,-0.00010998839793574522,1.108609595869138,-0.07518093764550571,0.0,-0.10021515966714407,0.09541057454162603,0.0014605429284935134,0.6107069339571819
2022-10-01 00:00:00+00:00,0.000998645079208993,1.0928864363517847,-0.0664880179542483,0.0,-0.04085035814228492,0.04181192588811586,0.0011189296832547768,1.109850052053097,-0.07414613014499749,0.0,-0.0490204297707419,0.04529002872144274,-0.01558775787852551,0.6011873821359207
2022-10-02 00:00:00+00:00,-0.00015007189533788878,1.0927224248128924,-0.06662811186671447,0.0,-0.25356287961037066,0.18079546069081046,-0.0001812401841744249,1.109648902625257,-0.07431393207088854,0.0,-0.30427545553244467,0.21695455282897255,-0.0011179058280852416,0.6005153112576597
2022-10-03 00:00:00+00:00,-0.0024838892916286825,1.0900082232831771,-0.0689465043047559,-0.02815961497022898,-0.16516499020318365,0.2569984482582757,-0.002986672430388193,1.1063347448403755,-0.07707865312916695,-0.033791537964274775,-0.19819798824382037,0.3083981379099308,0.011816789046193765,0.6076114740098009
2022-10-04 00:00:00+00:00,-0.002630492167504217,1.0871409651893156,-0.0713956332327097,0.0,0.0,0.06191580114766027,-0.0031560675269555194,1.1028430776782423,-0.07999145522195994,0.0,0.0,0.07429896137719232,0.030370750736581575,0.6260650906316394
2022-10-05 00:00:00+00:00,0.0,1.0871409651893156,-0.0713956332327097,0.0,0.0,0.0,0.0,1.1028430776782423,-0.07999145522195994,0.0,0.0,0.0,-0.0032119253323895647,0.6240542163073148
2022-10-06 00:00:00+00:00,0.0,1.0871409651893156,-0.0713956332327097,0.0,0.0,0.0,0.0,1.1028430776782423,-0.07999145522195994,0.0,0.0,0.0,0.00042895900070938353,0.6243219099803305
2022-10-07 00:00:00+00:00,0.0,1.0871409651893156,-0.0713956332327097,0.0,0.0,0.0,0.0,1.1028430776782423,-0.07999145522195994,0.0,0.0,0.0,-0.025225398105259034,0.608573141255241
2022-10-08 00:00:00+00:00,-6.001406562627931e-05,1.0870757214400857,-0.07145136255611773,0.0,-0.0554684792170112,0.009244746536168533,-6.459499344912967e-05,1.1027718395368642,-0.080050883167883,0.0,-0.05970243832458035,0.009950406387430059,-0.0012052061200920061,0.6078396851808765
2022-10-09 00:00:00+00:00,-0.0003297480339568004,1.0867172603581787,-0.07175754964374803,0.0,-0.17153480192543794,0.15078837156819605,-0.00034996482751836755,1.1023859081802485,-0.08037283300188092,0.0,-0.1837853856506727,0.1615125578784666,-0.0019834900905351116,0.6066340411886862
2022-10-10 00:00:00+00:00,0.002418731140791497,1.0893457372370428,-0.0695123807228667,0.0,-0.2931354955098721,0.23229428340683048,0.00253361209361036,1.1051789264490397,-0.07804285448996173,0.0,-0.30580300153001416,0.24476799878572822,-0.010749973234874255,0.6001127414825442
2022-10-11 00:00:00+00:00,0.005956633425300506,1.0958345704671775,-0.06396980706805233,0.0,-0.3314721742277844,0.32433219031331145,0.006209760787967644,1.1120418232101912,-0.0723177211595869,0.0,-0.34449907877398367,0.33724812860301706,-0.015610555248694036,0.5907446483761858
2022-10-12 00:00:00+00:00,-0.004027091630315005,1.0914215442402393,-0.06773928642373062,0.0,-0.22513745226261161,0.2954872002400369,-0.004190488140873416,1.1073818251378735,-0.07620516274756617,0.0,-0.23378924238904428,0.30718051442750727,0.009825435203937305,0.5965489716408787
2022-10-13 00:00:00+00:00,-0.0005358840211393545,1.0908366688743538,-0.06823887004367202,0.0,-0.2879050699181954,0.24679097708096018,-0.0006569174345014694,1.1066543667102904,-0.07681201968205975,0.0,-0.3027061504337423,0.25772175585189366,0.001372675307376392,0.597367839683891
2022-10-14 00:00:00+00:00,-0.003249041679934672,1.08729249507118,-0.07126620079064316,0.0,0.0,0.07263938512135919,-0.0038366348927311167,1.1024085379527764,-0.0803539548998976,0.0,0.0,0.08011944368596242,0.000690585909093322,0.5977803734965221
2022-10-15 00:00:00+00:00,0.0,1.08729249507118,-0.07126620079064316,0.0,0.0,0.0,0.0,1.1024085379527764,-0.0803539548998976,0.0,0.0,0.0,-0.00924248272559769,0.5922553987207791
2022-10-16 00:00:00+00:00,0.0,1.08729249507118,-0.07126620079064316,0.0,0.0,0.0,0.0,1.1024085379527764,-0.0803539548998976,0.0,0.0,0.0,0.018074415679676825,0.6029600689857912
2022-10-17 00:00:00+00:00,0.0,1.08729249507118,-0.07126620079064316,0.0,0.0,0.0,0.0,1.1024085379527764,-0.0803539548998976,0.0,0.0,0.0,0.010509620758450966,0.6092969506433213
2022-10-18 00:00:00+00:00,0.0,1.08729249507118,-0.07126620079064316,0.0,0.0,0.0,0.0,1.1024085379527764,-0.0803539548998976,0.0,0.0,0.0,-0.017827417907328114,0.5984347592745421
2022-10-19 00:00:00+00:00,-0.0011507477651463427,1.0860412956624164,-0.07233493913449929,0.0,0.0,0.033881945801328396,-0.0013808717227312695,1.10088625317582,-0.08162386811849798,0.0,0.0,0.040658334961594066,-0.0011418284815212232,0.5977514494220701
2022-10-20 00:00:00+00:00,0.0,1.0860412956624164,-0.07233493913449929,0.0,0.0,0.0,0.0,1.10088625317582,-0.08162386811849798,0.0,0.0,0.0,-0.009182694645688327,0.5922624803880097
2022-10-21 00:00:00+00:00,-0.003058798293954834,1.0827193144000797,-0.07517247944003613,-0.30557870802445375,-0.024371803563203117,0.2750711846255987,-0.003672012640834277,1.0968437849380377,-0.08499615688380724,-0.3666944496293445,-0.02924616427584373,0.33008542155071846,0.011932417915969662,0.5993296038199482
2022-10-22 00:00:00+00:00,-0.0010901375362343257,1.0815390014342463,-0.07618066863474104,0.0,0.3152210744544376,0.17392381963115033,-0.001308210632762652,1.095408882236102,-0.08619317464039056,0.0,0.37826528934532505,0.2087085835573804,0.0030646563466065757,0.6011663430940042
2022-10-23 00:00:00+00:00,0.006350028068561775,1.0884068044505981,-0.0703143899502916,0.0,0.3269291202010825,0.10908986317871687,0.007622090309997942,1.1037581876628795,-0.07922805649160714,0.0,0.392314944241299,0.13090783581446022,0.014644212531245593,0.6099699507889045
2022-10-24 00:00:00+00:00,0.0022212876042491114,1.0908244689937046,-0.06824929082883946,0.0,0.3670903870881724,0.32838425759147166,0.0026548166826452224,1.1066884633130931,-0.07678357577506945,0.0,0.440508464505807,0.39406110910976605,0.0010548887113310812,0.6106134012042429
2022-10-25 00:00:00+00:00,0.032584089483929324,1.1263679911026552,-0.03788904234449175,0.0,0.25487541234466043,0.3498501722221548,0.03916613503210753,1.1500331731056892,-0.04062475664001641,0.0,0.30585049481359244,0.41982020666658576,0.07989168451861217,0.659396334416089
2022-10-26 00:00:00+00:00,0.01482489804156173,1.1430662817280308,-0.0236258454925794,0.25318765998664344,0.17363210024377995,0.3462633943822604,0.017801140245064406,1.17050507490662,-0.023546783385322567,0.3038251919839721,0.2083585202925359,0.4155160732587124,0.03724690400550035,0.6839568063856639
2022-10-27 00:00:00+00:00,-0.00192197862823984,1.140869332763888,-0.02550241575070844,0.2616954100131477,0.17626867851246253,0.4339451640518792,-0.002307350614989545,1.1678043093021857,-0.025799803315187053,0.3140344920157771,0.2115224142149549,0.5207341968622551,-0.003615643603902652,0.6814838623333099
2022-10-28 00:00:00+00:00,-0.0004877039597509514,1.1403129262727405,-0.02597768208131468,0.272303621354165,0.17691654827836165,0.4451650168845424,-0.0006117468942590243,1.1670899086428679,-0.026395767259895453,0.326764345624998,0.21229985793403403,0.5341980202614508,-0.0016548371520563876,0.6803561175193938
2022-10-29 00:00:00+00:00,0.010298939453777356,1.1520569400587832,-0.015946285202442123,0.2841838194983977,0.1792078122506102,0.4579999539652185,0.012362998206472353,1.1815186390902117,-0.014359099876715575,0.3410205833980772,0.21504937470073218,0.5495999447582621,0.027530483294746277,0.6990866502472399
2022-10-30 00:00:00+00:00,-0.006553395487067681,1.144507055306957,-0.022395178376028668,0.2880619708690114,0.17928154622830203,0.4664814092028599,-0.007862609816241761,1.1722288190404284,-0.022108809693314302,0.3456743650428138,0.21513785547396236,0.5597776910434318,-0.0159257206227732,0.687953191564292
2022-10-31 00:00:00+00:00,-0.006578465416530732,1.1369779552246446,-0.028826317886115782,0.2299626421101826,0.14555980039444122,0.4526849321195146,-0.007908358696859241,1.162958413064661,-0.029842323992758102,0.275955170532219,0.1746717604733294,0.5432219185434175,-0.01464905185721177,0.6778753295857324
2022-11-01 00:00:00+00:00,0.0019490778041935108,1.1391940137210304,-0.02693342481829064,0.2314687661175325,0.1461626863929886,0.37723234976535536,0.0023374890628833356,1.165676815635788,-0.02757459103581883,0.27776251934103885,0.17539522367158625,0.4526788197184264,0.005758579026251542,0.6817789282410981
2022-11-02 00:00:00+00:00,-0.00665974043694173,1.1316072772823305,-0.03341379563686464,0.2851333832593474,0.11971692658198567,0.3920431291840871,-0.00799084828641905,1.1563620690510463,-0.03534509494871052,0.34216005991121695,0.1436603118983828,0.47045175502090447,-0.019618909730270917,0.6684031689919351
2022-11-03 00:00:00+00:00,-0.0021639731235271187,1.1291585095479038,-0.03550546220467865,0.0,0.0,0.04610600082590555,-0.0025967004946333416,1.1533593430943663,-0.0378500148178077,0.0,0.0,0.05532720099108666,0.004295812022478529,0.6712745033611534
2022-11-04 00:00:00+00:00,0.003753989230128152,1.1333973584318542,-0.031884760097277476,0.27884566350350254,0.11534803981771995,0.06569895055353708,0.004504787076153649,1.1585549813572988,-0.033515733999237574,0.334614796204203,0.1384176477812639,0.07883874066424447,0.054399912318670474,0.7077917774857592
2022-11-05 00:00:00+00:00,0.002078524581201169,1.1357531527016234,-0.029872508773704176,0.3770798129113772,0.11615177226665753,0.4425428488244547,0.002491739737733978,1.1614417988426964,-0.03110750674774887,0.45249577549365255,0.13938212671998906,0.5310514185893456,0.0013091463710330764,0.7087183805227018
2022-11-06 00:00:00+00:00,-0.004276367347117449,1.1308962550050243,-0.03402113029972531,0.3823032362050866,0.11825405569449543,0.49761385493456484,-0.005130388929332597,1.1554831506958496,-0.03607830206884366,0.45876388344610414,0.14190486683339454,0.597136625921478,-0.010759549917584321,0.7010928897299582
2022-11-07 00:00:00+00:00,-0.01052223510846828,1.1189966987265751,-0.044185387076524085,0.0,0.0,0.2967346143193868,-0.012488884971380232,1.1410524545404412,-0.048116609275723365,0.0,0.0,0.35436098490146684,-0.0097986039117256,0.6942231581981673
2022-11-08 00:00:00+00:00,0.0173417585676654,1.138402069313906,-0.027609880823758592,-0.26317358138491787,0.0,0.07408335998766828,0.020814328446221442,1.1648026951036132,-0.028303795738685245,-0.3158082976619014,0.0,0.08890003198520192,-0.15030583618648397,0.58987736590517
2022-11-09 00:00:00+00:00,0.029320773193837635,1.1717808981916547,0.0,-0.21137119297178206,-0.1328516416606731,0.3304162664336687,0.03523820870860184,1.2058482555780163,0.0,-0.25364543156613856,-0.1594219699928077,0.3964995197204025,-0.08893477041405773,0.5374167577959447
2022-11-10 00:00:00+00:00,-0.020430094862273873,1.1478413032837986,-0.020430094862273873,-0.2289310483740928,0.0,0.30589450864470485,-0.024642480818292456,1.1761331630701637,-0.024642480818292456,-0.27471725804891145,0.0,0.36707341037364577,0.059866775652833715,0.5695901662669878
2022-11-11 00:00:00+00:00,0.005506914523015105,1.1541623672269687,-0.015035687125362407,-0.19241631474473728,-0.04749789255891842,0.22219288382051214,0.006600570983962273,1.1838963134996003,-0.01820456427819228,-0.23089957769368466,-0.0569974710707021,0.2666314605846145,-0.024137727655612062,0.5558415539583205
2022-11-12 00:00:00+00:00,-0.0001812142339184808,1.1539532165777742,-0.015214176678757019,-0.19695478231269561,0.0,0.22480750895183757,-0.00021933897898362975,1.183636638890975,-0.018419910286634256,-0.23634573877523476,0.0,0.26976901074220505,-0.0007054659615958192,0.5554494266619624
2022-11-13 00:00:00+00:00,0.005469209271280473,1.1602644282085053,-0.009828176923622922,-0.18469093891091248,-0.057515226175197554,0.2450030874600008,0.006564556641760699,1.191406688650238,-0.011976272189286319,-0.22162912669309495,-0.06901827141023706,0.2940037049520009,-0.02608834313906494,0.5409586714228083
2022-11-14 00:00:00+00:00,0.00027398033276360145,1.1605823178426395,-0.009556889318043438,-0.09426652618055076,-0.050063706303769086,0.2080720459535147,0.00030896491378085145,1.1917747915150747,-0.011671007523409771,-0.11311983141666088,-0.0600764475645229,0.2496864551442176,-0.01251000541006353,0.5341912755166882
2022-11-15 00:00:00+00:00,-0.005136637323723936,1.154620827391555,-0.01464443636739754,0.0,-0.03512868103292153,0.10412965342326386,-0.006162276623437712,1.184430745576919,-0.01776136417001406,0.0,-0.04215441723950583,0.12495558410791663,0.03712362237619149,0.5540223907056259
2022-11-16 00:00:00+00:00,0.0011574300829464423,1.1559572202715744,-0.01350395619565059,0.0,-0.16729629482269123,0.06765257030659975,0.0013876078318380003,1.1860742709557512,-0.016398402146202473,0.0,-0.20075555378722942,0.0811830843679197,-0.032557239442674635,0.5359849510748198
2022-11-17 00:00:00+00:00,0.00034995217873623474,1.1563617500193344,-0.013158729755806564,0.0,-0.1672033512668356,0.1670735911965118,0.0004188616834017722,1.1865710720215232,-0.01598640912512883,0.0,-0.2006440215202027,0.20048830943581417,0.0007763887543037473,0.5364010837633103
2022-11-18 00:00:00+00:00,-0.0007391463849912849,1.1555070294120655,-0.0138881499132677,0.0,-0.16779249017143427,0.16761241504619354,-0.0008881799767028742,1.185517183354419,-0.016860390293347405,0.0,-0.20135098820572114,0.20113489805543228,0.0023018224702104906,0.537635783830962
2022-11-19 00:00:00+00:00,-9.878183122036255e-06,1.1554956151020301,-0.013897890906701682,0.0,-0.16919006313089,0.16834496735301432,-1.1995636635564466e-05,1.1855029623210622,-0.016872183678867336,0.0,-0.20302807575706802,0.2020139608236172,-0.0002950816337521367,0.5374771373855055
2022-11-20 00:00:00+00:00,0.0031690269958075667,1.1591574118998258,-0.010772906702362195,0.0,-0.16681330524089755,0.1685932696559906,0.003794869012858415,1.1900017907774263,-0.013141342393031108,0.0,-0.20017596628907705,0.20231192358718866,-0.011471334791281484,0.5313115571998968
2022-11-21 00:00:00+00:00,0.013601977449886782,1.1749242448773562,0.0,-0.11082181464055206,-0.09872686554953125,0.19029215569548294,0.016334833816235017,1.2094402722707975,0.0,-0.13298617756866246,-0.11847223865943746,0.2283505868345795,-0.06534767007506503,0.49659158485292887
2022-11-22 00:00:00+00:00,-0.0064748763598402315,1.1673167556595967,-0.0064748763598402315,-0.08157947132837731,-0.0873461897623915,0.20182445552454428,-0.007772326139756536,1.2000401080281529,-0.007772326139756647,-0.09789536559405275,-0.10481542771486978,0.2421893466294531,0.030073767701611853,0.5115259648183711
2022-11-23 00:00:00+00:00,-0.005366423978267476,1.1610524390317916,-0.011806553406354059,-0.018335589418558014,0.0,0.09095147694295204,-0.0064029142640951164,1.1923563541029731,-0.014125474865946286,-0.012016079505837558,0.0,0.10747733436547043,0.027824527744551686,0.5257589332185184
2022-11-24 00:00:00+00:00,-9.263478296972494e-05,1.1609448851910853,-0.01189809449181145,-0.013758655818820442,0.0,0.015132019503159217,-5.31164006810636e-05,1.192293020425114,-0.014177840972244504,-0.006460277186214604,0.0,0.00814213235552024,0.017856308242673258,0.5351470467914073
2022-11-25 00:00:00+00:00,3.803207887553839e-05,1.160989038338529,-0.01186051492220408,0.0,0.0,0.00816275381865781,6.232194510014111e-06,1.1923004510271302,-0.014171697136797223,0.0,0.0,0.001549867951217602,-0.0037657927565567517,0.5331317939189075
2022-11-26 00:00:00+00:00,0.0,1.160989038338529,-0.01186051492220408,0.0,0.0,0.0,0.0,1.1923004510271302,-0.014171697136797223,0.0,0.0,0.0,0.003485924760398662,0.5349902512398852
2022-11-27 00:00:00+00:00,0.0,1.160989038338529,-0.01186051492220408,0.0,0.0,0.0,0.0,1.1923004510271302,-0.014171697136797223,0.0,0.0,0.0,0.003819727565214981,0.5370337682496674
2022-11-28 00:00:00+00:00,-0.00012590112056787284,1.1608428685176353,-0.011984922790652663,0.0,0.0,0.010291290576739694,-0.00011039715199279154,1.192168824453017,-0.014280529773787243,0.0,0.0,0.0090167566500289,-0.027504396327072245,0.5222629786467075
2022-11-29 00:00:00+00:00,0.0,1.1608428685176353,-0.011984922790652663,0.0,0.0,0.0,0.0,1.192168824453017,-0.014280529773787243,0.0,0.0,0.0,0.026712509785708383,0.5362139335745209
2022-11-30 00:00:00+00:00,0.0,1.1608428685176353,-0.011984922790652663,0.0,0.0,0.0,0.0,1.192168824453017,-0.014280529773787243,0.0,0.0,0.0,0.04846176658172441,0.5621998080612776
2022-12-01 00:00:00+00:00,0.0,1.1608428685176353,-0.011984922790652663,0.0,0.0,0.0,0.0,1.192168824453017,-0.014280529773787243,0.0,0.0,0.0,-0.0074097110051079,0.5580340699564164
2022-12-02 00:00:00+00:00,0.0,1.1608428685176353,-0.011984922790652663,0.0,0.0,0.0,0.0,1.192168824453017,-0.014280529773787243,0.0,0.0,0.0,0.005634636434864948,0.5611783890588887
2022-12-03 00:00:00+00:00,0.0,1.1608428685176353,-0.011984922790652663,0.0,0.0,0.0,0.0,1.192168824453017,-0.014280529773787243,0.0,0.0,0.0,-0.009695178782170522,0.5557376642482723
2022-12-04 00:00:00+00:00,0.0,1.1608428685176353,-0.011984922790652663,0.0,0.0,0.0,0.0,1.192168824453017,-0.014280529773787243,0.0,0.0,0.0,0.00902803492388271,0.5607548832896228
2022-12-05 00:00:00+00:00,0.0,1.1608428685176353,-0.011984922790652663,0.0,0.0,0.0,0.0,1.192168824453017,-0.014280529773787243,0.0,0.0,0.0,-0.015398364298760625,0.5521201753144201
2022-12-06 00:00:00+00:00,0.0,1.1608428685176353,-0.011984922790652663,0.0,0.0,0.0,0.0,1.192168824453017,-0.014280529773787243,0.0,0.0,0.0,0.0007459928982336272,0.5525320530441762
2022-12-07 00:00:00+00:00,-0.0008625861549877989,1.1598415415311356,-0.012837170917172624,-0.060463660570233724,-0.10587955194699115,0.07423722079029751,-0.0010351283855758453,1.1909347766624272,-0.015300875977633188,-0.07255639268428045,-0.12705546233638934,0.08908466494835703,-0.012428471872740099,0.5456649239641294
2022-12-08 00:00:00+00:00,-0.006152968814434612,1.1527050726964088,-0.018911153019288363,0.0,-0.14695359086281246,0.16533959116483296,-0.007381257119912221,1.1821441808628366,-0.022569193397794618,0.0,-0.17634430903537493,0.19840750939779953,0.035099248476167855,0.5648173527150756
2022-12-09 00:00:00+00:00,0.0008434891519772947,1.1536773669206575,-0.018083615219734117,0.0,-0.05864528568259406,0.07449216916829778,0.0006822615946482369,1.1829507124367762,-0.021902329897023898,0.0,-0.045892099308715496,0.06487415458755817,-0.009961762701789167,0.5591907762774753
2022-12-10 00:00:00+00:00,0.00021371978124862245,1.1539239305951472,-0.017873760264774496,0.0,0.0,0.009765993472764311,0.00016718293236239745,1.1831484816057216,-0.021738808660399123,0.0,0.0,0.007639763138587923,0.0025644229763270854,0.5606247779523114
2022-12-11 00:00:00+00:00,0.0,1.1539239305951472,-0.017873760264774496,0.0,0.0,0.0,0.0,1.1831484816057216,-0.021738808660399123,0.0,0.0,0.0,0.0007879264151389176,0.5610665090238414
2022-12-12 00:00:00+00:00,-0.0011117710426902239,1.1526410313836442,-0.018965659778378385,0.0,-0.14414377788754887,0.07218272155101317,-0.001334211478079217,1.1815699113212912,-0.02304401597044392,0.0,-0.17297253346505861,0.08661926586121578,-0.011349519302523814,0.5546986738496756
2022-12-13 00:00:00+00:00,-0.0038982915289906828,1.1481477006150342,-0.022790017636513338,0.0,0.17391522060424305,0.053012632584181374,-0.004677048727880773,1.1760436512706438,-0.027613286712744878,0.0,0.20869826472509176,0.06361515910101766,0.04460926899943196,0.579443376205064
2022-12-14 00:00:00+00:00,-0.0011289033873576049,1.146851552786623,-0.023893193295763226,0.0,0.18067177683173588,0.17731169733199534,-0.0013574909791415068,1.1744471826229672,-0.02893329290426938,0.0,0.21680613219808312,0.21277403679839435,-0.001689338984777633,0.5784644999201697
2022-12-15 00:00:00+00:00,-0.003309121115391389,1.1430564820970774,-0.02712324894070539,0.0,0.0,0.12980544915998124,-0.003970417044635521,1.169784137511057,-0.03278883270960031,0.0,0.0,0.15576653899197754,-0.02229912785096233,0.5655652460792069
2022-12-16 00:00:00+00:00,0.009344689967592856,1.153737990537722,-0.01803201732537718,-0.10853196538419951,-0.2718560137883332,0.2256324274342809,0.011216786476112572,1.1829053564046619,-0.021939831568792312,-0.1302383584610394,-0.3262272165459997,0.2707589129211371,-0.046475122272060854,0.5392805321148476
2022-12-17 00:00:00+00:00,0.006591392202014434,1.1613427301317203,-0.01155948122174777,-0.15664743567197803,-0.23902388639450312,0.3854593375501807,0.007902882931245525,1.1922537189550713,-0.014210336557966219,-0.18797692280637365,-0.2868286636734038,0.4625512050602169,-0.015477037578248254,0.5309340670540884
2022-12-18 00:00:00+00:00,-0.0018623478931495407,1.159179905945035,-0.013400301339398069,-0.20905035847477327,-0.2104071168849698,0.4152510418820817,-0.0022368696659094134,1.189586802777073,-0.016415419553086674,-0.25086043016972787,-0.25248854026196366,0.49830125025849803,0.004420236359569785,0.5332809211218151
2022-12-19 00:00:00+00:00,0.004838223301688149,1.164788277176827,-0.008626911687899752,-0.2090975192628739,-0.2118914112982795,0.4203219451886317,0.005806756291887538,1.1964944434288451,-0.010703983601973,-0.25091702311544867,-0.25426969355793533,0.504386334226358,-0.01139700810611799,0.5272031141409518
2022-12-20 00:00:00+00:00,-0.012801597333458758,1.149877126673676,-0.021318070771698783,-0.3061770530743068,0.0,0.3974169110325407,-0.015351914401564248,1.1781259631513783,-0.025891571363523935,-0.3674124636891681,0.0,0.47690029323904876,0.03061763176452459,0.54334482495483
2022-12-21 00:00:00+00:00,0.0029167694121767784,1.1532310531045196,-0.018463481256275505,-0.3106986136253636,0.0,0.3104053353074947,0.003500143043926096,1.1822495725461712,-0.022482052523002283,-0.37283833635043623,0.0,0.37248640236899355,-0.008210844410038165,0.5388835051361265
2022-12-22 00:00:00+00:00,0.0016693569604386838,1.1551562073900137,-0.016824946436785893,-0.3776510474439536,0.0,0.3263910605398823,0.002001465057630325,1.1846158037550207,-0.020525584507920636,-0.4531812569327443,0.0,0.3916692726478588,-0.008295859547968853,0.5344130032648
2022-12-23 00:00:00+00:00,-0.005065349743719749,1.1493049371909545,-0.02180507194238379,-0.43825278727087746,0.0,0.41969114475952535,-0.006077976774804483,1.1774157364127313,-0.026478807256796744,-0.5259033447250528,0.0,0.5036293737114302,0.01671410098936943,0.5433452361714001
2022-12-24 00:00:00+00:00,0.00013432393331314074,1.149459316350694,-0.021673676952100207,-0.4507694085166156,0.0,0.44991371421259574,0.00016046021752780248,1.1776046647979168,-0.026322595834441187,-0.5409232902199388,0.0,0.5398964570551149,0.00153843540741061,0.544181137721174
2022-12-25 00:00:00+00:00,0.0013915201373588815,1.1510588121364709,-0.02031231617267082,-0.3427852576573284,0.0,0.43336359928179086,0.001669967503425962,1.1795712263200122,-0.024696586210664506,-0.41134230918879416,0.0,0.520036319138149,-0.00791039460139542,0.5398764501871632
2022-12-26 00:00:00+00:00,-0.001106836796900712,1.1497847778878014,-0.02139667055060135,-0.3424762479900261,0.0,0.3427110405268697,-0.00132882695541503,1.1780037802786463,-0.025992595676616048,-0.4109714975880312,0.0,0.41125324863224355,0.005444365507143667,0.5428157349106814
2022-12-27 00:00:00+00:00,0.003336089841151857,1.153620563204824,-0.018131961924707785,-0.34264797401236796,0.0,0.3424934437739349,0.004003077229269625,1.1827194203874734,-0.02209356881522906,-0.4111775688148416,0.0,0.41099213252872197,-0.007685663196600134,0.5386438359943428
2022-12-28 00:00:00+00:00,0.0020935876622469873,1.156035768982864,-0.016076335114238782,-0.37397619618106326,-0.07349761503394173,0.45811837027795327,0.002511527694855298,1.1856898529670197,-0.019637529730331393,-0.4487714354172759,-0.08819713804073008,0.5497420443335438,-0.009787761394259853,0.5333717186511414
2022-12-29 00:00:00+00:00,-0.0011721908787067914,1.1546806743990035,-0.017229681459561608,-0.45280613914077034,-0.11769439812806269,0.5355229686494735,-0.0014071433815351364,1.1840214173378638,-0.021017040291876787,-0.5433673669689245,-0.1412332777536752,0.6426275623793682,0.002739979034501072,0.5348331459778414
2022-12-30 00:00:00+00:00,0.002811940934184687,1.157927568253258,-0.014466189371956095,-0.48048202916814736,-0.12338534664594335,0.5911298336500824,0.003371488254002575,1.1880133316389059,-0.017716410742352195,-0.5759859982720443,-0.14806241597513198,0.7092570609251435,-0.0038319264878354797,0.5327837046791966
2022-12-31 00:00:00+00:00,-0.001866867478190981,1.155765870933985,-0.01630605039167521,-0.5893404120997253,-0.09192294483288344,0.6285833339951192,-0.002231179710934783,1.185362660397033,-0.019908061957088052,-0.640541827853004,-0.11030753379946011,0.7336880153094952,0.004714256139441986,0.5352953835299751
2023-01-01 00:00:00+00:00,-0.0009604458839667096,1.1546558203604174,-0.017250835196659486,-0.5899295362736445,-0.09238908211561409,0.6816546404539272,-0.0010337576463479436,1.1841372826831522,-0.020921239492163957,-0.6412487768617069,-0.11086689853873688,0.7513189018780458,0.0005071596356447383,0.5355668637416484
2023-01-02 00:00:00+00:00,-0.0060578162399062,1.147661127580336,-0.023204149046959333,-0.4022575015312982,0.0,0.6212441774775074,-0.006700685128071537,1.176202751603482,-0.02748173798190956,-0.48270900183755794,0.0,0.6954930129730088,0.011080078099755308,0.5415009864195469
2023-01-03 00:00:00+00:00,0.0019190798540775766,1.1498635809295832,-0.021329599807848876,-0.33256630417357536,0.0,0.379143283076353,0.002302643026222073,1.178911126666885,-0.02524237558800002,-0.3990795650082904,0.0,0.4549719396916235,-0.006441508507976534,0.5380129032084477
2023-01-04 00:00:00+00:00,-0.004565565001819261,1.1446138040076246,-0.02579778313528258,0.0,0.0,0.1659580890512461,-0.005478211015209178,1.1724528027468257,-0.03058230354321312,0.0,0.0,0.19914970686149527,0.02485605507408417,0.5513857815611648
2023-01-05 00:00:00+00:00,0.0,1.1446138040076246,-0.02579778313528258,0.0,0.0,0.0,0.0,1.1724528027468257,-0.03058230354321312,0.0,0.0,0.0,0.00025007984972713615,0.5515236720345593
2023-01-06 00:00:00+00:00,0.0,1.1446138040076246,-0.02579778313528258,0.0,0.0,0.0,0.0,1.1724528027468257,-0.03058230354321312,0.0,0.0,0.0,0.011315876683751114,0.557764645895472
2023-01-07 00:00:00+00:00,0.0,1.1446138040076246,-0.02579778313528258,0.0,0.0,0.0,0.0,1.1724528027468257,-0.03058230354321312,0.0,0.0,0.0,-0.004028779803542215,0.5555175349549585
2023-01-08 00:00:00+00:00,0.0,1.1446138040076246,-0.02579778313528258,0.0,0.0,0.0,0.0,1.1724528027468257,-0.03058230354321312,0.0,0.0,0.0,-0.0007824101078710566,0.5550828924205101
2023-01-09 00:00:00+00:00,0.01288844381362142,1.1593660947088724,-0.013241832600116132,0.0,0.2661443742109392,0.4788491801975023,0.014422119702337977,1.189362057413382,-0.016601245483348626,0.0,0.2965897956793075,0.5263773295635883,0.03854590700588689,0.5764790659723098
2023-01-10 00:00:00+00:00,0.003659992452195171,1.1636093658648379,-0.00963030515529062,0.4700256885970764,0.26966144595426383,0.4248598073046747,0.004064998280961962,1.1941968121322089,-0.012603731236738303,0.5203149261743563,0.30064296862058537,0.47234905060700144,0.006980543907942671,0.5805032034043393
2023-01-11 00:00:00+00:00,0.004428137428591938,1.1687619880500841,-0.005244812041405589,0.47040642750852646,0.27221239885639315,0.7420349810266046,0.004902442791363093,1.2000512936853152,-0.007763077516721006,0.5210158428596173,0.30346008211161957,0.8237753105652587,0.005261378589264343,0.5835574505297302
2023-01-12 00:00:00+00:00,0.04764466381141674,1.2244472600462935,0.0,0.4118589676095717,0.25875064365456607,0.6781701274446431,0.05569897496079923,1.2668929206439683,0.0,0.494230761131486,0.3105007723854792,0.8033122528532936,0.06724538331509988,0.6227989949769843
2023-01-13 00:00:00+00:00,0.007458538603044129,1.2335798472027404,0.0,0.3406166367419515,0.2515692325855719,0.5914559701320187,0.008946846578543832,1.278227617236413,0.0,0.4087399640903418,0.30188307910268614,0.7097471641584224,0.009368337170432506,0.6286335859513352
2023-01-14 00:00:00+00:00,0.046003359823349355,1.2903286647844403,0.0,0.3994778774679486,0.10303254454211556,0.5256966252414883,0.05526019795119175,1.3488627283915775,0.0,0.4793734529615383,0.12363905345053866,0.6308359502897859,0.07705168512852212,0.6770708630772713
2023-01-15 00:00:00+00:00,0.0027030831727141713,1.2938165304854898,0.0,0.4025709468040997,0.10640439020423591,0.5034310478221686,0.0032341810280338557,1.3532251946371636,0.0,0.4830851361649196,0.12768526824508306,0.6041172573866023,0.008966144744074533,0.6831415784376176
2023-01-16 00:00:00+00:00,0.011009847828713726,1.3080612536044094,0.0,0.3982089205093464,0.10722603104730512,0.5096553872410154,0.01320593302596107,1.371095795926585,0.0,0.4778507046112157,0.12867123725676613,0.6115864646892185,0.023767688463874448,0.6993782746506423
2023-01-17 00:00:00+00:00,-6.060648874184338e-05,1.3079819766047691,-6.060648874184338e-05,0.3939206500070343,0.10597200412639803,0.5002369159840344,-7.81878312644535e-05,1.3709885929198458,-7.81878312644535e-05,0.47270478000844113,0.1271664049516776,0.6002842991808411,-0.0007203767981545095,0.6988744587684507
2023-01-18 00:00:00+00:00,-0.0116647761120936,1.2927246596890207,-0.011724675639713467,0.38790114930706715,0.10440307650159353,0.49626707457626473,-0.013991767157625845,1.3518060397519502,-0.014068861002960675,0.4654813791684806,0.1252836918019122,0.5955204894915177,-0.026160627170637163,0.6805914646135284
2023-01-19 00:00:00+00:00,0.003483256425950376,1.297227551166867,-0.008282259265527392,0.4093124886228238,0.03198691002658513,0.47549038914455166,0.004207453789171645,1.3574937011961297,-0.009920601296325215,0.4726657860702714,0.05320842508811846,0.5693633936354021,0.009500437410910667,0.6870573812254892
2023-01-20 00:00:00+00:00,0.010655083268317211,1.3110496187425051,0.0,0.3641987626899999,0.12582452379998624,0.4898239422251683,0.012799499336931586,1.3748689409244783,0.0,0.4370385152279999,0.15098942855998346,0.5874810118886118,0.025375673296615497,0.7044919248674955
2023-01-21 00:00:00+00:00,0.029299014135024892,1.349462080053761,0.0,0.18282985448153188,0.14469877759456487,0.4109522271652044,0.03519520609172666,1.4232577366494292,0.0,0.2193958253778382,0.17363853311347785,0.4931426725982453,0.059964046687088324,0.7467361115409267
2023-01-22 00:00:00+00:00,-0.008779155384021409,1.337614942768124,-0.00877915538402152,0.3049404560404401,0.0,0.30947861303916036,-0.010533208710646114,1.408266265860259,-0.010533208710646114,0.36592854724852814,0.0,0.37137433564699246,-0.02165910878189803,0.7305624728696902
2023-01-23 00:00:00+00:00,0.0011257227270857761,1.3391207263092877,-0.007663315551676098,0.23795805529086678,0.0,0.29618650880445324,0.001349708016238127,1.4101670141282883,-0.009197717450641463,0.2855496663490401,0.0,0.35542381056534383,-0.0031286163051774674,0.7282768232051193
2023-01-24 00:00:00+00:00,0.002145078259341293,1.341993245065927,-0.00553467570391919,0.2067442852707413,0.0,0.22727197118353235,0.002573700235096732,1.4137963613040758,-0.006647689383109889,0.24809314232488952,0.0,0.2727263654202388,0.005370891711958814,0.7321883191588834
2023-01-25 00:00:00+00:00,-0.0030331313222971,1.3379228033200066,-0.008551019627979883,0.03234550905275546,0.0,0.1033839766468324,-0.0036403449088825424,1.4086496549180059,-0.010263834409790729,0.038814610863306544,0.0,0.12406077197619886,-0.024480776650994795,0.7142637804510875
2023-01-26 00:00:00+00:00,0.0002653449242806527,1.338277814344947,-0.008287943673354947,0.0,0.0,0.026789333675372933,0.000318392826247349,1.4090981588628275,-0.009948709514789322,0.0,0.0,0.03214720041044752,0.01969176207392298,0.7283288928737511
2023-01-27 00:00:00+00:00,0.0,1.338277814344947,-0.008287943673354947,0.0,0.0,0.0,0.0,1.4090981588628275,-0.009948709514789322,0.0,0.0,0.0,0.006290541554853091,0.7329104760399736
2023-01-28 00:00:00+00:00,0.0,1.338277814344947,-0.008287943673354947,0.0,0.0,0.0,0.0,1.4090981588628275,-0.009948709514789322,0.0,0.0,0.0,-0.01513065254076773,0.721821062283524
2023-01-29 00:00:00+00:00,0.0017580278736784027,1.3406305440452908,-0.006544486235669722,0.09322701442072766,0.0,0.03107711157624153,0.0021097381819712435,1.4120709870507258,-0.007859960505142816,0.11187241730487317,0.0,0.037292533891489836,0.04414117735011103,0.7536830938088266
2023-01-30 00:00:00+00:00,-0.005659685588045638,1.3330429966762638,-0.012167132089286214,0.0,0.0,0.10818267910264907,-0.006790544501429907,1.4024822561739798,-0.014597131594982993,0.0,0.0,0.12981921492317888,-0.05560900989506157,0.711771523187471
2023-01-31 00:00:00+00:00,0.0,1.3330429966762638,-0.012167132089286214,0.0,0.0,0.0,0.0,1.4024822561739798,-0.014597131594982993,0.0,0.0,0.0,0.023914967727297176,0.7287935161937085
2023-02-01 00:00:00+00:00,0.0,1.3330429966762638,-0.012167132089286214,0.0,0.0,0.0,0.0,1.4024822561739798,-0.014597131594982993,0.0,0.0,0.0,0.01377086946943229,0.7388296365753806
2023-02-02 00:00:00+00:00,0.0003156537761332956,1.3334637767319126,-0.011855318914341662,0.11545636907041666,0.05255381187885796,0.13565935985360134,0.0003557619774550158,1.402981206034782,-0.014246562721929368,0.14778914797965748,0.05563941268312043,0.1640175449184214,0.023571600069880683,0.7562450332885108
2023-02-03 00:00:00+00:00,-0.0024768867502109604,1.3301609379714392,-0.01430284138221416,0.0,0.0,0.12177364237159054,-0.002929366664639832,1.3988713596587075,-0.017134195980645806,0.0,0.0,0.1464319266776356,-0.01869559990484948,0.7421065787161192
2023-02-04 00:00:00+00:00,-0.0002184660022553908,1.3298703430289642,-0.014518182699891913,0.0,0.07445344966714622,0.012408908277857704,-0.0002184660022553908,1.3985657538250933,-0.017348918743603448,0.0,0.07445344966714622,0.012408908277857704,0.0121983847628917,0.7511590802983715
2023-02-05 00:00:00+00:00,-0.0010359863633285782,1.3284926154885912,-0.015539128423923021,0.0,0.0,0.05195602422414644,-0.0010359863633285782,1.3971168587759122,-0.0183669318636952,0.0,0.0,0.05195602422414644,-0.028824323730894386,0.7295074277944503
2023-02-06 00:00:00+00:00,0.0,1.3284926154885912,-0.015539128423923021,0.0,0.0,0.0,0.0,1.3971168587759122,-0.0183669318636952,0.0,0.0,0.0,0.012062409656018902,0.7383070452356156
2023-02-07 00:00:00+00:00,0.0,1.3284926154885912,-0.015539128423923021,0.0,0.0,0.0,0.0,1.3971168587759122,-0.0183669318636952,0.0,0.0,0.0,0.004807744988415408,0.7418566372322589
2023-02-08 00:00:00+00:00,-0.0023229698603710602,1.3254065671830857,-0.01782600135730883,0.0,0.1288969994196508,0.09639146448004439,-0.0025426309774413403,1.393564506171683,-0.02086286251121927,0.0,0.13513136350198093,0.10161813285673155,-0.008289904588681729,0.7357067164911232
2023-02-09 00:00:00+00:00,-6.444849970987931e-05,1.325321146718325,-0.017889300997975477,0.0,0.0,0.0,-6.756568175103617e-05,1.3934703490357594,-0.020929018579441516,0.0,0.0,0.0,-0.04031293192494845,0.7060482217124892
2023-02-10 00:00:00+00:00,0.0,1.325321146718325,-0.017889300997975477,0.0,0.0,0.0,0.0,1.3934703490357594,-0.020929018579441516,0.0,0.0,0.0,-0.019394452007698404,0.6923548033613655
2023-02-11 00:00:00+00:00,0.0,1.325321146718325,-0.017889300997975477,0.0,0.0,0.0,0.0,1.3934703490357594,-0.020929018579441516,0.0,0.0,0.0,-0.007702961081146986,0.6870216212567277
2023-02-12 00:00:00+00:00,0.0,1.325321146718325,-0.017889300997975477,0.0,0.0,0.0,0.0,1.3934703490357594,-0.020929018579441516,0.0,0.0,0.0,0.01496800558655842,0.6973049647217848
2023-02-13 00:00:00+00:00,0.0,1.325321146718325,-0.017889300997975477,0.0,0.0,0.0,0.0,1.3934703490357594,-0.020929018579441516,0.0,0.0,0.0,-0.025967541827374152,0.6791976688839362
2023-02-14 00:00:00+00:00,0.0,1.325321146718325,-0.017889300997975477,0.0,0.0,0.0,0.0,1.3934703490357594,-0.020929018579441516,0.0,0.0,0.0,0.03800878571840127,0.7050131475409833
2023-02-15 00:00:00+00:00,0.00418914858213304,1.330873113920971,-0.013775093355753443,0.19952805395922715,0.0,0.03325467565987119,0.005026978298559692,1.4004752942400485,-0.01600725000309089,0.2394336647510726,0.0,0.03990561079184544,0.045815357408935276,0.7373135768735719
2023-02-16 00:00:00+00:00,0.016099069854527137,1.3522989331494968,0.0,0.2849853831622773,0.16220287031587546,0.34568499006913145,0.019324709571572507,1.4275390725633998,0.0,0.3419824597947326,0.19464344437905048,0.4148219880829577,0.05976443259206521,0.781378704437847
2023-02-17 00:00:00+00:00,-0.007992888612627591,1.3414901584058578,-0.00799288861262748,0.12541092140557564,0.19751940492881062,0.3884759894968379,-0.009663193295663008,1.4137444865681081,-0.009663193295663008,0.15049310568669075,0.2370232859145727,0.4661711873962055,-0.005883852875370521,0.7767811871009871
2023-02-18 00:00:00+00:00,-0.0017786539487500974,1.3391041116384,-0.009757325978484777,0.27392249040294103,0.13914100288896153,0.3821826394587437,-0.0021359953978221657,1.4107247348511023,-0.011778548157077351,0.3287069884835292,0.16696920346675384,0.4586191673504924,-0.005679959960747327,0.7723691010599917
2023-02-19 00:00:00+00:00,-0.0021303427085026527,1.3362513609582451,-0.011866882238734666,0.2740562808669506,0.13981309098242028,0.4145391028984322,-0.0025666678959370692,1.4071038729641556,-0.014314984431598954,0.3288675370403406,0.16777570917890436,0.49744692347811864,-0.004836429192619285,0.768633592592148
2023-02-20 00:00:00+00:00,0.0044133791594511695,1.3421487448664866,-0.007505876130043609,0.23785427617306912,0.1407790035601674,0.36774592987054255,0.005294960405532345,1.414554432257972,-0.009095821301837725,0.28542513140768294,0.16893480427220084,0.44129511584465103,0.015781251839852795,0.7807635928894155
2023-02-21 00:00:00+00:00,-0.0066730178876135415,1.3331925622841545,-0.014128807171979063,0.0,0.09492113017452775,0.32757659445179094,-0.00800767344770914,1.4032271422904405,-0.017030658382823027,0.0,0.11390535620943328,0.39309191334214905,-0.016717757096904706,0.7677109767933837
2023-02-22 00:00:00+00:00,-0.0016279380507874253,1.3310222073829854,-0.015733744399959004,0.0,0.0,0.036493128029890395,-0.001953315762018293,1.4004861965957127,-0.018950707891384644,0.0,0.0,0.04379175363586848,-0.03382185686002659,0.7417455660264067
2023-02-23 00:00:00+00:00,0.0,1.3310222073829854,-0.015733744399959004,0.0,0.0,0.0,0.0,1.4004861965957127,-0.018950707891384644,0.0,0.0,0.0,0.016675834254306965,0.7541147921443302
2023-02-24 00:00:00+00:00,0.0,1.3310222073829854,-0.015733744399959004,0.0,0.0,0.0,0.0,1.4004861965957127,-0.018950707891384644,0.0,0.0,0.0,-0.029493125665791875,0.731873589813185
2023-02-25 00:00:00+00:00,0.0,1.3310222073829854,-0.015733744399959004,0.0,0.0,0.0,0.0,1.4004861965957127,-0.018950707891384644,0.0,0.0,0.0,-0.012444534217355918,0.7227657638819757
2023-02-26 00:00:00+00:00,0.0,1.3310222073829854,-0.015733744399959004,0.0,0.0,0.0,0.0,1.4004861965957127,-0.018950707891384644,0.0,0.0,0.0,0.027371286650235138,0.7425487927861654
2023-02-27 00:00:00+00:00,-0.0010512289747052206,1.3296229982726082,-0.016768433606670463,0.0,0.06788682087490143,0.02992631141576331,-0.000916497460812904,1.3992026545526293,-0.019849837076534427,0.0,0.05803078470527042,0.019673506842024912,-0.010871092820521677,0.7344764759360206
2023-02-28 00:00:00+00:00,0.00048679193022382883,1.3302702480184074,-0.0162898044146087,0.0,0.06830984798785973,0.06819089125211024,0.0004164664910442095,1.3997853755724305,-0.019441637377485277,0.0,0.058504554099452453,0.058376747376979655,0.003911758341324623,0.73734957041727
2023-03-01 00:00:00+00:00,-0.000827652405051782,1.329169246648266,-0.017103974523859033,0.0,0.034363406959875886,0.035515345509341316,-0.0013386851291081747,1.3979115037062086,-0.02075429627575076,0.0,0.04123608835185106,0.03085068655684073,0.0026120896309236308,0.739275593584523
2023-03-02 00:00:00+00:00,-1.718170347997372e-05,1.3291464092563954,-0.01712086235192045,0.0,0.0,0.0,-2.0618044175968464e-05,1.3978826815050711,-0.02077448640692925,0.0,0.0,0.0,0.008435479911545807,0.7455117380033014
2023-03-03 00:00:00+00:00,0.0,1.3291464092563954,-0.01712086235192045,0.0,0.0,0.0,0.0,1.3978826815050711,-0.02077448640692925,0.0,0.0,0.0,-0.049207114777529926,0.7088272563433772
2023-03-04 00:00:00+00:00,0.0010040242561544233,1.3304809044912693,-0.016134027856853694,0.0,-0.1976708076129785,0.098776139579231,0.0012048328293550181,1.3995668964513353,-0.019594683360810272,0.0,-0.23720496913557418,0.1185313674950772,-0.004383459448502158,0.705720140809203
2023-03-05 00:00:00+00:00,-0.0006789337818812191,1.3295775960590623,-0.016802007702184985,0.0,-0.20096038945911374,0.20034493273503104,-0.00081477009250841,1.398426571201642,-0.02039348829134413,0.0,-0.24115246735093643,0.24041391928203718,0.005010519498479082,0.7092561653351969
2023-03-06 00:00:00+00:00,0.00014442485915910908,1.3297696201161142,-0.01666000947062196,0.0,-0.23624778152168457,0.20715210673555648,0.00017239557329662425,1.3986676537520975,-0.02022460846515295,0.0,-0.28349733782602143,0.24858252808266776,0.00032137620460392924,0.7094841033897042
2023-03-07 00:00:00+00:00,-0.00027342329313917446,1.3294060301274657,-0.016928877529107877,0.0,-0.12932740299331838,0.14383930086539662,-0.00032840381187038137,1.3982083259630655,-0.02054637043850982,0.0,-0.15519288359198202,0.17260716103847598,-0.010277393518571265,0.7021924560639976
2023-03-08 00:00:00+00:00,-0.0008669196193470396,1.32825354195787,-0.01778112117239139,0.0,0.0,0.04321375536648616,-0.001040286869214091,1.3967537882011403,-0.021565283188346718,0.0,0.0,0.05185650643978338,-0.0025105671208819347,0.700429554771272
2023-03-09 00:00:00+00:00,0.0,1.32825354195787,-0.01778112117239139,0.0,0.0,0.0,0.0,1.3967537882011403,-0.021565283188346718,0.0,0.0,0.0,-0.047450156349155614,0.6671940628858057
2023-03-10 00:00:00+00:00,0.0,1.32825354195787,-0.01778112117239139,0.0,0.0,0.0,0.0,1.3967537882011403,-0.021565283188346718,0.0,0.0,0.0,-0.04196610125153766,0.6391945292883152
2023-03-11 00:00:00+00:00,0.0,1.32825354195787,-0.01778112117239139,0.0,0.0,0.0,0.0,1.3967537882011403,-0.021565283188346718,0.0,0.0,0.0,0.015912856336902426,0.6493659400042141
2023-03-12 00:00:00+00:00,0.0031794197868426632,1.3324766175511147,-0.014658235034036515,0.00732939379883397,0.06533098928570116,0.08136374506997023,0.003815382679046797,1.4020829384115359,-0.01783218031724554,0.008795272558600761,0.07839718714284138,0.09763649408396424,0.0342815110564354,0.6716271856561411
2023-03-13 00:00:00+00:00,0.02397489249437479,1.3644226012081708,0.0,0.1008108525282364,0.2202557291359153,0.22166100704360234,0.028800632626879263,1.4424638140331418,0.0,0.12097302303388364,0.26430687496309835,0.26599320845232277,0.13892060202273826,0.7649300386223297
2023-03-14 00:00:00+00:00,0.009283306344376907,1.377088954198378,0.0,0.1568743879205388,0.1593449067975819,0.32610528693479895,0.011105278268769947,1.4584827760806112,0.0,0.18824926550464652,0.1912138881570983,0.3913263443217587,0.026289659587490632,0.7850397889459568
2023-03-15 00:00:00+00:00,-0.011860412091847294,1.3607561117144542,-0.011860412091847294,0.1858815617384161,0.12965922141783723,0.31514829048909204,-0.01422291691037747,1.4377388967412,-0.01422291691037747,0.22305787408609926,0.1555910657014047,0.3781779485869104,-0.03560062219895166,0.7570918840085471
2023-03-16 00:00:00+00:00,0.006803460468484124,1.3700139621277516,-0.005137643468170028,0.2397467937480441,0.07448354962464558,0.3155405118429396,0.008167500100808356,1.4494816293252697,-0.0061715824848684875,0.2876961524976529,0.0893802595495747,0.37864861421152746,0.02214881458560569,0.7738605717717193
2023-03-17 00:00:00+00:00,0.020006234419689184,1.3974227826123267,0.0,0.1816387415365396,0.12881248310669566,0.31300193429515627,0.024026761794071927,1.4843079791579512,0.0,0.21796648984384748,0.1545749797280348,0.3756023211541875,0.056227076783665675,0.8173724895605792
2023-03-18 00:00:00+00:00,0.007510003270142285,1.4079174322795165,0.0,0.15606840373841013,0.1610731285007763,0.3152869344810023,0.009008996721458606,1.49768010487582,0.0,0.18728208448609215,0.19328775420093147,0.3783443213772027,0.024442193950290125,0.8373508664800503
2023-03-19 00:00:00+00:00,0.008121225868154669,1.4193514477507707,0.0,0.1577153683183149,0.1623257458376851,0.31956273506069716,0.009740639772457316,1.5122684672717914,0.0,0.18925844198197792,0.19479089500522215,0.3834752820728366,0.0255061681982256,0.8587084785214204
2023-03-20 00:00:00+00:00,-0.008556905791969216,1.4072061911266722,-0.008556905791969216,0.15153186064365218,0.15793092785600862,0.313520480708753,-0.010282914971122437,1.496717939209326,-0.010282914971122437,0.18183823277238262,0.18951711342721034,0.37622457685050353,-0.026964146845616654,0.8355541370089927
2023-03-21 00:00:00+00:00,0.003732961806345747,1.4124592380918013,-0.004855886588125413,0.15133663080556817,0.15534378782468847,0.3056440767649999,0.004473651057777861,1.503413733001265,-0.005855266086782107,0.18160395696668177,0.18641254538962615,0.36677289211799985,0.016772555310223147,0.8495685149866619
2023-03-22 00:00:00+00:00,-0.013760746176024963,1.3930227450324384,-0.01854981214135165,0.17285502128254238,0.13404183165574698,0.30874298378987014,-0.016530250431280313,1.478561927492928,-0.022288727503306127,0.20742602553905085,0.16085019798689634,0.37049158054784415,-0.04453651048274976,0.8117316979131443
2023-03-23 00:00:00+00:00,0.014976620211713643,1.413885517631068,-0.0038510054210776357,0.1427049621123503,0.146836401624279,0.28678878551202336,0.0179780890638368,1.5051436455117941,-0.0047113471676433205,0.17124595453482028,0.17620368194913474,0.34414654261442795,0.056629730254248,0.8576998450047884
2023-03-24 00:00:00+00:00,-0.007067115939704438,1.4038934247525003,-0.010890905858986888,0.20369364146555968,0.07706611207599572,0.286490151242809,-0.008486587218808572,1.4923701126873228,-0.013157951127795608,0.24443236975867155,0.09247933449119485,0.3437881814913708,-0.02307333086903185,0.8379098526946755
2023-03-25 00:00:00+00:00,-0.0046117828269295336,1.3974189731653874,-0.015452462193306205,0.20460953134660162,0.0,0.21062828578811554,-0.0055342877168356175,1.4841109071037046,-0.018619418957325995,0.245531437615922,0.0,0.25275394294573866,-0.02314170157412998,0.8185191929375921
2023-03-26 00:00:00+00:00,0.004484687817602362,1.4036859610104286,-0.011037073844654133,0.20452546545093586,0.0,0.20420024583567875,0.005382474730580622,1.4920990965585694,-0.013337162778781275,0.24543055854112303,0.0,0.24504029500281446,0.02441191129099951,0.8385008108655652
2023-03-27 00:00:00+00:00,-0.006610104642456371,1.3944074499230028,-0.01757422227405081,0.06328466959299932,0.0,0.18119018575944554,-0.007933632762589071,1.4802613302810828,-0.021164983389788672,0.07594160351159918,0.0,0.21742822291133465,-0.030769484937314906,0.8127005727957108
2023-03-28 00:00:00+00:00,0.0001798903075831415,1.3946582903080658,-0.0173974933987181,0.009902753362197527,0.0,0.049547838595969874,0.00021582740328640604,1.4805808112401826,-0.02095372396990791,0.011883304034637035,0.0,0.05945740631516385,0.031081711693376368,0.837960697692389
2023-03-29 00:00:00+00:00,0.004587507017284498,1.401056295001568,-0.01288979750448338,0.0,0.272032848380305,0.23854163830822692,0.004975744600738352,1.4879478032176678,-0.016082239748078098,0.0,0.292943139661044,0.26402541560251075,0.023322530207440906,0.857504061376968
2023-03-30 00:00:00+00:00,-0.004217062579969788,1.3951479529274857,-0.017052503001733665,0.0,0.2729973808100074,0.2713916844372498,-0.004541926524111561,1.4811896536237399,-0.020551121920910798,0.0,0.2939477760564971,0.2923434688084547,-0.015342027037094308,0.8443482108829043
2023-03-31 00:00:00+00:00,0.003943482024201028,1.400649693800956,-0.0131762672165876,0.0,0.2856647989903824,0.19105831061970432,0.0045672926813600245,1.4879546802884418,-0.016077692228293916,0.0,0.30910377550379714,0.21522851395233933,0.021736944236941502,0.8627017608594274
2023-04-01 00:00:00+00:00,-0.0019995387117749397,1.3978490405165653,-0.015149459471986315,0.0,0.2854802047688426,0.28564457447710856,-0.0021647162830541467,1.4847336805635747,-0.0182076048691876,0.0,0.3091063799353622,0.30922774648274937,-0.00440221838317989,0.8589039593085703
2023-04-02 00:00:00+00:00,-0.005098831725457553,1.3907216434813792,-0.02017104665286451,0.09266957723571684,0.17418273830893746,0.28091147502828706,-0.006082079061825785,1.4757034129326314,-0.024178943838672473,0.11120349268286021,0.20901928597072494,0.314632992489173,-0.017680810515196543,0.8437178411532834
2023-04-03 00:00:00+00:00,0.00022277753402266676,1.3910314650196258,-0.0199527627748739,0.04215865527978179,0.04284930698759067,0.10073736824023682,0.00026642114677222217,1.4760965715282006,-0.02391896447384556,0.050590386335738154,0.05141916838510879,0.12088484188828418,0.013873720698755587,0.8554233468300011
2023-04-04 00:00:00+00:00,0.00649607147165332,1.400067704835712,-0.013586305876263083,0.0,0.32012470212133576,0.29413484715722127,0.007263948744681947,1.4868188613659823,-0.01682876186112736,0.0,0.3677661930891813,0.3391212641434688,0.014988446135633993,0.8682448135871264
2023-04-05 00:00:00+00:00,0.007272194357945461,1.4102492692995598,-0.006412913775256324,0.0,0.29480983105454994,0.2977053074670317,0.008292882029677706,1.4991488747827901,-0.008675438768269594,0.0,0.3287376334009717,0.3396140145482811,0.012735532366788815,0.8793023735128617
2023-04-06 00:00:00+00:00,-0.006950743087080435,1.4004469889399156,-0.013319082346245348,0.0,0.055291415920028064,0.24236552352942153,-0.007776749537388494,1.4874903694643467,-0.016384721591230278,0.0,0.06634969910403367,0.27409316992627003,-0.014889635137978918,0.8662098819952962
2023-04-07 00:00:00+00:00,-0.0006875756345083861,1.3994840757129,-0.013997500104258487,0.0,0.0,0.03692347048607756,-0.0008251145001724192,1.4862630195916349,-0.017196316820036417,0.0,0.0,0.04430816458329307,-0.006156735275884673,0.8608768570584959
2023-04-08 00:00:00+00:00,0.0,1.3994840757129,-0.013997500104258487,0.0,0.0,0.0,0.0,1.4862630195916349,-0.017196316820036417,0.0,0.0,0.0,0.0005270325306419021,0.8613305671670425
2023-04-09 00:00:00+00:00,0.0,1.3994840757129,-0.013997500104258487,0.0,0.0,0.0,0.0,1.4862630195916349,-0.017196316820036417,0.0,0.0,0.0,0.0040937631580022504,0.8648566505097721
2023-04-10 00:00:00+00:00,0.001449757549367492,1.4015129883168842,-0.01256803553633945,0.054959923774859414,0.0,0.009159987295809902,0.0017397090592410347,1.4888486848312334,-0.015486524348952702,0.06595190852983128,0.0,0.01099198475497188,0.028286293746590196,0.8893202397747836
2023-04-11 00:00:00+00:00,0.011920176536535099,1.4182192705558683,-0.0007976722021150184,0.3884276762582661,0.0,0.3901700608284598,0.012888735353613123,1.5080380615115982,-0.002797390709220471,0.41757609523793926,0.0,0.41970175350668876,0.015758180775728103,0.9033343088806685
2023-04-12 00:00:00+00:00,-0.003232708948906704,1.4136345804284305,-0.004027802508955514,0.3218463801516009,0.08780773346564212,0.38987584946259873,-0.0039011090071405796,1.5021550406467246,-0.006687586790268818,0.38621565618192105,0.10536928015877052,0.45711779559487553,-0.0030503825945050744,0.9005787936278395
2023-04-13 00:00:00+00:00,0.013988778641568889,1.433409601654111,0.0,0.2250029551644388,0.21110462536651706,0.3967028017728931,0.01680178463089077,1.5273939261218779,0.0,0.2700035461973265,0.25332555043982025,0.4760433621274716,0.037373594722974746,0.9342366604769919
2023-04-14 00:00:00+00:00,0.008793649286670702,1.4460145029752036,0.0,0.14070109697959124,0.2541910681214545,0.42538011109167284,0.010529021587222687,1.5434758897422078,0.0,0.1688413163755094,0.3050292817457454,0.5104561333100074,0.019414604193908946,0.952374495463592
2023-04-15 00:00:00+00:00,0.0017560222714700924,1.448553736647297,0.0,0.056609421280402146,0.3158106240108878,0.36978441910661647,0.002106310822203916,1.5467269297125827,0.0,0.06793130553648256,0.3789727488130652,0.4437413029279398,0.0036223867024549605,0.9558243641717166
2023-04-16 00:00:00+00:00,0.0014821795033808094,1.4507007533053011,0.0,0.05681715952785013,0.24744114784551305,0.3497429163185341,0.0017767766695964138,1.5494751180355326,0.0,0.06818059143342016,0.2969293774146155,0.41969149958224095,0.004264164929828951,0.9599001569044937
2023-04-17 00:00:00+00:00,-0.006095281651226636,1.4418583236222586,-0.006095281651226636,0.0,0.19277778942915128,0.27350140884329605,-0.007172089436213058,1.538362143909795,-0.007172089436213058,0.0,0.21536312798271262,0.31757953893532087,-0.02287284159800862,0.9379445126657135
2023-04-18 00:00:00+00:00,-0.00018648121506847914,1.441589444130113,-0.006280626210766638,0.0,0.11512254024510417,0.11481138183797185,-0.0002163844163772799,1.538029266315108,-0.007386921924203538,0.0,0.138147048294125,0.13777365820556622,0.010750552436532335,0.9480279343316841
2023-04-19 00:00:00+00:00,-0.000341939383391221,1.4410965079244837,-0.00662041800070412,0.0,0.0,0.057684802376848816,-0.0004107509577272461,1.5373975193209566,-0.0077946386966757375,0.0,0.0,0.06922176285221858,-0.03906003903923394,0.9109979262064042
2023-04-20 00:00:00+00:00,0.0,1.4410965079244837,-0.00662041800070412,0.0,0.0,0.0,0.0,1.5373975193209566,-0.0077946386966757375,0.0,0.0,0.0,-0.03328134381606829,0.8806786910086036
2023-04-21 00:00:00+00:00,0.0,1.4410965079244837,-0.00662041800070412,0.0,0.0,0.0,0.0,1.5373975193209566,-0.0077946386966757375,0.0,0.0,0.0,-0.035588558821846084,0.8493366056104975
2023-04-22 00:00:00+00:00,0.0,1.4410965079244837,-0.00662041800070412,0.0,0.0,0.0,0.0,1.5373975193209566,-0.0077946386966757375,0.0,0.0,0.0,0.013385655320689693,0.8607055326644442
2023-04-23 00:00:00+00:00,0.0,1.4410965079244837,-0.00662041800070412,0.0,0.0,0.0,0.0,1.5373975193209566,-0.0077946386966757375,0.0,0.0,0.0,-0.011251581002872046,0.85102123464405
2023-04-24 00:00:00+00:00,0.0,1.4410965079244837,-0.00662041800070412,0.0,0.0,0.0,0.0,1.5373975193209566,-0.0077946386966757375,0.0,0.0,0.0,-0.0043536365018397305,0.847316197533063
2023-04-25 00:00:00+00:00,0.0,1.4410965079244837,-0.00662041800070412,0.0,0.0,0.0,0.0,1.5373975193209566,-0.0077946386966757375,0.0,0.0,0.0,0.007086814087020388,0.8533209698979008
2023-04-26 00:00:00+00:00,0.0,1.4410965079244837,-0.00662041800070412,0.0,0.0,0.0,0.0,1.5373975193209566,-0.0077946386966757375,0.0,0.0,0.0,-0.008963203855624657,0.8456724800904266
2023-04-27 00:00:00+00:00,0.0,1.4410965079244837,-0.00662041800070412,0.0,0.0,0.0,0.0,1.5373975193209566,-0.0077946386966757375,0.0,0.0,0.0,0.06751500757805062,0.9027680639922806
2023-04-28 00:00:00+00:00,0.0,1.4410965079244837,-0.00662041800070412,0.0,0.0,0.0,0.0,1.5373975193209566,-0.0077946386966757375,0.0,0.0,0.0,-0.012392095129006075,0.8915808762638596
2023-04-29 00:00:00+00:00,0.0,1.4410965079244837,-0.00662041800070412,0.0,0.0,0.0,0.0,1.5373975193209566,-0.0077946386966757375,0.0,0.0,0.0,0.0008350367088889588,0.8923253790244833
2023-04-30 00:00:00+00:00,-0.0007729270892876672,1.4399826453952311,-0.007388227989576501,0.05843083553091421,0.0,0.009738472588485701,-0.0009275125071451784,1.5359715638933324,-0.008714921578941048,0.07011700263709704,0.0,0.01168616710618284,0.0021142881658213764,0.8942120120134168
2023-05-01 00:00:00+00:00,-0.0016080043788631038,1.4376671469959488,-0.008984352065480317,0.0,0.0,0.01936042682026989,-0.0019295354810165977,1.5330078522629678,-0.010627641309556846,0.0,0.0,0.023232512184323872,-0.04790231286925939,0.8513771884425002
2023-05-02 00:00:00+00:00,0.0,1.4376671469959488,-0.008984352065480317,0.0,0.0,0.0,0.0,1.5330078522629678,-0.010627641309556846,0.0,0.0,0.0,0.029455590736885195,0.8764550064679825
2023-05-03 00:00:00+00:00,0.0,1.4376671469959488,-0.008984352065480317,0.0,0.0,0.0,0.0,1.5330078522629678,-0.010627641309556846,0.0,0.0,0.0,-0.0066196230662234345,0.87065320469066
2023-05-04 00:00:00+00:00,-0.0015880078515008167,1.4353841202786743,-0.010558092695360566,0.058032160237259385,0.05796933589227063,0.08432165311639424,-0.0019055496726440024,1.5300866296519273,-0.012512939483782404,0.06963859228471125,0.06956320307072474,0.1011859837396731,0.010923828747906539,0.8801640711975168
2023-05-05 00:00:00+00:00,0.005972296447253944,1.4439566597606595,-0.004648852307600926,0.05827335900842449,0.11893400611990258,0.12701625976043016,0.0071696736731317046,1.5410568514781535,-0.005432979503441127,0.06992803081010938,0.14272080734388307,0.15241951171251616,0.04294813343723858,0.917965475173971
2023-05-06 00:00:00+00:00,-0.013153549017953847,1.4249635050566967,-0.017741252418849496,0.02876882717422782,0.03387958501174361,0.2704029740247201,-0.015770082337055014,1.5167542580442603,-0.021117383306391346,0.03452259260907338,0.04065550201409233,0.32448356882966406,-0.03463941718705377,0.8861676861161077
2023-05-07 00:00:00+00:00,-4.789112536873752e-05,1.4248952619508302,-0.01778829389567438,0.0,0.0,0.004910389204203169,-5.746923320437691e-05,1.516667091340091,-0.021173638939769868,0.0,0.0,0.005892467045043803,0.004644693353570206,0.8902836632779599
2023-05-08 00:00:00+00:00,0.0,1.4248952619508302,-0.01778829389567438,0.0,0.0,0.0,0.0,1.516667091340091,-0.021173638939769868,0.0,0.0,0.0,-0.047937749394816764,0.8476054681374416
2023-05-09 00:00:00+00:00,0.0,1.4248952619508302,-0.01778829389567438,0.0,0.0,0.0,0.0,1.516667091340091,-0.021173638939769868,0.0,0.0,0.0,0.012317251249549077,0.8580456376489822
2023-05-10 00:00:00+00:00,0.0,1.4248952619508302,-0.01778829389567438,0.0,0.0,0.0,0.0,1.516667091340091,-0.021173638939769868,0.0,0.0,0.0,-0.0021444153312004666,0.8562056314287381
2023-05-11 00:00:00+00:00,0.0,1.4248952619508302,-0.01778829389567438,0.0,0.0,0.0,0.0,1.516667091340091,-0.021173638939769868,0.0,0.0,0.0,-0.03282289187463272,0.8281024865659009
2023-05-12 00:00:00+00:00,0.0,1.4248952619508302,-0.01778829389567438,0.0,0.0,0.0,0.0,1.516667091340091,-0.021173638939769868,0.0,0.0,0.0,-0.006524006815747718,0.8226999402994073
2023-05-13 00:00:00+00:00,0.0,1.4248952619508302,-0.01778829389567438,0.0,0.0,0.0,0.0,1.516667091340091,-0.021173638939769868,0.0,0.0,0.0,0.009824876011740757,0.8307828652077155
2023-05-14 00:00:00+00:00,0.0,1.4248952619508302,-0.01778829389567438,0.0,0.0,0.0,0.0,1.516667091340091,-0.021173638939769868,0.0,0.0,0.0,0.0007280619075775707,0.8313877265653414
2023-05-15 00:00:00+00:00,0.0,1.4248952619508302,-0.01778829389567438,0.0,0.0,0.0,0.0,1.516667091340091,-0.021173638939769868,0.0,0.0,0.0,0.018706003057447074,0.8469396679203967
2023-05-16 00:00:00+00:00,0.0,1.4248952619508302,-0.01778829389567438,0.0,0.0,0.0,0.0,1.516667091340091,-0.021173638939769868,0.0,0.0,0.0,-0.011623191075295525,0.8370955263309106
2023-05-17 00:00:00+00:00,-0.0017361963441533401,1.4224213640062298,-0.01949360626899732,-0.13741336864852913,0.0,0.13586599456508186,-0.0020848892231810634,1.5135050084662027,-0.023214383471309774,-0.16489604237823494,0.0,0.16303919347809823,0.01250026998704179,0.8475594464149918
2023-05-18 00:00:00+00:00,0.0008180123761092339,1.423584922286029,-0.01869153990407113,-0.06948233590222606,0.0,0.011580389317037677,0.0009816002286799907,1.5149906653286214,-0.022255570486753973,-0.08337880308267126,0.0,0.01389646718044521,-0.021822163719455334,0.829063865413353
2023-05-19 00:00:00+00:00,-0.0018396257932825621,1.4209660587440636,-0.020496780258429936,-0.39489960714129163,0.0,0.35776012330256296,-0.0022076715152987703,1.5116460635908318,-0.024414109013032426,-0.4738795285695497,0.0,0.4293121479630755,0.0066515279575765085,0.8345784068927663
2023-05-20 00:00:00+00:00,-0.00350417427575922,1.4159867460342856,-0.023929130244071728,-0.40115897236875014,0.0,0.3981518663475749,-0.0042041638701347805,1.5052908558258518,-0.028515631968133115,-0.4813907668425003,0.0,0.4777822396170898,0.007412008309537033,0.8407643089796156
2023-05-21 00:00:00+00:00,0.00041198694184529927,1.4165701140834779,-0.023527001791416646,-0.1423049685618901,0.0,0.18125524515606464,0.0004941288412867451,1.5060346634522406,-0.028035593523029312,-0.1707659622742681,0.0,0.21750629418727754,-0.006034248897916039,0.8356909278747482
2023-05-22 00:00:00+00:00,-0.0014227227765607475,1.414554727517576,-0.024916252166664488,-0.1861010295342672,0.0,0.18127350210112989,-0.0017073019742116502,1.5034634074980975,-0.029695030273070855,-0.22332123544112062,0.0,0.21752820252135582,0.0005284631714037591,0.8361325597528062
2023-05-23 00:00:00+00:00,-0.0013784695759065935,1.4126048068622383,-0.02626037544701365,0.0,0.2427688090185439,0.27523395014315194,-0.0016544213698499455,1.5009760455079453,-0.03130032355025858,0.0,0.29132257082225266,0.3302807401717824,0.015939043736993286,0.8494597131926304
2023-05-24 00:00:00+00:00,-0.0010189854531578169,1.411165383112985,-0.027252601959596556,-0.12014452270769445,0.0,0.24287349167316774,-0.0011860948769262247,1.4991957455099794,-0.03244929327377577,-0.1607191894113913,0.0,0.2942058170348276,-0.0329944229610416,0.8214322801271876
2023-05-25 00:00:00+00:00,-0.0010625464761466752,1.409665954307898,-0.02828619127956522,-0.12213860574910997,0.0,0.12107573700616929,-0.0014226498152004607,1.4970629149596804,-0.03382577910789686,-0.16342391155789598,0.0,0.16197025842357185,0.009176101416945581,0.8289698260367875
2023-05-26 00:00:00+00:00,-0.0018795151232756657,1.4070164658280095,-0.030112542078551074,-0.18794281404879673,0.20700380093881476,0.2324819737899858,-0.00226724838035397,1.49366870149045,-0.03601633604535426,-0.20862749053210541,0.231975114119695,0.2762432592288881,0.01244255077939882,0.8392843251918396
2023-05-27 00:00:00+00:00,-0.0010737703181576963,1.4055056533098442,-0.03115397844282053,-0.18391219833780081,0.32327865625037816,0.48965861313262665,-0.0012265807105324988,1.4918365962732756,-0.03719873981282951,-0.20383397027886604,0.3714617218936153,0.5542570024258188,-0.0031404742603110547,0.8366485743714921
2023-05-28 00:00:00+00:00,0.0006735427787016857,1.4064523214930555,-0.030501419201326763,0.0,0.2816901646291611,0.40486000860582183,0.0009275132180612822,1.4932202944355066,-0.036305728917639835,0.0,0.32142215012276104,0.4552865579771697,0.021146083660864567,0.8543404151198948
2023-05-29 00:00:00+00:00,0.006852357228414263,1.4160898352246585,-0.02385806859325368,0.0,0.22180027466816288,0.23898166502612148,0.007835464946685411,1.5049203697102354,-0.028754736237252443,0.0,0.25013108288335506,0.2706520525205836,0.013081118507576317,0.8655161433358901
2023-05-30 00:00:00+00:00,0.0014843444672558714,1.4181918003367115,-0.022409137718113592,0.0,0.2254348116254712,0.24715090725996988,0.001591786248324789,1.507315881259564,-0.027208721382644296,0.0,0.25419035169744614,0.2860722066876639,0.0077683025792425475,0.8722397346245424
2023-05-31 00:00:00+00:00,-0.0056536887932363555,1.4101737852484881,-0.02793613222056701,-0.030967340579859948,0.04587353182177301,0.22315945959527916,-0.00645060455505253,1.497592782570008,-0.033483813235608784,-0.03716080869583194,0.05504823818612761,0.25961304294429066,-0.025880779192330894,0.8496654906499473
2023-06-01 00:00:00+00:00,0.0011601742988873731,1.4118098326310982,-0.026808368704292262,-0.15984648290120848,0.0,0.1519369184212175,0.001391430250851089,1.4996765784711321,-0.03213897337540761,-0.19181577948145015,0.0,0.182324302105461,-0.0009580200912833181,0.8488514940390346
2023-06-02 00:00:00+00:00,-0.0022339466816629905,1.4086559247403527,-0.028982426919647475,-0.1612594654971589,0.0,0.16067176785866558,-0.0026803963487568305,1.4956568508458818,-0.03473322453727623,-0.19351135859659063,0.0,0.19280612143039866,0.01734267817212376,0.86357285231608
2023-06-03 00:00:00+00:00,-0.0013060583522412905,1.4068161379044115,-0.03025063253114202,-0.11345767857984708,0.20639973752389493,0.3071477130671196,-0.0014592582438874846,1.4934743012562581,-0.03614179803692097,-0.11872127065159933,0.2317742953395577,0.3380217001249879,-0.008584818068985145,0.8561592364896319
2023-06-04 00:00:00+00:00,0.000609249370385534,1.407673239750678,-0.0296598133395799,-0.16363035688669467,0.29308327546476476,0.2075205836138674,0.000731841526656174,1.4945672877689113,-0.035436406578916224,-0.19635642826403357,0.35169993055771775,0.24902470033664084,0.007025531512676597,0.8621742101854589
2023-06-05 00:00:00+00:00,0.027304474417445546,1.446109017713573,-0.0031651845366912346,-0.5105710821518533,-0.04645430061824463,0.35174207267161844,0.03281189571026921,1.5436068737471649,-0.0037872465456609827,-0.612685298582224,-0.05574516074189356,0.4220904872059421,-0.054533197062438754,0.8151570940792628
2023-06-06 00:00:00+00:00,-0.029245580611679034,1.4038167198627547,-0.03231819748885156,-0.28176611831392456,-0.26350561504246245,0.5509848940899849,-0.0350426582181016,1.4895147856473308,-0.038697189577475255,-0.33811934197670945,-0.31620673805095495,0.6611818729079818,0.0536728207879662,0.8589088747038184
2023-06-07 00:00:00+00:00,-0.00035990989435741305,1.4033114723354116,-0.032666475744164924,0.0,0.0,0.04156337085797359,-0.0004319919028524799,1.4888713273207521,-0.03911246460776707,0.0,0.0,0.04987604502956832,-0.02420584125854408,0.838118262827183
2023-06-08 00:00:00+00:00,-0.00029469889227229373,1.4028979179990013,-0.0329515478622211,-0.076953610925198,0.0,0.025671971644738462,-0.00035373753181355827,1.4883446576522377,-0.0394523665928872,-0.0923443331102376,0.0,0.03080636597368615,0.00019794317633148317,0.8382841626182684
2023-06-09 00:00:00+00:00,0.0005188058461180756,1.4036257496403661,-0.03244983747177255,-0.07701065288108108,-0.09027128871697916,0.12215983794571493,0.0006224116149731174,1.4892710206542437,-0.038854510589119595,-0.0924127834572973,-0.10832554646037497,0.14659180553485787,-0.006399704779961213,0.8329193914557945
2023-06-10 00:00:00+00:00,0.004043755104220059,1.4093016684298891,-0.028537301563460016,-0.2583131511505943,-0.2339454642439491,0.3302576225365276,0.0048462881462547625,1.4964884571482011,-0.034196522596961376,-0.3099757813807132,-0.2807345570927389,0.3963091470438331,-0.03687848589467424,0.8022025854265914
2023-06-11 00:00:00+00:00,-0.0053925065977560305,1.4017019998846523,-0.03377592057425305,-0.2602885473373719,-0.23655831188244947,0.49572432245351483,-0.006472476099028901,1.4868024713768369,-0.040447662520811445,-0.31234625680484623,-0.2838699742589393,0.5948691869442176,0.010909817363637497,0.8109544691222333
2023-06-12 00:00:00+00:00,0.0060849434526903945,1.4102312772914734,-0.027896501688319586,-0.21786850321962817,-0.27106984799645767,0.4935139297378199,0.0073014889164122465,1.4976583431424892,-0.033441501763989634,-0.2614422038635537,-0.32528381759574915,0.5922167156853838,-0.012464328556452409,0.8008464661747704
2023-06-13 00:00:00+00:00,-0.002530906476292283,1.4066621138187063,-0.030356804727823095,-0.08000314375110913,-0.40198562854066977,0.48932013867256785,-0.0030432226026998466,1.493100635421516,-0.03638295443265316,-0.09600377250133092,-0.4823827542488037,0.5871841664070815,0.0036861607730673818,0.8037985150036334
2023-06-14 00:00:00+00:00,0.002966276605357532,1.4108346627385695,-0.027480574802143054,-0.07996962082858226,-0.40542064017981644,0.484177910566548,0.0035581808857356734,1.4984133575629526,-0.032954230679946406,-0.09596354499429871,-0.48650476821577965,0.5810134926798575,-0.003931547916085187,0.8006383426270185
2023-06-15 00:00:00+00:00,0.014403202832000694,1.4311552005484105,-0.013473180262957518,-0.25500350662918486,-0.22733125726526038,0.4818666313945705,0.017246537994156208,1.5242558004651132,-0.016276039077280036,-0.30600420795502187,-0.2727975087183124,0.5782399576734846,-0.025857496182354,0.7799358397390941
2023-06-16 00:00:00+00:00,-0.015779231785339243,1.4085726709181634,-0.02903981561404201,-0.07830443898268825,-0.3700689828495008,0.45887017959909354,-0.01892304816926693,1.4954122345306273,-0.03489109497508269,-0.09396532677922591,-0.44408277941940105,0.5506442155189123,0.03495632546062044,0.8071995307914162
2023-06-17 00:00:00+00:00,0.00010550180396595721,1.4087212778759624,-0.02893737756301018,0.0,0.0,0.02506235296997114,9.202973351718491e-05,1.4955498569200696,-0.034802276259738196,0.0,0.0,0.027446647347342253,0.003140465546715987,0.8097345131071919
2023-06-18 00:00:00+00:00,0.0,1.4087212778759624,-0.02893737756301018,0.0,0.0,0.0,0.0,1.4955498569200696,-0.034802276259738196,0.0,0.0,0.0,0.007500363641688379,0.8158078164087214
2023-06-19 00:00:00+00:00,0.0,1.4087212778759624,-0.02893737756301018,0.0,0.0,0.0,0.0,1.4955498569200696,-0.034802276259738196,0.0,0.0,0.0,-0.005047050120620011,0.811690393470513
2023-06-20 00:00:00+00:00,0.007266619997465584,1.4189579200846312,-0.02188103449201806,0.18053696211574324,0.0,0.05872883191448069,0.008721458917515967,1.5085932335562948,-0.02638434396485756,0.21664435453889194,0.0,0.07047459829737683,0.041865906160708954,0.8456725473150984
2023-06-21 00:00:00+00:00,0.01305087763791457,1.4374765662730054,-0.009115723557849953,0.02538772189994276,0.27165514873914837,0.19417367319314902,0.016038520498151465,1.53278883705606,-0.010768989308216792,0.06435468372048914,0.2932089292608692,0.23357866813017847,0.06555876311592268,0.9011137935181679
2023-06-22 00:00:00+00:00,0.0008132706967385328,1.4386456238416034,-0.008309866411960631,0.0,0.3114303161938403,0.3101318940529491,0.0009392320882741778,1.5342284815163716,-0.009839871800259137,0.029445328526688814,0.34107206486057723,0.36744703725888433,0.003706562805435798,0.9044538283886875
2023-06-23 00:00:00+00:00,0.0019321925717916688,1.4414253642294308,-0.006393730102322692,0.0,0.3111555023424153,0.3118375391902171,0.0028158126087474145,1.5385485814193247,-0.0070517664265954405,0.019728780309702248,0.3404638644209013,0.36834022092962027,0.014187927280208124,0.917286153534172
2023-06-24 00:00:00+00:00,-0.002698603469545202,1.4375355287404308,-0.009075079429630484,0.0,0.31017918935705197,0.31053914744247174,-0.0031310428528277257,1.5337313198797435,-0.010160729896553256,0.01763974565668149,0.3392584180259423,0.3580226873372778,-0.008642022284795492,0.9093589461537953
2023-06-25 00:00:00+00:00,0.0013042047324967054,1.439410369380146,-0.007782710458673736,0.0,0.3192024213668941,0.31525677018889203,0.0012502483352578864,1.535648864909156,-0.008923184996933675,0.02120347718171813,0.35030029797885853,0.3648499703006622,-0.0009118400950390848,0.9085297562059098
2023-06-26 00:00:00+00:00,-0.005102146555878706,1.432066286721517,-0.01284514848519036,0.025633419804655656,0.19752428474096184,0.2823430502845449,-0.005759608589891996,1.5268041285157674,-0.01463139953386805,0.047774548746868546,0.22071025333710267,0.3354590784414513,-0.012567019852551486,0.8971122447230364
2023-06-27 00:00:00+00:00,0.0006208284257425145,1.4329553541798612,-0.012232294692760437,0.05991872710583194,0.0,0.06018281404561074,0.0007616298334764959,1.52796698808992,-0.013880913410782125,0.0719024725269984,0.0,0.07221937685473288,0.017064664017802045,0.9124211637654912
2023-06-28 00:00:00+00:00,-0.0015234727638016032,1.4307722857260246,-0.013737131888758691,0.06298439328455974,0.0,0.07830296014661971,-0.0018574523933795328,1.5251288621508876,-0.015712582668324426,0.07558127194147173,0.0,0.09695218701787701,-0.02442406306709677,0.890136131717929
2023-06-29 00:00:00+00:00,-3.149219664222436e-05,1.4307272275638523,-0.01376819147294217,0.0,0.0,0.0,-3.7790635970758046e-05,1.5250712265612496,-0.015749779515803364,0.0,0.0,0.0,0.014427038524581048,0.9029781599823452
2023-06-30 00:00:00+00:00,0.0,1.4307272275638523,-0.01376819147294217,0.0,0.0,0.0,0.0,1.5250712265612496,-0.015749779515803364,0.0,0.0,0.0,0.014420615354397759,0.9159996607008725
2023-07-01 00:00:00+00:00,-0.0010927432110293678,1.429163810099097,-0.014845889586211247,0.0,0.3791227621207401,0.3788069717616256,-0.0012198823278499749,1.523210819123255,-0.016950448965954545,0.0,0.42301767223653486,0.4226084277620113,0.002748880062964698,0.9185176339058555
2023-07-02 00:00:00+00:00,-0.0019188235633613715,1.4264214969043756,-0.01673622650681561,0.0,0.38662757399787767,0.3853230899963074,-0.0021440511610236745,1.51994497719803,-0.019058157497192862,0.0,0.43206842517116945,0.43047509764399816,-0.003227360148188918,0.9155532466987789
2023-07-03 00:00:00+00:00,0.00853685903067114,1.4385986561417672,-0.008342242282538548,0.0,0.34787376537402764,0.3463572899324372,0.00938630408066099,1.534211642939884,-0.0098507390780177,0.0,0.38567276125903227,0.3838612865769959,0.02474854822105499,0.9382118603736471
2023-07-04 00:00:00+00:00,-0.005491253267992935,1.4306989465698985,-0.01378768618533499,0.0,0.31330423077155783,0.3130874304677906,-0.006499217634352239,1.5242404675752605,-0.016285934615242637,0.024884742140618327,0.3440659756209026,0.3687961452047892,-0.01746131275990026,0.921829449644615
2023-07-05 00:00:00+00:00,-0.0034980192976108437,1.4256943340457255,-0.017237475890600096,0.0,0.0,0.22562611674913857,-0.0036625674712497114,1.518657834020357,-0.019888853752131674,0.0,0.0,0.24407794327196472,-0.010613381452027948,0.9120457220618237
2023-07-06 00:00:00+00:00,0.0,1.4256943340457255,-0.017237475890600096,0.0,0.0,0.0,0.0,1.518657834020357,-0.019888853752131674,0.0,0.0,0.0,-0.008043848394927888,0.9047093645443158
2023-07-07 00:00:00+00:00,-0.0010882460181069753,1.4241428278636625,-0.018306963294207,0.0,0.0,0.13446942235287002,-0.0013066117648721232,1.5166735378276106,-0.021169478506701478,0.0,0.0,0.161363306823444,-0.007065766790833372,0.8983168991609627
2023-07-08 00:00:00+00:00,0.0,1.4241428278636625,-0.018306963294207,0.0,0.0,0.0,0.0,1.5166735378276106,-0.021169478506701478,0.0,0.0,0.0,-0.005806562318873221,0.8931007661038876
2023-07-09 00:00:00+00:00,0.0,1.4241428278636625,-0.018306963294207,0.0,0.0,0.0,0.0,1.5166735378276106,-0.021169478506701478,0.0,0.0,0.0,0.007381270854927013,0.8996929847592432
2023-07-10 00:00:00+00:00,0.0,1.4241428278636625,-0.018306963294207,0.0,0.0,0.0,0.0,1.5166735378276106,-0.021169478506701478,0.0,0.0,0.0,0.020527283544921282,0.9181612377607727
2023-07-11 00:00:00+00:00,-7.963684577438901e-05,1.4240294136209193,-0.01838514223116894,0.08957915245982546,0.0,0.014929858743304244,-9.556421492917799e-05,1.5165285981116643,-0.0212630196770367,0.10749498295179055,0.0,0.01791583049196509,-0.01234869940099359,0.9068231406340208
2023-07-12 00:00:00+00:00,-0.0010336076522485804,1.4225575259219736,-0.01939974685971968,0.08985621030525504,0.0,0.08990391057554487,-0.0012403690549238622,1.5146475429676596,-0.02247701474033892,0.10782745236630605,0.0,0.10788469269065383,-0.007690739816622494,0.8998489997997121
2023-07-13 00:00:00+00:00,0.013454008128762407,1.44169662643936,-0.0062067430829038095,0.0011340341248990877,0.40419129703886,0.09744303807807007,0.01608983280388343,1.539017968690822,-0.006748833345557981,0.019739674243173078,0.4700750564065928,0.1175023679025599,0.05757506470973617,0.9516578641921719
2023-07-14 00:00:00+00:00,-0.01827230034237315,1.415353512678474,-0.024365631951518196,0.14110018948229797,0.2817840766075528,0.4180021410938062,-0.02217296352356679,1.5048933794089265,-0.028772155233527053,0.1876818812145649,0.32316921243153734,0.5050773750163208,-0.044951306178554584,0.9088796001616403
2023-07-15 00:00:00+00:00,0.003482003759089025,1.4202817789300604,-0.02096846941447683,0.16718229454380487,0.07870085048887647,0.2631341805057262,0.004139753113951761,1.5111232664625,-0.024751511738798415,0.20061875345256583,0.09444102058665176,0.3160378942331917,0.007836262248293036,0.9160018190606306
2023-07-16 00:00:00+00:00,-0.0006773185009507632,1.4193197958046277,-0.021631585583156587,0.17044641490984688,0.0,0.20901042011210283,-0.0008129406194942179,1.50989481297813,-0.025544330849006203,0.20453569789181625,0.0,0.25081250413452333,-0.002346843737800919,0.9138521059277539
2023-07-17 00:00:00+00:00,-0.002053107214508465,1.4164057800921666,-0.0236402808332431,0.1751479719074529,0.0,0.17445817496055804,-0.0024636183415042145,1.506175008423135,-0.027945017708509434,0.2101775662889435,0.0,0.20934980995266964,-0.0162514899182139,0.8990006476415304
2023-07-18 00:00:00+00:00,-0.0009568526096968011,1.4150504885250956,-0.024574513178530655,0.17446633690082258,0.0,0.17448426527222274,-0.0010608391976887344,1.5045771989356205,-0.02897621173603293,0.19185771971719223,0.0,0.1918877680972115,-0.0009684269310857863,0.8981300312032908
2023-07-19 00:00:00+00:00,0.0017776274092444755,1.4175659210589626,-0.022840570097481194,0.1749140759950728,0.0,0.1748743582943566,0.0019551476319712435,1.5075188694832373,-0.027077716875820834,0.1923852724202795,0.0,0.19233799233763724,0.009616314479387489,0.9067667320267238
2023-07-20 00:00:00+00:00,-0.0016926924557658651,1.4151664179188352,-0.024494600492557694,0.07800509728119165,0.0,0.15917927639059126,-0.0020859172452584174,1.5043743098758298,-0.02910715224448579,0.05846930343456486,0.0,0.1617554483030756,-0.010719513883614695,0.8970466334535634
2023-07-21 00:00:00+00:00,0.00045559058344712966,1.4158111544128498,-0.02405016941844018,0.12995945193635786,0.0,0.12830035538596551,0.00041273018076748436,1.5049952105566868,-0.028706435463925817,0.11964317267583369,0.0,0.11824694878177405,0.0035515711147249274,0.9002325583654983
2023-07-22 00:00:00+00:00,-0.00018400436217669291,1.4155506389844195,-0.02422974844453274,0.1266963519792109,0.0,0.12782197955744948,-0.00016800151914297956,1.5047423690750104,-0.0288696142583017,0.1159561264694458,0.0,0.11724124218153957,-0.002703704454377287,0.8977985955874701
2023-07-23 00:00:00+00:00,0.0012271884918213516,1.4172877864381714,-0.02303229442116239,0.13231041318484027,0.0,0.12826381092109687,0.0011257301962928068,1.5064363029975192,-0.027776383458534837,0.12149885270469962,0.0,0.11745700492578938,0.005858752386515231,0.9030585752519782
2023-07-24 00:00:00+00:00,-0.004943113822164502,1.410281971591044,-0.02786155699041748,0.13442305075010288,0.0,0.1602809176528113,-0.0047136524747267705,1.4993354857898766,-0.03235910771463335,0.12429348499374814,0.0,0.15514243616542608,-0.026795167817989962,0.8788609691786265
2023-07-25 00:00:00+00:00,0.00010177551046397504,1.4104255037586009,-0.02776261710413841,0.03637913583516672,0.0,0.05366554768449241,6.73246024807117e-05,1.4994364279554426,-0.03229396167621612,0.0068475982791878776,0.0,0.027417543966343993,0.002550276516944283,0.8811023076699817
2023-07-26 00:00:00+00:00,0.00030719299570280967,1.4108587765943161,-0.02746395258995238,0.0826783437186276,0.0,0.037850133366054965,0.00012689678583210906,1.4996267016187097,-0.032171162890322624,0.06247016003678655,0.0,0.010605622145550256,0.008028495467586882,0.8881762335535904
2023-07-27 00:00:00+00:00,-0.0006096774668963301,1.4099986077892537,-0.02805688590380273,0.1073380663073246,0.0,0.16134844666482331,-0.0007577567429123411,1.4984903493737067,-0.03290454171762747,0.12880567956878952,0.0,0.17839300932847316,-0.0074586356241561624,0.8815516506574788
2023-07-28 00:00:00+00:00,0.0007399464977353443,1.411041931320899,-0.027337700000529264,0.0,0.0,0.08990041320230939,0.0008879179147962546,1.499820885800065,-0.03204584033490043,0.0,0.0,0.10788049584277126,0.006425218834314128,0.8872158129267039
2023-07-29 00:00:00+00:00,0.0001651316716160256,1.4112749390337385,-0.02717708264901242,0.12413105470926565,0.0,0.020688509118210942,0.00019815800593936395,1.5001180873160613,-0.03185403246878049,0.14895726565111875,0.0,0.024826210941853125,0.001720024485043492,0.8887418458484556
2023-07-30 00:00:00+00:00,-0.0026706419916312507,1.4075059289198182,-0.029775144382511054,0.2503240001991119,0.07729187856643012,0.18999937773688713,-0.002710797157530642,1.4960515714690046,-0.034478479805638895,0.2540364237338452,0.07929690959948814,0.19444444444444445,-0.008377176054775615,0.8812966989385369
2023-07-31 00:00:00+00:00,-0.0003626729041578125,1.4069954646569576,-0.030127018648583914,0.3219342199197173,0.0,0.3111145813455959,-0.00038542132097096893,1.4954749612960883,-0.03485061238537812,0.3333333333333333,0.0,0.32017402337571593,-0.0005068210373124771,0.8808500392314008
2023-08-01 00:00:00+00:00,-0.0029300018643231285,1.4028729653224186,-0.03296874829210017,0.0,-0.38148568062646593,0.38178173539866966,-0.0032075263524079523,1.4906781859483649,-0.03794635448016237,0.0,-0.4346407495188345,0.43044927815701756,7.442384045641681e-05,0.8809155954741866
2023-08-02 00:00:00+00:00,-0.0062397997489529455,1.394119318945587,-0.03900282965373669,0.0,-0.645850069486167,0.4094236206231477,-0.007056124144337428,1.4801597756090574,-0.04473472443646276,0.0,-0.7712080565108557,0.4810136114544868,-0.004469795339592242,0.876978083050962
2023-08-03 00:00:00+00:00,-0.001163135780112623,1.392497768883975,-0.04012059984715344,0.0,-0.531740455172215,0.5423344741321318,-0.001377325801976581,1.4781211133590633,-0.04605043594822866,0.0,-0.6300712365407675,0.6433771491965511,0.00365271370671727,0.880181432915413
2023-08-04 00:00:00+00:00,0.003789805472698804,1.3977750645492124,-0.036482843643323326,0.0,-0.4437312312749735,0.5223994306423463,0.004435401471797329,1.4846771739207507,-0.04181928664781309,0.0,-0.512465135263441,0.6122620340998567,-0.008963721124400581,0.8722917320118839
2023-08-05 00:00:00+00:00,-0.0010095703756500818,1.3963639122522211,-0.03745558202081167,0.0,-0.3959353619803531,0.39514021769178126,-0.0011477261335239852,1.4829731711283953,-0.04291901569316603,0.0,-0.44925202446431517,0.44998553846783723,0.0022136536802948026,0.8742226838147428
2023-08-06 00:00:00+00:00,0.0007533444627612074,1.3974158552735159,-0.03673045451336543,0.0,-0.40193903312770835,0.4004724893815941,0.0008549595365336948,1.484241053183475,-0.04210075017839787,0.0,-0.456259438137927,0.45459758739603773,-0.000392554069225004,0.8738795041428025
2023-08-07 00:00:00+00:00,0.0015443241812924668,1.3995739183701363,-0.03524285406116767,0.0,-0.35855017075712486,0.3972458446445765,0.0017365965796369842,1.4868185811197903,-0.04043726561752092,0.0,-0.4078764539308581,0.4501952600117831,4.690958645081622e-06,0.8738836034754172
2023-08-08 00:00:00+00:00,-0.003804943703478836,1.3942486184018807,-0.0389137006889938,0.3333333333333333,-0.2783164020593259,0.4997809612276372,-0.00479838227962659,1.4796842571871256,-0.045041614438371735,0.3333333333333333,-0.3339796824711911,0.5521230975508253,0.02168303332534882,0.8928320507720505
2023-08-09 00:00:00+00:00,-0.002743657053421722,1.3904232783457788,-0.04155059189304555,0.0,0.0,0.13857084782374,-0.0029453321741401695,1.4753260955368637,-0.04785428409633141,0.0,0.0,0.14652916327079002,-0.0111738264626573,0.8828557003764252
2023-08-10 00:00:00+00:00,0.0,1.3904232783457788,-0.04155059189304555,0.0,0.0,0.0,0.0,1.4753260955368637,-0.04785428409633141,0.0,0.0,0.0,0.0006899015417389798,0.883464783885248
2023-08-11 00:00:00+00:00,0.0,1.3904232783457788,-0.04155059189304555,0.0,0.0,0.0,0.0,1.4753260955368637,-0.04785428409633141,0.0,0.0,0.0,-0.0023132785285663315,0.8814210837699418
2023-08-12 00:00:00+00:00,0.0,1.3904232783457788,-0.04155059189304555,0.0,0.0,0.0,0.0,1.4753260955368637,-0.04785428409633141,0.0,0.0,0.0,0.0010547598618932952,0.8823507713505288
2023-08-13 00:00:00+00:00,-0.0003353667236539737,1.3899569766464277,-0.04187202393083056,-0.1018237373968255,0.0,0.016970622899470916,-0.0004024400683847462,1.474732365202086,-0.048237465683351854,-0.12218848487619059,0.0,0.0203647474793651,0.0039080060872576095,0.8857990035360631
2023-08-14 00:00:00+00:00,0.0003323947968754126,1.3904189911133455,-0.04155354717684445,-0.05435651799159391,-0.0507399612590155,0.10456623394582253,0.00039870634292449303,1.4753203503502081,-0.047857991923961896,-0.06522782158991268,-0.06088795351081858,0.12547948073498702,-0.006276331647780409,0.8802394352165974
2023-08-15 00:00:00+00:00,0.0028721769228388094,1.394412520452698,-0.03880071939326912,-0.05512216008123925,-0.30635923763556216,0.21704526888519782,0.003259652548043279,1.4801293820894073,-0.044754339801237886,-0.06614659209748709,-0.3461139187410441,0.24979620013907833,-0.00748707697472295,0.8736490148089441
2023-08-16 00:00:00+00:00,0.002183559704040494,1.397457303443168,-0.03670188337658353,-0.35472094191758413,-0.5232726716028079,0.8756518257725291,0.0023156152499974603,1.4835567922585429,-0.0425423583829877,-0.38054785524905393,-0.5475231523498092,0.9270518246287481,-0.002397626525358132,0.8715543307571851
2023-08-17 00:00:00+00:00,0.03873410388374521,1.4515865598078341,0.0,-0.43123883238393496,-0.4218567081134608,0.8781211792719116,0.04075834237312903,1.5440241079273975,-0.0035179720181928165,-0.46672314087542355,-0.4556395158805129,0.9263961505886936,-0.04303104065181851,0.8340504409201043
2023-08-18 00:00:00+00:00,0.04609171175252835,1.5184926691063412,0.0,-0.22116898877535932,-0.09898006085436191,0.5842519589213411,0.051205871325419317,1.6230872077212732,0.0,-0.2654027865304312,-0.1187760730252343,0.6840533342431564,-0.05645440096687915,0.7869646229017984
2023-08-19 00:00:00+00:00,-0.0016275150396716231,1.5160212994497395,-0.0016275150396716231,-0.5485884636448125,-0.09865453429975268,0.40510131440418,-0.001955174047490238,1.6199137897359233,-0.001955174047490238,-0.6583061563737749,-0.11838544115970319,0.486121577285016,0.006695513078747162,0.7922337548269487
2023-08-20 00:00:00+00:00,-0.0003649332817726725,1.515468052821694,-0.0019918543870397487,-0.557948198263249,-0.10157198463004925,0.6567391107474098,-0.00043943661321588223,1.61920194030646,-0.0023937514856444686,-0.6695378379158989,-0.12188638155605909,0.7880869328968916,0.0006027795176022366,0.7927112971075115
2023-08-21 00:00:00+00:00,0.0004861411862873144,1.5162047842586732,-0.0015066815232070985,-0.557955520243531,-0.10331981974681909,0.6609948590957717,0.0005783294414840601,1.6201383724602472,-0.001816806421120254,-0.6695466242922373,-0.12398378369618289,0.7931938309149261,-0.0018172731198373704,0.7912707241754866
2023-08-22 00:00:00+00:00,0.009649522414556522,1.5308354363094352,0.0,-0.5627730593265244,-0.10470764416175499,0.6612830709068791,0.011586282124081304,1.6389097527236216,0.0,-0.6753276711918293,-0.12564917299410597,0.7935396850882549,-0.019711104765150367,0.7756739040336672
2023-08-23 00:00:00+00:00,-0.01837221268343403,1.5027106020902208,-0.01837221268343403,-0.4683341688043212,-0.10444685648619324,0.6560247793979302,-0.022025604313725244,1.602811775004226,-0.022025604313725244,-0.5620010025651853,-0.12533622778343187,0.7872297352775163,0.03177015381545045,0.8003171832754478
2023-08-24 00:00:00+00:00,0.004118926758907682,1.5089001570000644,-0.014328959722968437,-0.22363847207369078,0.0,0.22514033378049667,0.004942898525251538,1.61073431096315,-0.017191576115553775,-0.2683661664884289,0.0,0.27016840053659597,-0.019190743180501846,0.784958501748266
2023-08-25 00:00:00+00:00,0.00279944027112089,1.513124232864671,-0.011569632518739326,-0.5595605549355348,0.0,0.5241761185001733,0.0033565623535001254,1.61614084111282,-0.013892718359240441,-0.6714726659226417,0.0,0.6290113422002078,-0.003089539000972974,0.7825333418429694
2023-08-26 00:00:00+00:00,-0.0014007567319070935,1.5110047139092742,-0.012954183010010056,-0.511482341161928,0.0,0.5348366885083605,-0.0016813810371365534,1.613423492549231,-0.015550740443173394,-0.6137788093943135,0.0,0.6418040262100325,0.001017745540166981,0.783329761661662
2023-08-27 00:00:00+00:00,-0.0019691205330633066,1.50802936350156,-0.014897795195319308,-0.46445780382736196,0.0,0.5048154547590344,-0.0023627627164323206,1.6096113556752196,-0.01787676044987374,-0.5573493645928344,0.0,0.6057785457108412,0.005040889681164229,0.7872784405741711
2023-08-28 00:00:00+00:00,0.0017541983468591926,1.5106747461180297,-0.013169730536163549,-0.41038972418382813,-0.05411986953747964,0.4815908093046042,0.0021035500943913377,1.6129972537943835,-0.015810815016614188,-0.49246766902059363,-0.06494384344497557,0.577908971165525,-0.0054652081702775135,0.7829758000084618
2023-08-29 00:00:00+00:00,-0.04426280169807972,1.4438080494003103,-0.05684960306310394,-0.4997072440033145,0.0,0.5037182891947276,-0.05216868332730962,1.5288493108533643,-0.06715466894217537,-0.5369708588206222,0.0,0.5940156413697805,0.06339927140510748,0.8326158952568294
2023-08-30 00:00:00+00:00,0.011612918364753089,1.4605748744123694,-0.04589687449779134,-0.392220622481773,0.0,0.4710979840286796,0.012238424326899588,1.5475600174514759,-0.055738111949322544,-0.4081456579102502,0.0,0.4958375793720515,-0.021847026699342798,0.8144257135628563
2023-08-31 00:00:00+00:00,0.011963360946205093,1.4780482588239228,-0.03448259442750601,-0.3127440666273837,0.0,0.36530232751105185,0.011884333383557877,1.5659517366299338,-0.04451618887034048,-0.3127440666273837,0.0,0.37591581024305243,-0.03316689854447197,0.7874137385491079
2023-09-01 00:00:00+00:00,0.0015136177967158826,1.4802854589728835,-0.03302117009939254,-0.10226528763790904,0.0,0.06797750887821787,0.0018477860149861414,1.5688452803490218,-0.042750659246589495,-0.12271834516549085,0.0,0.08157301065386142,-0.020106023377382543,0.7715819795141674
2023-09-02 00:00:00+00:00,-0.0015792103443686978,1.477947776863455,-0.03454823307035715,-0.052326740450845344,-0.14950970811325526,0.19826401654627201,-0.0018950320886251815,1.5658722682006723,-0.04456467746413251,-0.06279208854101441,-0.17941164973590631,0.23791681985552637,0.007399007896908172,0.7772909206737048
2023-09-03 00:00:00+00:00,-0.0009145019182594805,1.476596190786426,-0.03543114056320129,-0.05269533912920277,-0.1516971677375654,0.20253420982382508,-0.0010974245365429347,1.5641538415524567,-0.045613195630163195,-0.06323440695504333,-0.18203660128507848,0.24304105178859006,0.005406405184817498,0.7814932703373466
2023-09-04 00:00:00+00:00,0.0006365910872780933,1.4775361787609895,-0.03481710462421772,-0.05319844568026922,-0.10323171926637442,0.15564229407175456,0.0007638487010181993,1.5653486184325192,-0.044884188509376366,-0.06383813481632307,-0.12387806311964929,0.18677075288610545,-0.004270864910571159,0.7781556181512154
2023-09-05 00:00:00+00:00,-0.00023875522845928643,1.4771834092730727,-0.03504754708690816,-0.05368428839321387,-0.10384170859217683,0.17346520263616938,-0.0002868915448919207,1.5648995331490827,-0.045158203160085564,-0.06442114607185663,-0.12461005031061217,0.20815824316340326,-0.003726039182233576,0.7752561798281088
2023-09-06 00:00:00+00:00,3.0461988814955987e-05,1.4772284072175637,-0.03501815271608055,-0.053680406260646206,-0.054659574161403164,0.1084334780158513,3.6448357856100344e-05,1.5649565711672757,-0.045123400744578435,-0.06441648751277544,-0.06559148899368379,0.13012017361902156,-0.0005051717175040826,0.7748645423322393
2023-09-07 00:00:00+00:00,-0.0021778871327883254,1.4740111704772951,-0.037119774264654515,-0.25253324773317615,-0.05473598528604321,0.3071209580396657,-0.0026135951190161544,1.5608664083114006,-0.04761906156365514,-0.30303989727981134,-0.06568318234325186,0.3685451496475988,0.00573290792788983,0.7793067694100165
2023-09-08 00:00:00+00:00,-0.005354700469573204,1.4661182821705843,-0.042275709461542244,0.0,-0.3192304841940304,0.16676201741580698,-0.006423673622176218,1.5508399119365897,-0.05373684587615224,0.0,-0.3830765810328364,0.2001144208989684,-0.0011588744594158706,0.7784036506988974
2023-09-09 00:00:00+00:00,-0.00023270992866997187,1.4657771018897185,-0.04249858141287899,0.0,-0.05406721775733873,0.12510176492011857,-0.00027928040184244107,1.5504067927427907,-0.05400111863008461,0.0,-0.06488066130880647,0.15012211790414226,-0.0003877573868441564,0.7781018189333925
2023-09-10 00:00:00+00:00,0.0006096953053562615,1.4666707793074394,-0.04191479729309444,0.0,-0.054122912664408,0.05409833685531636,0.0007316652612090468,1.5515411715337832,-0.05330896411144359,0.0,-0.06494749519728961,0.06491800422637964,-0.00729502243240765,0.7724255487095761
2023-09-11 00:00:00+00:00,0.009552275679542754,1.480680822922514,-0.032762903312347436,-0.05396110964024311,-0.1597588919974823,0.1608082689859016,0.011469994495245883,1.5693373402304232,-0.042450423141103144,-0.06475333156829173,-0.19171067039697876,0.1929699227830819,-0.03935662082914282,0.7420254892702708
2023-09-12 00:00:00+00:00,-0.015618423128289649,1.457554923312166,-0.047869621553793595,0.0,0.0,0.22738094457980929,-0.01872722532319593,1.539948006251823,-0.06038266982507068,0.0,0.0,0.2728571334957711,0.040859506039240046,0.7723442842303795
2023-09-13 00:00:00+00:00,0.0,1.457554923312166,-0.047869621553793595,0.0,0.0,0.0,0.0,1.539948006251823,-0.06038266982507068,0.0,0.0,0.0,0.0026774418509483144,0.7744121911403187
2023-09-14 00:00:00+00:00,0.0,1.457554923312166,-0.047869621553793595,0.0,0.0,0.0,0.0,1.539948006251823,-0.06038266982507068,0.0,0.0,0.0,0.02171219090846077,0.7912263764761966
2023-09-15 00:00:00+00:00,0.0,1.457554923312166,-0.047869621553793595,0.0,0.0,0.0,0.0,1.539948006251823,-0.06038266982507068,0.0,0.0,0.0,-0.01009487217850491,0.7832390473414078
2023-09-16 00:00:00+00:00,0.0,1.457554923312166,-0.047869621553793595,0.0,0.0,0.0,0.0,1.539948006251823,-0.06038266982507068,0.0,0.0,0.0,0.006110399419312129,0.7880249507614653
2023-09-17 00:00:00+00:00,0.0,1.457554923312166,-0.047869621553793595,0.0,0.0,0.0,0.0,1.539948006251823,-0.06038266982507068,0.0,0.0,0.0,-0.002815524271093439,0.7858062473863692
2023-09-18 00:00:00+00:00,-0.0028623185430149967,1.453382936827707,-0.05059492199138804,0.19938142202705836,0.0,0.06618728379486087,-0.003671417266882804,1.5342942145515683,-0.06383239711533717,0.25573394123483356,0.0,0.0849194444542845,0.011209053390792256,0.7946143915681411
2023-09-19 00:00:00+00:00,0.002702772661883568,1.4573111004966128,-0.04802889590149295,0.19111801871479375,0.0,0.16093527241986652,0.0034691142164364752,1.5396168564234654,-0.060584724775202825,0.2455220670202655,0.0,0.20667043487151923,0.006662332121472936,0.7999083765532702
2023-09-20 00:00:00+00:00,-0.00048687922941204054,1.4566015659909894,-0.04849239085907897,0.0,0.0,0.06328814411905637,-0.0006256807830825606,1.5386535477430912,-0.06117249886024523,0.0,0.0,0.08133426449008864,-0.01268738253084789,0.7897596329903094
2023-09-21 00:00:00+00:00,-0.005335171412541917,1.4488303469566506,-0.05356884705418363,0.10706844832660428,-0.5648405547902787,0.41260085145285386,-0.0063601730653465305,1.5288674448918356,-0.06714360424600085,0.09651375734635637,-0.6431103797272366,0.4645089759213544,-0.01442669019045173,0.7783660154402333
2023-09-22 00:00:00+00:00,-0.001670013933226966,1.446410780090351,-0.055149400266443216,0.09415259555724569,-0.6104574723427977,0.7030852575133192,-0.001905235471440614,1.5259545924046969,-0.06892091534095168,0.08921764291904716,-0.7063144385610048,0.793702309015983,0.00042955282369971926,0.7787003647600376
2023-09-23 00:00:00+00:00,-0.0010351378995004934,1.4449135454736333,-0.056127450931593215,0.0,-0.6606414900366083,0.6933360094645803,-0.0011725225038498044,1.5241653763052494,-0.07001262652057827,0.0,-0.7753137169392947,0.7969390496444805,0.001879737191562425,0.7801641167967602
2023-09-24 00:00:00+00:00,0.003998516038887567,1.4506910554600154,-0.05235336140547753,0.0,-0.6935472602115859,0.6775177291022093,0.004758472972883343,1.5314180760546026,-0.06558730673875368,0.0,-0.8322567122539031,0.8042947515590503,-0.006066264350251371,0.7754314350276907
2023-09-25 00:00:00+00:00,-0.0032886288156607213,1.4459202710524084,-0.05546981944822349,-0.11906470823171657,-0.5749126771629054,0.6959187661184317,-0.003955612578035672,1.5253603794507298,-0.06928348134129403,-0.14287764987805987,-0.6898952125954864,0.8351025193421181,0.0006710778624365865,0.7759518098975753
2023-09-26 00:00:00+00:00,0.0015424151991492163,1.4481504804552376,-0.05401296174168524,-0.12694376772916124,-0.5820585209686117,0.6966469308061686,0.0018462708703494979,1.528176607886095,-0.06756512654434133,-0.15233252127499347,-0.698470225162334,0.8359763169674022,-0.0027948682219156584,0.7737831268423546
2023-09-27 00:00:00+00:00,-0.0055476841770774055,1.4401165989487892,-0.059260999065551156,0.0,-0.12537207564891964,0.6264356979286514,-0.00635534283241268,1.5184645216345054,-0.0734910698340493,0.0,-0.15044649077870356,0.7460628145266659,0.0022158050339931012,0.7754976793900308
2023-09-28 00:00:00+00:00,-0.0028852655686031348,1.4359614801110685,-0.061975280913989295,0.0,0.0,0.11173775696039247,-0.003267951960869264,1.5135022525235196,-0.07651885650914803,0.0,0.0,0.1326948503880184,0.035196047360623206,0.8027921324418957
2023-09-29 00:00:00+00:00,0.0,1.4359614801110685,-0.061975280913989295,0.0,0.0,0.0,0.0,1.5135022525235196,-0.07651885650914803,0.0,0.0,0.0,-0.0017414760244347516,0.8013940891906434
2023-09-30 00:00:00+00:00,0.0,1.4359614801110685,-0.061975280913989295,0.0,0.0,0.0,0.0,1.5135022525235196,-0.07651885650914803,0.0,0.0,0.0,0.006108006308855218,0.8062890093432991
2023-10-01 00:00:00+00:00,-0.000720732607032537,1.4349265358499097,-0.06265134591523724,0.0,0.0,0.047546502733045164,-0.000886216129684092,1.51216096241502,-0.07733726039396871,0.0,0.0,0.05846493477347533,0.0006401953948111938,0.8068051918539675
2023-10-02 00:00:00+00:00,-0.0005415460172931708,1.4341494570993119,-0.06315896334567195,0.25806809309699974,0.0,0.21583788487494174,-0.0006689835723694415,1.5111493515723862,-0.07795450660960246,0.31831736709728237,0.0,0.2660985875361403,0.014874665146177302,0.8188061489209926
2023-10-03 00:00:00+00:00,-0.0075116908445458375,1.4233765697527085,-0.07019622358350308,0.3754192458408034,0.0,0.36322670445055066,-0.009144953926095711,1.4973299603768073,-0.08638657016442175,0.45050309500896396,0.0,0.4373196056076735,-0.017424979394521922,0.8045384686479364
2023-10-04 00:00:00+00:00,0.0033663443785239,1.4281681454668183,-0.06706618386763308,0.31282314336364636,0.0,0.31566847874794707,0.004039295345569238,1.5033781183165387,-0.08269621568963736,0.37538777203637547,0.0,0.37880217449753645,0.0024773465422986973,0.8065315892413877
2023-10-05 00:00:00+00:00,-0.0011829769933983103,1.4264786554080267,-0.06816982310848096,0.3035914157883172,-0.34585832105554304,0.36809012482612585,-0.0012955162640234663,1.5014304675132826,-0.08388459766126177,0.31463964399253386,-0.36470004022009844,0.42504148312468426,-0.009456821120003567,0.7989043642742997
2023-10-06 00:00:00+00:00,-0.003741291208565256,1.4211417833553426,-0.0716560711571611,0.5871894245351889,-0.20524052883309818,0.7064085449907278,-0.004469505270916496,1.4947198161248174,-0.08797918028078255,0.6623420818755128,-0.20524052883309818,0.7504680317666511,0.01717790934105068,0.8126278710159733
2023-10-07 00:00:00+00:00,-0.002377106331854395,1.4177635782236657,-0.07386284338855198,0.6435423992790471,0.0,0.6429629769938496,-0.002853250854442213,1.4904550055323076,-0.0905814044639155,0.7722508791348566,0.0,0.7715555723926194,-0.006308155689156547,0.8075016878882567
2023-10-08 00:00:00+00:00,-0.0010972750115280094,1.4162079016770264,-0.07487907054774934,0.6015304073844551,-0.16491656306437352,0.6857971103655177,-0.0010625639492288785,1.4888713017754813,-0.09154771987829036,0.6881531348075539,-0.16491656306437352,0.800734310216399,0.002259422051788418,0.8093261750087278
2023-10-09 00:00:00+00:00,-0.00014053530155699878,1.4160088744724968,-0.0750090826965466,0.1643174683780761,-0.5552759245758826,0.7822930534995322,-0.0010552199757184466,1.487300215036574,-0.09250633687126175,0.1643174683780761,-0.6325279365000077,0.8554183308661053,-0.0207688167172263,0.7925174280155177
2023-10-10 00:00:00+00:00,0.004420449339737731,1.4222682699667215,-0.07092020720688919,0.1644031668766382,-0.5546806617175207,0.7193215100068421,0.005219602303385695,1.495063330664805,-0.08776958085688702,0.1644031668766382,-0.6318307607696858,0.7965191453415438,-0.009022155217131678,0.7853672127676797
2023-10-11 00:00:00+00:00,0.0001246871166331598,1.4224456084963826,-0.07080436292640357,0.0,-0.4077177387192031,0.5336087170540599,0.00033413062665865745,1.4955628771123743,-0.08746477673528164,0.0,-0.4892612864630435,0.623663793798205,-0.012894814413107247,0.7752400483129012
2023-10-12 00:00:00+00:00,0.008771548777603888,1.434922659534797,-0.06265387807187583,0.0,-0.42471659907493736,0.4156268482282704,0.010532194455377786,1.5113144361543662,-0.077853778316476,0.0,-0.5096599188899248,0.4987522178739244,-0.01074818341807382,0.7669076260805977
2023-10-13 00:00:00+00:00,-0.003993732678235773,1.429191962018672,-0.06639738790983774,0.0,-0.43041110992626086,0.42558691960496814,-0.004793190923344404,1.5040704175166717,-0.08227380121624583,0.0,-0.5164933319115129,0.5107043035259616,0.005572930919639063,0.7711815493024893
2023-10-14 00:00:00+00:00,-0.0026863833523715908,1.4253526045245617,-0.06890540242468735,0.0,-0.4369913268411894,0.43371297377895973,-0.003224267025925487,1.4992208928648028,-0.08523279553781227,0.0,-0.5243895922094272,0.5204555685347516,0.004534453473183264,0.7746784361571788
2023-10-15 00:00:00+00:00,-0.0012985161371571463,1.4235017611664476,-0.07011444378485876,0.0,-0.4390489740706433,0.4382830154757716,-0.0015583535172318808,1.4968845767132994,-0.08665832622833425,0.0,-0.526858768884772,0.5259396185709259,0.004857069625942234,0.7784411032593103
2023-10-16 00:00:00+00:00,0.0011177930866559382,1.425092941593922,-0.06907502413874023,0.46993284294921017,-0.08555537831030034,0.5794476886105643,0.001168921528783784,1.498634317321124,-0.08559070148272707,0.5476971538677788,-0.08555537831030034,0.6731150041104548,0.03767177384877263,0.807766360455884
2023-10-17 00:00:00+00:00,-1.067887916927912e-05,1.4250777231985936,-0.06908496537407316,0.6997153035553682,0.0,0.5549964340773762,6.999863646250937e-05,1.4987392196798925,-0.0855266940786622,0.8396583642664415,0.0,0.6604401653372957,-0.007679679163748454,0.801562973968314
2023-10-18 00:00:00+00:00,-0.007346896419701543,1.4146078247762295,-0.07592430170901276,0.7076771459744496,-0.04213497518714416,0.7622316034288353,-0.008610447484280637,1.485834404336207,-0.09340071845507436,0.8409729035401016,-0.04213497518714416,0.8869001463368246,-0.005827305732529542,0.796892021455125
2023-10-19 00:00:00+00:00,0.00953045204742664,1.428089676816174,-0.06711744257825814,0.6437354781114575,-0.24892970046543073,0.8306540431409669,0.011186330968913971,1.502455439748111,-0.08325919883553323,0.722268513826835,-0.24892970046543073,0.9356737406580491,0.011940658126226023,0.8064074366468379
2023-10-20 00:00:00+00:00,0.01506580304006988,1.4496049946106435,-0.05306281770862542,0.5085126212740968,0.0,0.6653342790405464,0.017664187839457446,1.528995094856236,-0.06706571712366949,0.6102151455289161,0.0,0.7626003461625822,0.0258665809509655,0.8272664398863239
2023-10-21 00:00:00+00:00,0.010579710611839044,1.4649413959551005,-0.04304449635239249,0.513019697282377,0.0,0.5112294094034134,0.012705395948896525,1.5484215829403052,-0.05521241766542584,0.6156236367388522,0.0,0.6134752912840961,0.019757198297774448,0.8436109069842519
2023-10-22 00:00:00+00:00,-0.005912923616521848,1.4562793093781372,-0.04870290114987097,0.40826847438301583,0.0,0.4759835602449982,-0.007094804688664191,1.5374358342336314,-0.06191550103436494,0.4899221692596189,0.0,0.5711802722939977,-0.005285246385789533,0.8391522154871007
2023-10-23 00:00:00+00:00,0.019853332080019825,1.4851913061084834,-0.02981648393963987,0.3324171349699599,0.34492738573837395,0.569581176466298,0.023835330841913693,1.5740811259908036,-0.039555946643848205,0.39890056196395185,0.4139128628860486,0.6834974117595576,0.047749210789537866,0.879221071508902
2023-10-24 00:00:00+00:00,0.03854081803416487,1.542431793983134,0.0,0.25609162287681714,0.2768207762076466,0.5758050795240143,0.046237541230737644,1.6468627669543294,0.0,0.30730994745218054,0.3321849314491758,0.6909660954288172,0.06182840990813632,0.9335819123180252
2023-10-25 00:00:00+00:00,0.008602085231972145,1.5556999237394806,0.0,0.2541677556278365,0.27517889913240984,0.53214170000285,0.010319138564246044,1.663856972042829,0.0,0.3050013067534037,0.3302146789588917,0.6385700400034199,0.01800121217330486,0.9503875184028217
2023-10-26 00:00:00+00:00,-0.004639239530764061,1.5484826591552618,-0.004639239530764061,0.25401318872522677,0.26088173916697205,0.522816196752765,-0.005588458988401546,1.6545585755920016,-0.005588458988401546,0.30481582647027217,0.31305808700036636,0.627379436103318,-0.01049228841593608,0.9404157784528335
2023-10-27 00:00:00+00:00,-0.004855418464216776,1.54096412786048,-0.009472132545703116,0.13727896340097454,0.3738068239814803,0.5126074696716602,-0.005827057884486342,1.6449173669987538,-0.011382952598877338,0.16473475608116941,0.44856818877777616,0.6151289636059921,-0.009581256533038096,0.9314054136317602
2023-10-28 00:00:00+00:00,0.0021430688309245216,1.5442665200524706,-0.007349363146799681,0.1452792645741018,0.38208497390279317,0.5139972612803383,0.0025698076760902744,1.6491444882750015,-0.00884239692175215,0.17433511748892214,0.45850196868335175,0.616796713536406,0.007689766010682275,0.9385677033236712
2023-10-29 00:00:00+00:00,0.005081079407603051,1.55211306086736,-0.0023056264369408774,0.1463598470370361,0.3845463178278761,0.5290400547579938,0.006098729314056861,1.6592021741087595,-0.0027975949930085786,0.17563181644444334,0.4614555813934515,0.6348480657095924,0.011171970932639441,0.9490533544235175
2023-10-30 00:00:00+00:00,-0.00031772190352719054,1.5516199205511716,-0.0026226157924478244,0.14596856708780925,0.3435481795177535,0.4853843454926772,-0.0003912825252675445,1.6585529572921447,-0.003187782868242617,0.17516228050537108,0.4122578154213042,0.5824612145912126,-0.0005716266622166621,0.9485108502222628
2023-10-31 00:00:00+00:00,0.0007913112692887747,1.5528477348799568,-0.0018333798285905534,0.0,0.3553570459280401,0.40545158038117607,0.000752740646643657,1.6598014175177096,-0.002437441795336559,0.0,0.40963309702595246,0.4781149134831737,0.004348568976037637,0.9526355150789744
2023-11-01 00:00:00+00:00,0.001997289248653056,1.5559492209656278,0.0,0.0,0.2818767089390877,0.42428924698503884,0.0024028690906578998,1.6637897030404931,-4.042955822891603e-05,0.0,0.3382520507269053,0.5091314309471713,0.006705552220493072,0.9590234622724327
2023-11-02 00:00:00+00:00,-0.007424437735686129,1.5443971728546793,-0.007424437735686129,0.0,0.27198488055845343,0.417729487451812,-0.009057158484302552,1.6487204960155046,-0.009097221865615124,0.0,0.32638185667014413,0.49564001816037256,0.0010905493229926844,0.960069324659948
2023-11-03 00:00:00+00:00,-0.0022877640708391933,1.5408639564915168,-0.009695216444627341,0.0,0.13553645888248397,0.22062490152160477,-0.002745474888770527,1.6441939752950927,-0.011817720560196143,0.0,0.16264375065898076,0.26474988182592574,-0.008028989578314882,0.9523609380577934
2023-11-04 00:00:00+00:00,0.00253112624121532,1.5447640776859353,-0.00718863002016934,0.0,0.48462480312114126,0.4272496498367988,0.003027843573025546,1.6491723374559972,-0.008825659196416646,0.0,0.5479327480996258,0.4874060162477725,0.008914617464232277,0.960850871508456
2023-11-05 00:00:00+00:00,0.013112059825979516,1.5650191166895773,0.0,0.07407824179743962,0.42699876427363886,0.49936662412308563,0.015355934197477827,1.6744969193502721,0.0,0.08889389015692752,0.5123985171283665,0.5936374329428004,0.01825179732272164,0.9783881268725888
2023-11-06 00:00:00+00:00,0.0023969367323788404,1.5687703684972456,0.0,0.09862388388440661,0.40255421613901404,0.5005913106042784,0.002872994313506405,1.6793077394775495,0.0,0.11834866066128791,0.48306505936681704,0.6007095727251341,0.003494282104150148,0.9818068909952327
2023-11-07 00:00:00+00:00,-0.003748174615366806,1.5628903432247045,-0.003748174615366806,0.0,0.310909992051524,0.4398524800933103,-0.004503806328057025,1.6717444626537354,-0.004503806328057025,0.0,0.3730919904618288,0.5278229761119723,0.005307716478432756,0.9870180436092069
2023-11-08 00:00:00+00:00,0.0008384984123939176,1.5642008242962442,-0.0029128190414373645,0.04201459979589842,0.22666168122694585,0.23873148082170811,0.0010052745172430821,1.6734250247613836,-0.0035030593725460246,0.05041751975507808,0.271994017472335,0.2864777769860497,0.003428882569856073,0.9904024125750719
2023-11-09 00:00:00+00:00,0.016467152663876217,1.5899587580668915,0.0,0.09394769424515544,0.30170973590550215,0.36995598096808785,0.019502317775150102,1.7060606913671685,0.0,0.1325589940956934,0.34854011075477614,0.4449988752733189,0.0390048509846046,1.0290329110923555
2023-11-10 00:00:00+00:00,0.012655946276843189,1.6100811906913823,0.0,0.048807502883947806,0.3770165216973595,0.37954378373015,0.014938900698249657,1.7315473626206899,0.0,0.058569003460737366,0.45241982603683134,0.4465987243927823,0.02967942017216707,1.0595740112316538
2023-11-11 00:00:00+00:00,-0.0034471824073116775,1.6045309471364875,-0.0034471824073117885,0.04972965860418646,0.2505960073479125,0.34300652878562893,-0.004139126034511942,1.724380269852076,-0.004139126034511942,0.05967559032502375,0.30071520881749486,0.41160783454275457,-0.004320944460855292,1.0549956507769562
2023-11-12 00:00:00+00:00,-0.0031299602307520713,1.5995088290829393,-0.0065663530942207116,0.05000293433491842,0.07321676769006956,0.16606565636668613,-0.0037556952116190034,1.7179040231295823,-0.0078792759503028,0.06000352120190208,0.08786012122808345,0.19927878764002335,-0.006762719488259683,1.0478610111294178
2023-11-13 00:00:00+00:00,0.0003248456261029098,1.60002842252998,-0.006243640519200011,0.0,0.0,0.06269170252496055,-1.5438901815545414e-05,1.7178775005780407,-0.00789459320475061,0.0,0.0,0.07358657441241542,0.007958035960862642,1.0561999267379716
2023-11-14 00:00:00+00:00,0.0,1.60002842252998,-0.006243640519200011,0.0,0.0,0.0,0.0,1.7178775005780407,-0.00789459320475061,0.0,0.0,0.0,-0.05091336181830808,1.0024252377154907
2023-11-15 00:00:00+00:00,0.0,1.60002842252998,-0.006243640519200011,0.0,0.0,0.0,0.0,1.7178775005780407,-0.00789459320475061,0.0,0.0,0.0,0.052284755450672016,1.0548367961270269
2023-11-16 00:00:00+00:00,-0.017294254079422977,1.572357124456448,-0.02342991549310336,0.2517958642715487,0.0,0.285608573082682,-0.020073441271616588,1.6833937874583558,-0.027809562823308376,0.28437477871703437,0.0,0.3299962879703529,-0.04193828814934586,1.0105987466205189
2023-11-17 00:00:00+00:00,0.0023404001012494735,1.5760370692297263,-0.02114435076844612,0.24380381713751498,0.0,0.23934210528562008,0.0023779685524096816,1.6873968449462535,-0.02549772453674881,0.2441949461700873,0.0,0.24119034593167984,-0.0011169781027440262,1.0094699299498833
2023-11-18 00:00:00+00:00,0.0025156658218137284,1.580001851818699,-0.01868187706718516,0.24984681086863328,0.0,0.2471880345140305,0.002495360876708874,1.6916075090166145,-0.023065989684294075,0.24638498928858085,0.0,0.2452793647213238,0.011939454181534304,1.0215224499261566
2023-11-19 00:00:00+00:00,0.0019883840212109316,1.583143502254339,-0.016730639791820767,0.2516648361039797,0.0,0.25180696987670576,0.001944231484029224,1.694896385594265,-0.021166603823619234,0.24620730045846692,0.0,0.2465920401511211,0.009179452251540932,1.0308994664791309
2023-11-20 00:00:00+00:00,0.001771241736332918,1.5859476321001362,-0.014989032062962537,0.08150588483492995,0.0,0.101998471517925,0.0018924676489027181,1.6981039221722443,-0.019314193287689907,0.09780706180191591,0.0,0.10715875964592332,0.020298047977882927,1.0518247133100982
2023-11-21 00:00:00+00:00,-0.0038266341409847193,1.579878790745328,-0.01875830866211481,0.08159544123268124,0.0,0.18770409458620285,-0.004590772165281254,1.690308313952581,-0.023816298392031143,0.09791452947921749,0.0,0.22524491350344342,-0.02013977329531802,1.0306412020376199
2023-11-22 00:00:00+00:00,0.009788309730085043,1.5953431336851356,-0.009153611067227008,0.0,0.4044399014118382,0.08919897975753815,0.010970033978305871,1.7088510535904538,-0.013107530016323254,0.0,0.45095948418037013,0.10056988221554397,0.026299999518982542,1.0577470651554528
2023-11-23 00:00:00+00:00,-0.0031419304087613176,1.5903306765810017,-0.012266781467026311,0.054055338251567366,0.2563864678471531,0.32009944257138806,-0.00371376551917757,1.7025047814702192,-0.01677261724248469,0.09046093037038534,0.2889145270426212,0.38654627504475664,-0.003715792798495543,1.0538166962281184
2023-11-24 00:00:00+00:00,0.0036670075098079735,1.5961624311151021,-0.008644756336979142,0.05501770742337566,0.2677834759652973,0.3127516279060581,0.004499393483574421,1.7101650203897205,-0.012348690363633619,0.09442658197127429,0.2997455042215802,0.3825534160850954,0.012470679954190711,1.0669585069771619
2023-11-25 00:00:00+00:00,-0.0008088133704002853,1.5948714335994856,-0.009446577712870274,0.05879845172540782,0.2757550434969881,0.3315242080333439,-0.0008733787101582458,1.7086713986700548,-0.013211283990529954,0.09850249862605855,0.30885040875195496,0.4039410884688656,-0.0006740030233480798,1.0662393737176723
2023-11-26 00:00:00+00:00,-0.004906594382758311,1.5870460463821647,-0.014306821570486239,0.045471178026017224,0.3789702125823937,0.3505650122863706,-0.006020477146571945,1.6983843815633606,-0.019152222903760063,0.05456541363122067,0.4547642550988724,0.4255126779311816,-0.012672918766091779,1.0527270087493397
2023-11-27 00:00:00+00:00,-0.002188954117670283,1.5835720754040041,-0.01646445871216906,0.0,0.0,0.11924679088579493,-0.0026265421687863277,1.6939235033663764,-0.021728460951463635,0.0,0.0,0.1430961490629539,-0.020555147879688707,1.0310880494075547
2023-11-28 00:00:00+00:00,0.0,1.5835720754040041,-0.01646445871216906,0.0,0.0,0.0,0.0,1.6939235033663764,-0.021728460951463635,0.0,0.0,0.0,0.032462750020599174,1.0645600030046993
2023-11-29 00:00:00+00:00,-0.002259992727558724,1.579993214030026,-0.018687241882775152,0.32723260026827683,0.0,0.32691247715441496,-0.0027134814608159585,1.6893270733439514,-0.024382982636315664,0.3926791203219322,0.0,0.39229497258529794,-0.007662053382165079,1.0564032874331595
2023-11-30 00:00:00+00:00,0.0002937740411677048,1.5804573750215292,-0.018398957668173566,0.08471298257399591,0.0,0.23794847713534448,0.00035152975820551546,1.689920922081574,-0.02404002422210061,0.10165557908879508,0.0,0.2855381725624134,-0.0011458166549463966,1.0551928429520785
2023-12-01 00:00:00+00:00,0.004063410932778622,1.5868794227979823,-0.014410309261135401,0.28303520514016445,0.23379216465790698,0.34533781080630255,0.0048744381810383874,1.698158337147104,-0.01928276765300352,0.3396422461681973,0.28055059758948825,0.41440537296756297,0.025869952472567626,1.0824906316486422
2023-12-02 00:00:00+00:00,0.012368306899971149,1.606506434512397,-0.0022202334886294306,0.29133824288899307,0.24292869390091262,0.5259889036110044,0.014845506942947617,1.7233683585314459,-0.004723523171127786,0.3496058914667916,0.29151443268109506,0.6311866843332051,0.023521085322557145,1.1079519861565188
2023-12-03 00:00:00+00:00,0.0025607106126896984,1.6106202325886072,0.0,0.2906036286829323,0.2392793136743611,0.5272144100091095,0.0030726878236633226,1.728663731502392,-0.0016653492595971597,0.3487243544195187,0.28713517640923336,0.6326572920109313,0.005156313151701397,1.1136649335541913
2023-12-04 00:00:00+00:00,0.024845953667799625,1.6506376282639244,0.0,0.32333758175412464,0.1910619996275873,0.5214353857229139,0.02985915735959055,1.7802801738831389,0.0,0.3880050981049495,0.22927439955310477,0.6257224628674967,0.046323216244538834,1.165253475095182
2023-12-05 00:00:00+00:00,0.019985848145213536,1.6836270212451825,0.0,0.4024246096088513,0.11236938116886895,0.515841912295163,0.023986736153322585,1.822983284693065,0.0,0.4829095315306216,0.13484325740264272,0.6190102947541954,0.03252388114945992,1.2031520406281728
2023-12-06 00:00:00+00:00,-0.0014607654389177105,1.6811676370805195,-0.0014607654389177105,0.0,0.0,0.20540937319618802,-0.00175361615281866,1.8197864717587087,-0.00175361615281866,0.0,0.0,0.24649124783542556,2.1481599105532823e-05,1.2031778862579725
2023-12-07 00:00:00+00:00,0.0,1.6811676370805195,-0.0014607654389177105,0.0,0.0,0.0,0.0,1.8197864717587087,-0.00175361615281866,0.0,0.0,0.0,0.0051332172907399,1.2093540597875478
2023-12-08 00:00:00+00:00,0.0003675821868420748,1.6817856043570056,-0.0010937202034302373,0.0,0.07061571612884714,0.07039292674341861,0.00044098090305277893,1.820588962840388,-0.0013134085610007062,0.0,0.08473885935461654,0.08447151209210234,0.01193060442316729,1.2237823846824245
2023-12-09 00:00:00+00:00,1.3859035860930291e-05,1.6818089122840068,-0.0010798763254767918,0.0,0.0,0.0235393628572618,1.6597567478848774e-05,1.8206191801885498,-0.0012968327929090417,0.0,0.0,0.028247235428714157,0.0003358642344590823,1.2241934094162004
2023-12-10 00:00:00+00:00,0.0,1.6818089122840068,-0.0010798763254767918,0.0,0.0,0.0,0.0,1.8206191801885498,-0.0012968327929090417,0.0,0.0,0.0,-0.0018547609115069363,1.2219228233322907
2023-12-11 00:00:00+00:00,0.0,1.6818089122840068,-0.0010798763254767918,0.0,0.0,0.0,0.0,1.8206191801885498,-0.0012968327929090417,0.0,0.0,0.0,-0.07082488860126146,1.1353802754904423
2023-12-12 00:00:00+00:00,0.0,1.6818089122840068,-0.0010798763254767918,0.0,0.0,0.0,0.0,1.8206191801885498,-0.0012968327929090417,0.0,0.0,0.0,0.004962813478574413,1.1410149560249538
2023-12-13 00:00:00+00:00,0.0,1.6818089122840068,-0.0010798763254767918,0.0,0.0,0.0,0.0,1.8206191801885498,-0.0012968327929090417,0.0,0.0,0.0,0.03604573587754345,1.1821436797621563
2023-12-14 00:00:00+00:00,0.0,1.6818089122840068,-0.0010798763254767918,0.0,0.0,0.0,0.0,1.8206191801885498,-0.0012968327929090417,0.0,0.0,0.0,0.011473433924263476,1.195706927160893
2023-12-15 00:00:00+00:00,0.0,1.6818089122840068,-0.0010798763254767918,0.0,0.0,0.0,0.0,1.8206191801885498,-0.0012968327929090417,0.0,0.0,0.0,-0.022410770950976322,1.1689102130917945
2023-12-16 00:00:00+00:00,0.0,1.6818089122840068,-0.0010798763254767918,0.0,0.0,0.0,0.0,1.8206191801885498,-0.0012968327929090417,0.0,0.0,0.0,0.0021091936838188996,1.1713756711301992
2023-12-17 00:00:00+00:00,0.0,1.6818089122840068,-0.0010798763254767918,0.0,0.0,0.0,0.0,1.8206191801885498,-0.0012968327929090417,0.0,0.0,0.0,-0.0023692602954041853,1.168600377261588
2023-12-18 00:00:00+00:00,0.0,1.6818089122840068,-0.0010798763254767918,0.0,0.0,0.0,0.0,1.8206191801885498,-0.0012968327929090417,0.0,0.0,0.0,-0.016760838847546977,1.149013654661124
2023-12-19 00:00:00+00:00,0.0,1.6818089122840068,-0.0010798763254767918,0.0,0.0,0.0,0.0,1.8206191801885498,-0.0012968327929090417,0.0,0.0,0.0,0.00697903189477711,1.1570326576045384
2023-12-20 00:00:00+00:00,-0.00036037561529622675,1.6812028293624317,-0.0014398627796777808,0.053414109067535576,0.0,0.00890235151125593,-0.0003165922068240068,1.820042786344508,-0.00161301443257722,0.04692462516179937,0.0,0.007820770860299895,0.025646137752624698,1.1867060765257498
2023-12-21 00:00:00+00:00,-0.0003303484455059458,1.6806474466211716,-0.0017697355687528171,0.1447966034134201,0.0,0.13318884945607565,-0.0005162292716388572,1.8191032269825618,-0.002128411018950449,0.1737559240961041,0.0,0.14356054981261937,0.0020784114600735926,1.1891725400349398
2023-12-22 00:00:00+00:00,-3.250670267540556e-05,1.680592814314322,-0.0018021847431602955,0.05606079342245257,0.05079356582585376,0.12635707593551823,-3.930535515339617e-05,1.8190317264841644,-0.002167632716152834,0.06727295210694308,0.06095227899102449,0.15162849112262186,0.01702109200699442,1.2094135552510656
2023-12-23 00:00:00+00:00,-0.0006582614484603733,1.6794865448540994,-0.002459259882881204,0.05607340342018279,0.017021510071643278,0.08427527534112549,-0.0007903271137500445,1.8175940963899524,-0.0029562466909947016,0.06728808410421934,0.020425812085971932,0.10113033040935056,-0.0024234304705652576,1.2064826255897556
2023-12-24 00:00:00+00:00,-0.00014406331901273273,1.6792445924482104,-0.002602968912752912,0.0,0.0,0.036584153746463045,-0.0001729032155703969,1.8172798285260847,-0.0031286387620063083,0.0,0.0,0.043900984495755656,-0.0023765430996831594,1.2036153676310226
2023-12-25 00:00:00+00:00,0.0,1.6792445924482104,-0.002602968912752912,0.0,0.0,0.0,0.0,1.8172798285260847,-0.0031286387620063083,0.0,0.0,0.0,-0.004987644230194932,1.1976121623872837
2023-12-26 00:00:00+00:00,0.0,1.6792445924482104,-0.002602968912752912,0.0,0.0,0.0,0.0,1.8172798285260847,-0.0031286387620063083,0.0,0.0,0.0,-0.029609561639903137,1.1621513912443797
2023-12-27 00:00:00+00:00,1.1275204470084788e-06,1.679246485830824,-0.0026018443272065594,0.0,0.0023508637361694742,0.0003918106226949124,0.0,1.8172798285260847,-0.0031286387620063083,0.0,0.0,0.0,0.0415343107982431,1.2104205483229344
2023-12-28 00:00:00+00:00,2.7509656078450462e-05,1.6792926813241202,-0.002574406246970695,0.0,0.0,0.00038036550797549405,0.0,1.8172798285260847,-0.0031286387620063083,0.0,0.0,0.0,-0.003830931364123602,1.2057835102805845
2023-12-29 00:00:00+00:00,-0.0005844809628093861,1.6783111667209012,-0.003157382518338192,0.0,0.0,0.030437583059913297,-0.00046711741811389373,1.816430945464593,-0.0035942947384595136,0.0,0.0,0.02422945804008554,-0.015723278438602772,1.186824640411767
2023-12-30 00:00:00+00:00,0.0,1.6783111667209012,-0.003157382518338192,0.0,0.0,0.0,0.0,1.816430945464593,-0.0035942947384595136,0.0,0.0,0.0,0.0008801981626773703,1.1878692812796776
2023-12-31 00:00:00+00:00,0.0,1.6783111667209012,-0.003157382518338192,0.0,0.0,0.0,0.0,1.816430945464593,-0.0035942947384595136,0.0,0.0,0.0,0.0018428977923334866,1.1900584029557286
2024-01-01 00:00:00+00:00,0.0,1.6783111667209012,-0.003157382518338192,0.0,0.0,0.0,0.0,1.816430945464593,-0.0035942947384595136,0.0,0.0,0.0,0.02224508910462797,1.2165313581691901
2024-01-02 00:00:00+00:00,-0.0019932525267122303,1.6749658687472253,-0.00514434158436794,0.17532449129891559,0.0,0.10236428099795179,-0.0023916540762086713,1.812086670989721,-0.005977352505005862,0.21038938955869868,0.0,0.12283713719754212,0.0217477028660491,1.2429881206738849
2024-01-03 00:00:00+00:00,-0.007179862353496769,1.6629398443628152,-0.012287268273389551,0.0,0.0,0.13500684259673468,-0.008614423370325697,1.7964765892220915,-0.014540284430219708,0.0,0.0,0.1620082111160816,-0.05924910810575712,1.169342183137906
2024-01-04 00:00:00+00:00,0.0,1.6629398443628152,-0.012287268273389551,0.0,0.0,0.0,0.0,1.7964765892220915,-0.014540284430219708,0.0,0.0,0.0,0.031560262975811826,1.2062469299464482
2024-01-05 00:00:00+00:00,0.0,1.6629398443628152,-0.012287268273389551,0.0,0.0,0.0,0.0,1.7964765892220915,-0.014540284430219708,0.0,0.0,0.0,-0.013274858039766135,1.1902341731905053
2024-01-06 00:00:00+00:00,0.0,1.6629398443628152,-0.012287268273389551,0.0,0.0,0.0,0.0,1.7964765892220915,-0.014540284430219708,0.0,0.0,0.0,0.006294188744659923,1.1977257317269105
2024-01-07 00:00:00+00:00,0.0,1.6629398443628152,-0.012287268273389551,0.0,0.0,0.0,0.0,1.7964765892220915,-0.014540284430219708,0.0,0.0,0.0,0.004333540994392093,1.2029161252853873
2024-01-08 00:00:00+00:00,0.014914951350793348,1.6877425112407825,0.0,0.3330736538361154,0.0,0.06904691482935954,0.016759150940940604,1.8265840115427308,0.0,0.3732164600775183,0.0,0.07844431037426142,0.0564480676406689,1.270818416091548
2024-01-09 00:00:00+00:00,-0.0012160786952964964,1.6856900835297164,-0.0012160786952964964,0.4655810024275713,0.0,0.3608667614100143,-0.001379076043168892,1.8240650132915768,-0.001379076043168892,0.5411548954668263,0.0,0.40827128884652564,-0.017634500787060636,1.2484081677327705
2024-01-10 00:00:00+00:00,-0.0015174233957789829,1.6831321779589357,-0.002731656784812131,0.0,0.28095058433117986,0.2500053510392613,-0.0019134547890800047,1.8205747473563008,-0.0032898920325895586,0.0,0.3059412079471653,0.29058151588913395,0.03094741201130402,1.2870431696578737
2024-01-11 00:00:00+00:00,0.01753073786058512,1.7126387269554495,0.0,0.0,0.25706919608887785,0.27465705392202927,0.019097831907768814,1.85534377785684,0.0,0.0,0.2931171950680034,0.29774159664595884,0.0335394421063091,1.3302098795349344
2024-01-12 00:00:00+00:00,-0.004581081539852039,1.7047929892989582,-0.004581081539852039,0.0,0.2861497418160344,0.23387597683601047,-0.0050761154805830655,1.8459258385842574,-0.0050761154805830655,0.0,0.3104924589430777,0.24751917263535014,-0.04317303696488595,1.2727806792347163
2024-01-13 00:00:00+00:00,-0.004341775619966071,1.6973911606609309,-0.008902967131675266,0.0,0.0,0.028788903607145755,-0.004769958390940188,1.837120849141449,-0.009821861011893307,0.0,0.0,0.03164160974607421,-0.012127816501645294,1.2573446287101182
2024-01-14 00:00:00+00:00,0.0,1.6973911606609309,-0.008902967131675266,0.0,0.0,0.0,0.0,1.837120849141449,-0.009821861011893307,0.0,0.0,0.0,-0.015388712503373814,1.237995713701237
2024-01-15 00:00:00+00:00,0.0,1.6973911606609309,-0.008902967131675266,0.0,0.0,0.0,0.0,1.837120849141449,-0.009821861011893307,0.0,0.0,0.0,0.01015110459212698,1.2505627376756232
2024-01-16 00:00:00+00:00,0.0,1.6973911606609309,-0.008902967131675266,0.0,0.0,0.0,0.0,1.837120849141449,-0.009821861011893307,0.0,0.0,0.0,0.011271647136880336,1.264658639577234
2024-01-17 00:00:00+00:00,0.0,1.6973911606609309,-0.008902967131675266,0.0,0.0,0.0,0.0,1.837120849141449,-0.009821861011893307,0.0,0.0,0.0,-0.015115317839526465,1.2455429222815209
2024-01-18 00:00:00+00:00,0.0,1.6973911606609309,-0.008902967131675266,0.0,0.0,0.0,0.0,1.837120849141449,-0.009821861011893307,0.0,0.0,0.0,-0.038092772387002594,1.1980967392448088
2024-01-19 00:00:00+00:00,0.0,1.6973911606609309,-0.008902967131675266,0.0,0.0,0.0,0.0,1.837120849141449,-0.009821861011893307,0.0,0.0,0.0,0.0209009275456018,1.2231380723843863
2024-01-20 00:00:00+00:00,0.0,1.6973911606609309,-0.008902967131675266,0.0,0.0,0.0,0.0,1.837120849141449,-0.009821861011893307,0.0,0.0,0.0,-0.008110221323138656,1.2132181519085918
2024-01-21 00:00:00+00:00,0.0,1.6973911606609309,-0.008902967131675266,0.0,0.0,0.0,0.0,1.837120849141449,-0.009821861011893307,0.0,0.0,0.0,0.003765385983555136,1.2177863865327831
2024-01-22 00:00:00+00:00,0.0,1.6973911606609309,-0.008902967131675266,0.0,0.0,0.0,0.0,1.837120849141449,-0.009821861011893307,0.0,0.0,0.0,-0.05188194499376242,1.1546052602125365
2024-01-23 00:00:00+00:00,0.0,1.6973911606609309,-0.008902967131675266,0.0,0.0,0.0,0.0,1.837120849141449,-0.009821861011893307,0.0,0.0,0.0,-0.038309845496410255,1.1103725110844518
2024-01-24 00:00:00+00:00,0.0,1.6973911606609309,-0.008902967131675266,0.0,0.0,0.0,0.0,1.837120849141449,-0.009821861011893307,0.0,0.0,0.0,0.014972199645213458,1.1269972300009652
2024-01-25 00:00:00+00:00,-0.0005003411671945512,1.69654188598642,-0.009398853777903726,0.1002451126733664,0.0,0.036850882773204786,-0.00045500575791057596,1.836284948577112,-0.010272397766490138,0.08454856194451649,0.0,0.028184487468772185,0.002845489390763456,1.1302040886623528
2024-01-26 00:00:00+00:00,0.010713353057048236,1.7147175381870632,0.0,0.2019357184116162,0.0,0.1774483302443327,0.010498945617757327,1.8555640043909294,0.0,0.20761894989636273,0.0,0.16915319178950114,0.036768922175402396,1.1717604748407005
2024-01-27 00:00:00+00:00,-0.0011685056792832826,1.7127138810053248,-0.0011685056792833937,0.143061452968434,0.0,0.16476624064083623,-0.0011795174840912859,1.8533753342048997,-0.0011795174840912859,0.17167374356212076,0.0,0.18075029189088485,0.0009094546553600757,1.1728261378595113
2024-01-28 00:00:00+00:00,-0.0005228517902824414,1.7118183854863995,-0.001690746514279473,0.15184590507820092,0.0,0.14890970889746113,-0.0006279437678753386,1.8522115187142518,-0.0018067205813134812,0.1822150860938411,0.0,0.17869165067695333,-0.004900433328202114,1.167078781565358
2024-01-29 00:00:00+00:00,0.004433189094486645,1.7194072000846796,0.0,0.15031958778302715,0.0,0.15106519736522414,0.005321294987518765,1.8620676825846105,0.0,0.18038350533963254,0.0,0.18127823683826894,0.024425571444164795,1.1955853477254514
2024-01-30 00:00:00+00:00,0.0015848272456868706,1.722132163461804,0.0,0.1900128149598149,0.0,0.16101710214784096,0.0019017864146164687,1.8656089376064464,0.0,0.22801537795177784,0.0,0.19322052257740915,0.020967697995485146,1.2206540202243858
2024-01-31 00:00:00+00:00,-0.0017963900118858067,1.719038542444214,-0.0017963900118858067,0.2262723898949727,0.0,0.22844206496079453,-0.0021591710334621927,1.8615807688285984,-0.0021591710334621927,0.27152686787396724,0.0,0.27413047795295337,-0.011435065445106196,1.206695761617288
2024-02-01 00:00:00+00:00,-0.0026430964897424802,1.7144949577069477,-0.004434738469493604,0.16306620134756364,0.0,0.18416593130609427,-0.003669911375821955,1.8547489323880628,-0.005821158442946173,0.1782419582995544,0.0,0.20937238532807054,-0.006205864072628131,1.1992071717436745
2024-02-02 00:00:00+00:00,-0.0003884437031084209,1.7138289729366154,-0.004821459526368588,0.12647686406960168,0.0,0.15007408517494594,-0.0004201355397508433,1.8539696864442516,-0.0062388483071526,0.134346442972499,0.0,0.16270222696200023,-0.0015924191084148998,1.1972975313284417
2024-02-03 00:00:00+00:00,-0.0003826373138020589,1.7131731980220948,-0.0052022519698489145,0.22605235132403098,0.0,0.18450191245108535,-0.0004663452444338967,1.8531050964976539,-0.006702284094347699,0.2623486899183038,0.0,0.20512249094645427,-6.320436700313348e-05,1.1972218568958597
2024-02-04 00:00:00+00:00,-0.00011302617566200102,1.7129795646072756,-0.005314690154865964,0.0,0.0,0.0,-0.0001311743449591285,1.8528620166504803,-0.006832579271580985,0.0,0.0,0.0,-0.010100911238975274,1.1851288251859935
2024-02-05 00:00:00+00:00,-0.0021732731624513058,1.709256792091687,-0.007476413043836949,0.0,0.14548713627395676,0.05497870025026067,-0.0026083836372309266,1.8480290416842025,-0.009423140920839956,0.0,0.1745845635287481,0.06597444030031281,0.007560402960117507,1.1940888766640503
2024-02-06 00:00:00+00:00,0.004650468016038634,1.7172056361345063,-0.0028607138475333915,0.0,0.2120878002961761,0.12156403111458224,0.005581746251819508,1.8583442708608768,-0.0038939922505356606,0.0,0.25450536035541127,0.14587683733749865,0.02129994231773291,1.219522900859241
2024-02-07 00:00:00+00:00,0.006895726236944233,1.7290470160938276,0.0,0.0,0.3913846471655596,0.3635750659283745,0.008271077969530527,1.8737147812193975,0.0,0.0,0.4696615765986715,0.4362900791140493,0.012032788835882213,1.2341971624058028
2024-02-08 00:00:00+00:00,0.005603438852620712,1.7387356253218156,0.0,0.26806702552278144,0.24406400442792017,0.47707915125204714,0.006718874815371034,1.886304036274121,0.0,0.32168043062733764,0.2928768053135042,0.5724949815024565,0.02087530517976055,1.2599614048230183
2024-02-09 00:00:00+00:00,0.019385074421387927,1.7724411448177975,0.0,0.26208621480903893,0.2458100745811035,0.5098564738989182,0.023288182376409283,1.9302326286882296,0.0,0.31450345777084676,0.2949720894973242,0.6118277686787018,0.039063134795070065,1.3091794470162057
2024-02-10 00:00:00+00:00,0.0006697440775913499,1.7736282267774184,0.0,0.27425665265335986,0.2606141677803316,0.5199329344189627,0.0007993333408833347,1.931775527984001,0.0,0.32910798318403184,0.31273700133639787,0.6239195213027553,0.0011077719466543456,1.3106297192807468
2024-02-11 00:00:00+00:00,0.006078952965888895,1.7844100293469711,0.0,0.27503710911002216,0.2582115248316916,0.533198554504008,0.007288282441541449,1.9458548536456062,0.0,0.3300445309320267,0.30985382979803,0.6398382654048095,0.011996986305144342,1.326353326074073
2024-02-12 00:00:00+00:00,0.01830104991442849,1.8170666063618568,0.0,0.25528681357497157,0.25133492800501206,0.533611113777465,0.021953639141662817,1.988573448924595,0.0,0.30634417628996585,0.30160191360601446,0.6403333365329579,0.03373700931499135,1.3711005205908038
2024-02-13 00:00:00+00:00,-0.0031024538320986172,1.811429241105771,-0.0031024538320986172,0.2535318857173198,0.24116172416229645,0.5032450743750166,-0.0037422762598762205,1.9811316577156644,-0.0037422762598762205,0.30423826286078365,0.28939406899475556,0.60389408925002,-0.006584871485539101,1.3620719998689577
2024-02-14 00:00:00+00:00,0.02724112517069721,1.8607746118005946,0.0,0.24290046756245287,0.2283970639479311,0.4880277907605887,0.032732578037474536,2.0459792043043534,0.0,0.29148056107494347,0.2740764767375174,0.5856333489127064,0.05553884637279061,1.4377199074183593
2024-02-15 00:00:00+00:00,0.007367600605314717,1.874484055956851,0.0,0.2444719949061717,0.2317817664257191,0.47388853753657584,0.008839118456712702,2.0640638568511704,0.0,0.29336639388740604,0.27813811971086294,0.568666245043891,0.015242073919665033,1.459633740523004
2024-02-16 00:00:00+00:00,-0.007189221858855399,1.8610079742076902,-0.007189221858855399,0.24688406386606365,0.2315332163510273,0.480559185201624,-0.008631821572495202,2.0462472259245947,-0.008631821572495313,0.29626087663927636,0.2778398596212328,0.5766710222419488,-0.013982301531533459,1.4392247014374113
2024-02-17 00:00:00+00:00,-0.004315913528797455,1.8529760247146072,-0.011474107327770655,0.16254409221268737,0.14860350889538543,0.2594271567548351,-0.005180013737649425,2.0356476371836782,-0.013767122355818229,0.19505291065522481,0.1783242106744625,0.3113125881058021,-0.002087213322121917,1.4362207324670442
2024-02-18 00:00:00+00:00,0.003950456388617463,1.860296125689396,-0.007568978899749945,0.1690948756384462,0.15257846496704527,0.3193303317281773,0.0047415446103287184,2.045299751266295,-0.009090855170295509,0.20291385076613533,0.18309415796045425,0.3831963980738127,0.012580139780837385,1.4542885900376163
2024-02-19 00:00:00+00:00,0.006062652051868067,1.871574453812889,-0.0015522149333390134,0.1701890857002102,0.15187895687278483,0.32239135625891224,0.007275903745080692,2.060181155386346,-0.0018810956123942457,0.20422690284025222,0.18225474824734175,0.38686962751069465,0.01876982878167488,1.4815853378717658
2024-02-20 00:00:00+00:00,0.0030533140201249864,1.8772889583324235,0.0,0.16898415732114905,0.15138095273930866,0.3214728507574722,0.0036597297041032206,2.067720861556547,0.0,0.20278098878537887,0.18165714328717042,0.3857674209089665,0.009845525156242596,1.4961723235869024
2024-02-21 00:00:00+00:00,-0.012678712609912712,1.8534873511439642,-0.012678712609912712,0.0,0.1592441519935052,0.33228526586019924,-0.015332512125172615,2.036017506375259,-0.015332512125172615,0.0,0.1592441519935052,0.38812022342296854,-0.02213840232686226,1.4630494587370193
2024-02-22 00:00:00+00:00,0.003514550977240294,1.8600015269252297,-0.009208721614465842,0.0,0.33772988956311023,0.22732835146211813,0.0034116873772276346,2.0429637616015737,-0.011973134486023662,0.0,0.3737211919998223,0.24106289304404926,0.01671065504890934,1.487497973561467
2024-02-23 00:00:00+00:00,-0.0036165807452870347,1.8532746812167473,-0.012791998274473304,0.0,0.0,0.10804323397544667,-0.004323048545264885,2.0341319300839533,-0.016244422589666407,0.0,0.0,0.129651880770536,-0.010315486737160762,1.4721537079436402
2024-02-24 00:00:00+00:00,0.0005420038150680817,1.8542791631643358,-0.012256927771272408,0.0,0.07023697177936071,0.028993169845877496,0.0006503754736026934,2.035454879601352,-0.015604612090099002,0.0,0.08428436613523284,0.034791803815052987,0.011503089534844246,1.489088023855169
2024-02-25 00:00:00+00:00,0.012197451996874165,1.8768966442458368,-0.0002089790625174892,0.0,0.421702331306354,0.378755215088687,0.013688969880567337,2.0633181601414687,-0.002129253274430809,0.0,0.47518522734445295,0.42625638984833825,0.01676386355728532,1.5140508923118645
2024-02-26 00:00:00+00:00,0.00809019279961154,1.8920810999627296,0.0,0.06153086474236543,0.24599352295051105,0.375147279302716,0.010017549974198126,2.0839875529233565,0.0,0.07383703769083852,0.2951922275406133,0.4297814202487557,0.042855465906268764,1.5789362487076914
2024-02-27 00:00:00+00:00,0.009787074560839049,1.9105990387632192,0.0,0.14397429178931928,0.1336120765780168,0.29537946221483613,0.011751762503308338,2.1084780797051623,0.0,0.1727691501471831,0.16033449189362012,0.3544553546578033,0.03782447576592873,1.6386586845828819
2024-02-28 00:00:00+00:00,0.012839240333307966,1.9351296790024874,0.0,0.22434819214865356,0.0,0.2548971611531417,0.015416914605262733,2.140984306207045,0.0,0.2692178305783843,0.0,0.30587659338377,0.043092161997346334,1.709272030077286
2024-02-29 00:00:00+00:00,0.0009665557061571128,1.9370000896358812,0.0,0.0,0.0,0.04868389112790489,0.0011584486777982406,2.1434645266457575,0.0,0.0,0.0,0.05842066935348585,0.018561420441152388,1.7409985468758524
2024-03-01 00:00:00+00:00,0.0,1.9370000896358812,0.0,0.0,0.0,0.0,0.0,2.1434645266457575,0.0,0.0,0.0,0.0,0.009488097892907277,1.7575173115200198
2024-03-02 00:00:00+00:00,0.0,1.9370000896358812,0.0,0.0,0.0,0.0,0.0,2.1434645266457575,0.0,0.0,0.0,0.0,-0.001546647930190992,1.7547990510078826
2024-03-03 00:00:00+00:00,0.0,1.9370000896358812,0.0,0.0,0.0,0.0,0.0,2.1434645266457575,0.0,0.0,0.0,0.0,0.010949723247289045,1.7740136149710244
2024-03-04 00:00:00+00:00,0.0,1.9370000896358812,0.0,0.0,0.0,0.0,0.0,2.1434645266457575,0.0,0.0,0.0,0.0,0.05512149832847513,1.871799903483342
2024-03-05 00:00:00+00:00,0.0,1.9370000896358812,0.0,0.0,0.0,0.0,0.0,2.1434645266457575,0.0,0.0,0.0,0.0,-0.06566590962349073,1.7488864601879461
2024-03-06 00:00:00+00:00,0.0,1.9370000896358812,0.0,0.0,0.0,0.0,0.0,2.1434645266457575,0.0,0.0,0.0,0.0,0.09987053994928763,1.9235486952769147
2024-03-07 00:00:00+00:00,0.0,1.9370000896358812,0.0,0.0,0.0,0.0,0.0,2.1434645266457575,0.0,0.0,0.0,0.0,0.01012295735587565,1.9430206966911532
2024-03-08 00:00:00+00:00,0.0,1.9370000896358812,0.0,0.0,0.0,0.0,0.0,2.1434645266457575,0.0,0.0,0.0,0.0,0.017079462593386552,1.9762064459984656
2024-03-09 00:00:00+00:00,0.0,1.9370000896358812,0.0,0.0,0.0,0.0,0.0,2.1434645266457575,0.0,0.0,0.0,0.0,-0.010782630954609074,1.9548977412011446
2024-03-10 00:00:00+00:00,0.0,1.9370000896358812,0.0,0.0,0.0,0.0,0.0,2.1434645266457575,0.0,0.0,0.0,0.0,0.010522796350413977,1.9754687320176885
2024-03-11 00:00:00+00:00,-8.69081507279823e-05,1.936831748540131,-8.69081507279823e-05,0.04675793327168157,0.0,0.007792988878613595,-0.00010428978087351215,2.1432409851999634,-0.00010428978087351215,0.05610951992601787,0.0,0.009351586654336311,0.036339998925015715,2.0472572636156134
2024-03-12 00:00:00+00:00,-0.0001707881776853437,1.9365009605753147,-0.0002576814855286269,0.0,0.0,0.03893505621887389,-0.0002049733845821411,2.142801677841252,-0.0003092417888261867,0.0,0.0,0.046722067462648655,-0.011333923787725464,2.0240538058159268
2024-03-13 00:00:00+00:00,0.0,1.9365009605753147,-0.0002576814855286269,0.0,0.0,0.0,0.0,2.142801677841252,-0.0003092417888261867,0.0,0.0,0.0,0.01694020853736533,2.0583416993772965
2024-03-14 00:00:00+00:00,-0.001772597381750729,1.9330683240428412,-0.002029822101752732,0.0,0.0,0.022627451779386045,-0.001772597381750729,2.1390033531974995,-0.0020812910093918058,0.0,0.0,0.022627451779386045,-0.04986174084027961,1.955709199002205
2024-03-15 00:00:00+00:00,0.0,1.9330683240428412,-0.002029822101752732,0.0,0.0,0.0,0.0,2.1390033531974995,-0.0020812910093918058,0.0,0.0,0.0,-0.019189198740862,1.9181807065032197
2024-03-16 00:00:00+00:00,0.0,1.9330683240428412,-0.002029822101752732,0.0,0.0,0.0,0.0,2.1390033531974995,-0.0020812910093918058,0.0,0.0,0.0,-0.024806032950563495,1.8705982526925657
2024-03-17 00:00:00+00:00,0.0,1.9330683240428412,-0.002029822101752732,0.0,0.0,0.0,0.0,2.1390033531974995,-0.0020812910093918058,0.0,0.0,0.0,0.017077593862160123,1.9025435699313158
2024-03-18 00:00:00+00:00,0.0,1.9330683240428412,-0.002029822101752732,0.0,0.0,0.0,0.0,2.1390033531974995,-0.0020812910093918058,0.0,0.0,0.0,-0.031073243208427526,1.84342537086821
2024-03-19 00:00:00+00:00,0.0,1.9330683240428412,-0.002029822101752732,0.0,0.0,0.0,0.0,2.1390033531974995,-0.0020812910093918058,0.0,0.0,0.0,-0.04080407501468286,1.768206103751334
2024-03-20 00:00:00+00:00,0.0,1.9330683240428412,-0.002029822101752732,0.0,0.0,0.0,0.0,2.1390033531974995,-0.0020812910093918058,0.0,0.0,0.0,0.015163684842019798,1.7950186238443548
2024-03-21 00:00:00+00:00,0.0,1.9330683240428412,-0.002029822101752732,0.0,0.0,0.0,0.0,2.1390033531974995,-0.0020812910093918058,0.0,0.0,0.0,0.0035964065046283356,1.8014742404990778
2024-03-22 00:00:00+00:00,0.0,1.9330683240428412,-0.002029822101752732,0.0,0.0,0.0,0.0,2.1390033531974995,-0.0020812910093918058,0.0,0.0,0.0,-0.022458893781037825,1.7610151218824333
2024-03-23 00:00:00+00:00,0.0,1.9330683240428412,-0.002029822101752732,0.0,0.0,0.0,0.0,2.1390033531974995,-0.0020812910093918058,0.0,0.0,0.0,0.0155415179110443,1.7883839699407889
2024-03-24 00:00:00+00:00,0.0,1.9330683240428412,-0.002029822101752732,0.0,0.0,0.0,0.0,2.1390033531974995,-0.0020812910093918058,0.0,0.0,0.0,0.0059127978748108045,1.7989583228776005
2024-03-25 00:00:00+00:00,0.0006471987021618997,1.934319403353352,-0.0013839370978208088,0.024161170257558887,0.012592220885465142,0.006125565190504004,0.0007766384425942352,2.1406645854304305,-0.0013062689774057112,0.02899340430907066,0.015110665062558162,0.007350678228604804,0.07944463908936594,1.9418759175754225
2024-03-26 00:00:00+00:00,-0.0011658870800993482,1.9320642053521968,-0.002548210663538053,0.04982481118463461,0.0,0.048763639851755906,-0.0013990538244574857,2.1376696804553035,-0.0027034952612545737,0.05978977342156153,0.0,0.058516367822107083,-0.022847871894678073,1.8975081853752989
2024-03-27 00:00:00+00:00,-0.0009592072118186357,1.9302109554327262,-0.0035049736133110354,0.04830957901000058,0.0,0.0892775881945738,-0.0011515342563973574,2.1352080805893974,-0.0038519163502465092,0.0579714948120007,0.0,0.10713310583348855,-0.014170159968898588,1.8706201908462363
2024-03-28 00:00:00+00:00,-0.000716223809057337,1.928828492389942,-0.004218687076816496,0.1209965292509188,0.0,0.024245654884624,-0.0008595008029090856,2.133372867529753,-0.004708106427959713,0.14519583510110254,0.0,0.0290947858615488,0.02520294917190724,1.9177653364360774
2024-03-29 00:00:00+00:00,-0.002618026718358757,1.9237787678617335,-0.0068256691596917385,0.0,0.0,0.10995818913967471,-0.0031756520999735027,2.1265980175029555,-0.007868807219868379,0.0,0.0,0.13047357416143268,-0.01618508407326269,1.8867261432330706
2024-03-30 00:00:00+00:00,0.0,1.9237787678617335,-0.0068256691596917385,0.0,0.0,0.0,0.0,2.1265980175029555,-0.007868807219868379,0.0,0.0,0.0,0.002243323953412313,1.8909586811837147
2024-03-31 00:00:00+00:00,0.0,1.9237787678617335,-0.0068256691596917385,0.0,0.0,0.0,0.0,2.1265980175029555,-0.007868807219868379,0.0,0.0,0.0,0.027428276468311363,1.942824418681375
2024-04-01 00:00:00+00:00,-0.0014545781313836104,1.9209804813363818,-0.008270318821983591,0.0,0.0,0.029423973660018473,-0.001524206341751544,2.123356643318321,-0.00938101987575346,0.0,0.0,0.030827937567768967,-0.031207930642195514,1.882192888973203
2024-04-02 00:00:00+00:00,0.0,1.9209804813363818,-0.008270318821983591,0.0,0.0,0.0,0.0,2.123356643318321,-0.00938101987575346,0.0,0.0,0.0,-0.05714768414510529,1.7746299242539991
2024-04-03 00:00:00+00:00,0.0,1.9209804813363818,-0.008270318821983591,0.0,0.0,0.0,0.0,2.123356643318321,-0.00938101987575346,0.0,0.0,0.0,0.0049191257129650445,1.7833595519453942
2024-04-04 00:00:00+00:00,0.0,1.9209804813363818,-0.008270318821983591,0.0,0.0,0.0,0.0,2.123356643318321,-0.00938101987575346,0.0,0.0,0.0,0.030192536270969406,1.8372036999016852
2024-04-05 00:00:00+00:00,0.0,1.9209804813363818,-0.008270318821983591,0.0,0.0,0.0,0.0,2.123356643318321,-0.00938101987575346,0.0,0.0,0.0,-0.015878552800147605,1.8080315639481697
2024-04-06 00:00:00+00:00,0.0,1.9209804813363818,-0.008270318821983591,0.0,0.0,0.0,0.0,2.123356643318321,-0.00938101987575346,0.0,0.0,0.0,0.011097194998084703,1.8280956427759945
2024-04-07 00:00:00+00:00,0.0,1.9209804813363818,-0.008270318821983591,0.0,0.0,0.0,0.0,2.123356643318321,-0.00938101987575346,0.0,0.0,0.0,0.011222421748986022,1.8486113030767104
2024-04-08 00:00:00+00:00,0.005123570814052458,1.9308227608649213,-0.003189121572070297,0.12287076087270989,0.10948764685171884,0.1352773734604492,0.0061493152981964005,2.1364138328086053,-0.0032893914265917923,0.14744491304725182,0.13138517622206256,0.16233284815253904,0.06263739138775937,1.964403492791362
2024-04-09 00:00:00+00:00,-0.009789634870160935,1.9119207110370577,-0.012947536106484137,0.0,0.0,0.19111648971542516,-0.011742329270241991,2.111327358126267,-0.014993095579603932,0.0,0.0,0.22933978765851015,-0.04292544172395396,1.880080605139215
2024-04-10 00:00:00+00:00,0.0,1.9119207110370577,-0.012947536106484137,0.0,0.0,0.0,0.0,2.111327358126267,-0.014993095579603932,0.0,0.0,0.0,0.008056844028497379,1.8952281213358246
2024-04-11 00:00:00+00:00,0.0,1.9119207110370577,-0.012947536106484137,0.0,0.0,0.0,0.0,2.111327358126267,-0.014993095579603932,0.0,0.0,0.0,0.0038557431601222714,1.9025356342015367
2024-04-12 00:00:00+00:00,-0.005606793002625676,1.90120096737284,-0.018481734954266638,0.0,0.0,0.09517834356504379,-0.006728147131219164,2.097122037018625,-0.02162036695781111,0.0,0.0,0.11421401227805254,-0.06830010326319969,1.7725922539236547
2024-04-13 00:00:00+00:00,0.0,1.90120096737284,-0.018481734954266638,0.0,0.0,0.0,0.0,2.097122037018625,-0.02162036695781111,0.0,0.0,0.0,-0.03278898306843914,1.7144707565225057
2024-04-14 00:00:00+00:00,0.0,1.90120096737284,-0.018481734954266638,0.0,0.0,0.0,0.0,2.097122037018625,-0.02162036695781111,0.0,0.0,0.0,-0.008342150460040831,1.700168383512255
2024-04-15 00:00:00+00:00,-0.006095198031921489,1.889612770978222,-0.024464283151668376,0.0,0.08846417004759237,0.06676004719022934,-0.0073118315568453385,2.081788233929797,-0.028774114033263687,0.0,0.10615700405711083,0.0801120566282752,-0.0022555175445780895,1.6963336238945061
2024-04-16 00:00:00+00:00,-4.423208502379872e-05,1.889529189465474,-0.024507433130439793,0.0,0.0,0.0,-5.307850202851405e-05,2.081677735728799,-0.028825665248422117,0.0,0.0,0.0,-0.01311294924694828,1.6740896871784856
2024-04-17 00:00:00+00:00,0.0,1.889529189465474,-0.024507433130439793,0.0,0.0,0.0,0.0,2.081677735728799,-0.028825665248422117,0.0,0.0,0.0,-0.02285395562361625,1.6358301157577548
2024-04-18 00:00:00+00:00,0.0,1.889529189465474,-0.024507433130439793,0.0,0.0,0.0,0.0,2.081677735728799,-0.028825665248422117,0.0,0.0,0.0,0.030328699652231172,1.6854427160206464
2024-04-19 00:00:00+00:00,0.00052011648344652,1.8905119647428683,-0.02400006336693139,0.0,0.09968685299471285,0.049781403529736805,0.0006240560608430368,2.0829768193365026,-0.028219598018685343,0.0,0.11962422359365539,0.05973768423568415,0.013573567920964535,1.7083201872034477
2024-04-20 00:00:00+00:00,-0.0014606449803370447,1.8877505979312996,-0.025425652775183716,0.0,0.023824285247188173,0.06743470162972708,-0.0017528060113474186,2.079325765046072,-0.02992294054898781,0.0,0.028589142296625805,0.08092164195567247,0.012138527430992196,1.7290566786567345
2024-04-21 00:00:00+00:00,-0.0005472946088167507,1.8867174422062611,-0.025959032061311005,0.0,0.0907213438684266,0.09014065933966105,-0.000656842435018623,2.0779599756473623,-0.03056012832687338,0.0,0.10886561264211192,0.10816879120759326,-0.006710683771119608,1.7174535260639268
2024-04-22 00:00:00+00:00,0.002103949460831922,1.8906870003515333,-0.023909699091988146,0.07389144216384644,0.03333532616047394,0.10501046900105822,0.0024178412232618296,2.0829841529367705,-0.028216176641668422,0.07928369190697719,0.04728301936959684,0.12496112309329736,0.025774162005232082,1.7617194514811554
2024-04-23 00:00:00+00:00,-0.0003460946666915543,1.8900326436643284,-0.024247518739341833,0.10623083313380344,0.054197739826418824,0.13943022041970995,-0.00023925134978597384,2.0824857961665977,-0.028448677233107067,0.10907600149304657,0.07996962285751834,0.1640369479190341,0.0034330054496791718,1.767767443958896
2024-04-24 00:00:00+00:00,-0.004233793713374068,1.8820306353395106,-0.02837865346031232,0.045904418094960146,0.03749998870088497,0.1482365229076111,-0.004783136400923871,2.0725249825505463,-0.03309573973039914,0.045904418094960146,0.052485769488736594,0.1747339910068145,-0.029545823913750158,1.7155372983392263
2024-04-25 00:00:00+00:00,-1.5478961059578467e-05,1.8820015034605933,-0.02839369314930007,0.0,0.0,0.007664026052952772,-2.2971679176420068e-05,2.072477373171562,-0.03311795114486027,0.0,0.0,0.007664026052952772,0.00933385609923687,1.7315498766147983
2024-04-26 00:00:00+00:00,0.0,1.8820015034605933,-0.02839369314930007,0.0,0.0,0.0,0.0,2.072477373171562,-0.03311795114486027,0.0,0.0,0.0,-0.011707261523754786,1.7112781693678436
2024-04-27 00:00:00+00:00,0.0,1.8820015034605933,-0.02839369314930007,0.0,0.0,0.0,0.0,2.072477373171562,-0.03311795114486027,0.0,0.0,0.0,0.009983123991326392,1.7283620715162928
2024-04-28 00:00:00+00:00,0.0021719260833177323,1.8860890716148024,-0.026283436068735067,0.0,0.0,0.20069572382479683,0.0021924159527666465,2.0770211056262515,-0.030998143516506538,0.0,0.0,0.20198635139482754,0.012721140797824493,1.7503488087776713
2024-04-29 00:00:00+00:00,-0.011088638913895443,1.8651749109402216,-0.037080627450647885,0.0,-0.029250443741987625,0.17746058908851722,-0.011764431633845107,2.052586132827058,-0.04239789961017559,0.0,-0.035100532490385146,0.1991451140628939,-0.023652354395945152,1.7089489384359413
2024-04-30 00:00:00+00:00,0.008746149256265712,1.881488009100347,-0.02865879089658141,-0.12392462956962341,-0.17930913056595107,0.11815165212766021,0.010577732569268639,2.074297840015492,-0.03226864068448221,-0.15798859924561415,-0.20778333377454064,0.14241317724123595,-0.06240721909034974,1.602298187620749
2024-05-01 00:00:00+00:00,0.005741598870581788,1.8922907585284108,-0.023081739307443727,-0.11421284141019646,-0.1742391897837461,0.29436385540858745,0.007220342473709396,2.0892749808128794,-0.025281288847675776,-0.14624051813339578,-0.20160546951498873,0.35504754641894215,-0.026482952572958407,1.5598646007102515
2024-05-02 00:00:00+00:00,-0.008663470272097351,1.8758969537957353,-0.03154524161722272,-0.19747500273902718,-0.027232820798265365,0.27857134101344355,-0.010570638026891843,2.067190011252065,-0.0355846875213055,-0.2369700032868326,-0.03267938495791844,0.3357892802345392,0.03052988864880435,1.607487093277147
2024-05-03 00:00:00+00:00,-0.004690273178986515,1.8670984846268046,-0.03608755899552729,-0.0468562285989941,0.0,0.12534236775428867,-0.005628522373616884,2.0555547860232157,-0.04101292068505047,-0.05622747431879289,0.0,0.1504108413051464,0.03618195761776155,1.6656491231571995
2024-05-04 00:00:00+00:00,-0.0003856650303341036,1.8663784100330942,-0.03645930631632677,-0.023081245694304697,0.0,0.011623477982614766,-2.8113737159385366e-05,2.055496996696245,-0.041039881395737554,0.0,0.0,0.0,0.0278502858086771,1.7120379272941
2024-05-05 00:00:00+00:00,-9.993976633337898e-05,1.8661918846109058,-0.036555602348106286,-0.004218881262018896,0.0,0.004053841863362735,-0.0003390754228025372,2.0548000281830205,-0.04136504120340412,0.0,0.0,0.006276468359857006,-0.00035735256134539206,1.711426126155661
2024-05-06 00:00:00+00:00,0.0002595795806643597,1.8666763099177524,-0.03630551185537034,0.0,0.0,0.009223488551774362,0.0,2.0548000281830205,-0.04136504120340412,0.0,0.0,0.0,-0.015541345111167004,1.6848282620968082
2024-05-07 00:00:00+00:00,0.0,1.8666763099177524,-0.03630551185537034,0.0,0.0,0.0,0.0,2.0548000281830205,-0.04136504120340412,0.0,0.0,0.0,-0.004710880261151074,1.6768912378934668
2024-05-08 00:00:00+00:00,0.0002775838644886175,1.8671944691416087,-0.0360380058151647,0.0,-0.10503977637756812,0.061780816858159865,0.00032088956062059637,2.0554593920612274,-0.04105742525268041,0.0,-0.12604773165308172,0.06898643233703623,-0.014327072736873725,1.6528662951563409
2024-05-09 00:00:00+00:00,-0.0032611900457953924,1.8611051931252798,-0.039181669075125436,0.0,-0.31442014747520014,0.28487405532486015,-0.003914310645280694,2.04741368548194,-0.04481102438122675,0.0,-0.3773041769702401,0.34184886638983203,0.004920591276937669,1.6609993746302314
2024-05-10 00:00:00+00:00,0.0036928386163970206,1.86797795425163,-0.03563352203934389,-0.0888303782704805,-0.23579926787726616,0.24744818758735573,0.004429678339007648,2.056483069535507,-0.04057984446626928,-0.10659645392457662,-0.28295912145271934,0.29693782510482686,-0.03368604013540977,1.605046883031547
2024-05-11 00:00:00+00:00,-0.0032487530550265875,1.8619093551660326,-0.03876651058078384,-0.11891945548571646,-0.21175775186957324,0.3309473020242011,-0.0038989666457923677,2.0484649106397517,-0.04432059165199609,-0.1427033465828597,-0.254109302243488,0.3971367624290412,0.009385724630750047,1.6201114110951247
2024-05-12 00:00:00+00:00,-0.0005900168869807931,1.8608107972044572,-0.039333654571872656,-0.11981037506979107,-0.21239066047359875,0.33123206311872516,-0.0007093938850022408,2.047011742158502,-0.04499854478030074,-0.14377245008374925,-0.25486879256831846,0.39747847574247025,0.00292888177379913,1.6248565258786052
2024-05-13 00:00:00+00:00,-0.005097111088760209,1.8513260378559415,-0.04423027765375309,0.0,0.0,0.21146704988624518,-0.00612465534036033,2.0344745007601106,-0.05084759954306406,0.0,0.0,0.25376045986349416,0.01930802508370366,1.6562292964376888
2024-05-14 00:00:00+00:00,0.0014369630633441766,1.853986324990548,-0.04285687186567877,0.0,-0.21689540258882575,0.09722452593053833,0.0016478414205143288,2.037826992111443,-0.04928354690321057,0.0,-0.2602744831065909,0.11273652030174534,-0.022493565620988254,1.6189747940748644
2024-05-15 00:00:00+00:00,-0.006036911695795677,1.8427939732613672,-0.04863506041046339,0.43704803290702343,-0.24636097671853174,0.39562168647173684,-0.007388687428079299,2.0227701254342287,-0.05630809360787503,0.4737298348321344,-0.24636097671853174,0.45807935709941744,0.06008066962798031,1.7162438838137037
2024-05-16 00:00:00+00:00,-0.0024978677968102714,1.8381909175394016,-0.0510114442560784,0.39555727185650774,-0.08410963521520783,0.474186343039155,-0.0032304618688991926,2.016235643674465,-0.05935665432746362,0.45815731993751746,-0.08410963521520783,0.5356902783136527,-0.0178343831194685,1.6856357328633256
2024-05-17 00:00:00+00:00,-0.0018638366636541948,1.8347648299124955,-0.052780203919662205,0.19987274400064278,0.18468711238978908,0.6249087453168006,-0.0012762935080301574,2.013662335211784,-0.06055719132291726,0.2398472928007714,0.2216245348677469,0.6721127166023829,0.034483839899080104,1.743762925603553
2024-05-18 00:00:00+00:00,0.0020372628107447888,1.8385027280669386,-0.05085046825550654,0.21100879583354124,0.19046166129478562,0.3889259209729338,0.00244257297741024,2.018580852417401,-0.0582625337046202,0.25321055500024947,0.2285539935537428,0.4667111051675206,0.0046099724538659625,1.7518016246566581
2024-05-19 00:00:00+00:00,-0.003823779308068209,1.8314726993775292,-0.054479806595253755,0.21864388404989696,0.0,0.3439577037854375,-0.004588132543251744,2.00931933591724,-0.06258335002092963,0.26237266085987637,0.0,0.4127492445425249,-0.01367076566172687,1.7278531551601446
2024-05-20 00:00:00+00:00,0.03765925857923569,1.9004446033441984,-0.018872217139935477,0.2381460386572888,0.18137547867932904,0.384934435585598,0.04525084713347094,2.1002427380291584,-0.02016445249235621,0.28577524638874646,0.21765057441519495,0.4619213227027175,0.09090320267536178,1.8849205407169305
2024-05-21 00:00:00+00:00,0.008164724723852546,1.915961210383435,-0.010861578873959221,0.20883600538837788,0.146746379614243,0.3572627707381996,0.009776376838688483,2.12077550248885,-0.010585210939978884,0.25060320646605333,0.17609565553709164,0.4287153248858396,0.02374119514354689,1.929670807104171
2024-05-22 00:00:00+00:00,0.002194003439468739,1.920164835868905,-0.008691405775897998,0.17129054871083071,0.1646623914622625,0.3400052111150433,0.0026233866919471716,2.126339116718687,-0.00798959334954319,0.20554865845299686,0.19759486975471507,0.4080062533380519,0.00640784344410017,1.942035835534745
2024-05-23 00:00:00+00:00,-0.009513797269551927,1.9018967768963257,-0.018122514772910603,0.0,0.2726394211396001,0.30014819349788496,-0.011437226669188227,2.1020196942652136,-0.019335441228598094,0.0,0.32716730536752003,0.36017783219746186,-0.035089291926096555,1.8738911731707255
2024-05-24 00:00:00+00:00,0.007439808445377727,1.9160465245993157,-0.010817534365991865,0.0,0.2850082178353637,0.27397274460572824,0.008708485497038287,2.120325102287211,-0.010795338141077915,0.0,0.3296817851965533,0.3225907986759851,0.03262144129463329,1.9350202040688458
2024-05-25 00:00:00+00:00,0.0009331601287414504,1.9178345028208854,-0.009894468729012118,0.0,0.2646863926612634,0.26424772744855074,0.0011513711724080444,2.1227663834861175,-0.009656396409801982,0.0,0.31762367119351614,0.3160684749260826,0.002079773467111412,1.9390446077475927
2024-05-26 00:00:00+00:00,0.007929394029106529,1.9330417682763679,-0.002043531841166568,0.0,0.2651357902951021,0.2649237600229863,0.009520805347482897,2.142976829021469,-0.0002275277328950276,0.0,0.31816294835412245,0.3179085120275835,0.011707491972569262,1.9617459569272513
2024-05-27 00:00:00+00:00,-0.000770531804769603,1.9315522981139628,-0.0028124890396584723,0.0,0.26277457079056593,0.26365592137802096,-0.0009392178972803533,2.140964106830195,-0.0011665319320565137,0.0,0.315329484948679,0.31638710565362516,0.0009264718479966572,1.9635634593292657
2024-05-28 00:00:00+00:00,-0.001391584233356058,1.9288643803900047,-0.004200159457610431,0.0,0.3020794616478985,0.28172651036840046,-0.0016486629576775158,2.1374343786135466,-0.0028132716717488293,0.0,0.3434916725988373,0.3285617887248362,-0.008244240262739733,1.9473753703994188
2024-05-29 00:00:00+00:00,-0.004487952522445937,1.9202077286285772,-0.008669261863823996,0.0,0.18514210691616806,0.184959754747579,-0.00537495303651514,2.1259457692098658,-0.008173103505149326,0.0,0.22217052829940162,0.2219517056970948,-0.019675227963690922,1.9090603160559332
2024-05-30 00:00:00+00:00,-0.0008987674610239083,1.9184819084036793,-0.009560237674373528,0.0,0.04738400987643566,0.11584705943200511,-0.001011086607486722,2.1237962539143744,-0.009175926397140488,0.0,0.05686081185172279,0.12600415926213085,0.010409329714585969,1.928932354330791
2024-05-31 00:00:00+00:00,0.0005335026183119762,1.9195054235249969,-0.009031835467892546,0.0,0.059517278853032284,0.04942154218548241,0.0005734665437646669,2.125014180011767,-0.008607721940172675,0.0,0.06426549755485597,0.05811331111111509,-0.0021135165795745925,1.924855523819035
2024-06-01 00:00:00+00:00,0.0002339446731423056,1.9199544815938983,-0.008800003744546703,0.0,0.09514365187581197,0.06541746464543625,0.00025224768129761266,2.1255502099113994,-0.00835764553677576,0.0,0.09996336670419581,0.07020353436682451,0.0018108814932640271,1.928341209064326
2024-06-02 00:00:00+00:00,-0.0006037681780111104,1.918795274174682,-0.009398458760330408,0.0,0.09510271318425752,0.09509320377328107,-0.0006344074002455624,2.124201745128638,-0.008986750784844122,0.0,0.09992808261429496,0.0999177337675098,-0.002751347858635178,1.9230356716080488
2024-06-03 00:00:00+00:00,0.00015217275852563716,1.9190872625445992,-0.00924771619120024,0.0,0.0,0.02887728205398515,0.00012314450195050064,2.1244633288945844,-0.008864712951843212,0.0,0.0,0.031102136495871305,0.010127043028472338,1.9425103365997107
2024-06-04 00:00:00+00:00,-0.0010259486019469355,1.9171183776505774,-0.01026417711164962,0.2762655941895364,0.0,0.046044265698256065,-0.0010867084610083344,2.1221546566199727,-0.009941788054282363,0.2926268997506645,0.0,0.04877114995844409,0.012491644362105259,1.9667754848942276
2024-06-05 00:00:00+00:00,0.00612042173358085,1.9288519506349973,-0.0042065764707401865,0.475111439111854,0.0,0.47704560847816047,0.006837606215494674,2.1366651144903184,-0.0031721598705808374,0.5316329258911993,0.0,0.5334848860041957,0.017939670152737675,2.0020587883577208
2024-06-06 00:00:00+00:00,-0.005787290524063349,1.9176891240187661,-0.009969522314655754,0.4521715452668517,0.0,0.45027448742516124,-0.006931603120654439,2.121854599914924,-0.01008177483797712,0.542605854320222,0.0,0.5403293849101934,-0.018171380003260573,1.9656786173256051
2024-06-07 00:00:00+00:00,-0.007988335771939581,1.9023699793899076,-0.01787821819486002,0.47457248203866703,0.0,0.4745617095851237,-0.008954397564045258,2.1028546702541875,-0.018945896181971844,0.5314492972903004,0.0,0.5313430973122232,-0.02191890755904713,1.9225930894216496
2024-06-08 00:00:00+00:00,-0.00019421954102505357,1.9020005019656507,-0.018068965436552786,0.0,0.0,0.010960649160312435,-0.00021404408583935997,2.10240456664864,-0.01915588501078258,0.0,0.0,0.01315277899237492,0.0012858295189706048,1.925065216368997
2024-06-09 00:00:00+00:00,0.0,1.9020005019656507,-0.018068965436552786,0.0,0.0,0.0,0.0,2.10240456664864,-0.01915588501078258,0.0,0.0,0.0,0.004871280714165094,1.9344427494310052
2024-06-10 00:00:00+00:00,0.0,1.9020005019656507,-0.018068965436552786,0.0,0.0,0.0,0.0,2.10240456664864,-0.01915588501078258,0.0,0.0,0.0,-0.006598810393601995,1.921677728510232
2024-06-11 00:00:00+00:00,0.0,1.9020005019656507,-0.018068965436552786,0.0,0.0,0.0,0.0,2.10240456664864,-0.01915588501078258,0.0,0.0,0.0,-0.03854140474026069,1.8476135693953744
2024-06-12 00:00:00+00:00,0.0,1.9020005019656507,-0.018068965436552786,0.0,0.0,0.0,0.0,2.10240456664864,-0.01915588501078258,0.0,0.0,0.0,0.005279324679376529,1.8573677213102344
2024-06-13 00:00:00+00:00,0.0,1.9020005019656507,-0.018068965436552786,0.0,0.0,0.0,0.0,2.10240456664864,-0.01915588501078258,0.0,0.0,0.0,-0.012175183100338494,1.834753929218624
2024-06-14 00:00:00+00:00,0.0,1.9020005019656507,-0.018068965436552786,0.0,0.0,0.0,0.0,2.10240456664864,-0.01915588501078258,0.0,0.0,0.0,-0.01965714988729539,1.7986878962256692
2024-06-15 00:00:00+00:00,0.0,1.9020005019656507,-0.018068965436552786,0.0,0.0,0.0,0.0,2.10240456664864,-0.01915588501078258,0.0,0.0,0.0,0.025323335065538854,1.844236672500121
2024-06-16 00:00:00+00:00,0.0,1.9020005019656507,-0.018068965436552786,0.0,0.0,0.0,0.0,2.10240456664864,-0.01915588501078258,0.0,0.0,0.0,0.00888789846777005,1.86062806079584
2024-06-17 00:00:00+00:00,0.0,1.9020005019656507,-0.018068965436552786,0.0,0.0,0.0,0.0,2.10240456664864,-0.01915588501078258,0.0,0.0,0.0,-0.004124786732739305,1.852953366856107
2024-06-18 00:00:00+00:00,0.0,1.9020005019656507,-0.018068965436552786,0.0,0.0,0.0,0.0,2.10240456664864,-0.01915588501078258,0.0,0.0,0.0,-0.03730320709571533,1.7838322636735706
2024-06-19 00:00:00+00:00,-5.152694062915408e-05,1.9019024976987093,-0.01811956133867265,0.0,0.03914333363606177,0.020146636835595078,-4.4254860598336165e-05,2.1023115250276216,-0.01919929213036009,0.0,0.031728044132874424,0.016461108300790867,0.02177925585524787,1.8226828029469633
2024-06-20 00:00:00+00:00,-0.0019673880526751564,1.8981607174473838,-0.02005130118285048,-0.43324514122723007,0.0,0.10384033998455766,-0.002584183517421512,2.09687876623616,-0.021733861153512057,-0.5198941694726761,0.0,0.11446803200787085,-0.00033468351690579823,1.8220727810562694
2024-06-21 00:00:00+00:00,0.0029492696875828006,1.9037589053135118,-0.017161168190042875,-0.4367227268162946,0.0,0.3566193789190744,0.0035352579220426783,2.1042917735060596,-0.01827543803628895,-0.5240672721795532,0.0,0.42794325470288913,-0.005150816129062985,1.812687619187278
2024-06-22 00:00:00+00:00,0.00040119651833125936,1.9045226867580656,-0.016766856672639996,-0.44288978970658555,0.0,0.43811551635390567,0.00048066281966763214,2.1053032283233164,-0.01780355954019852,-0.5314677476479025,0.0,0.5257386196246867,-0.006857177106297074,1.8002576991441188
2024-06-23 00:00:00+00:00,0.0011876492519673487,1.9067845917023487,-0.015599120565457758,-0.4594281543866356,0.0,0.4563918391063988,0.0014248847644902085,2.1083030428179863,-0.016404042796450802,-0.5513137852639628,0.0,0.5476702069276785,-0.00275432724492064,1.795299200315488
2024-06-24 00:00:00+00:00,0.02457643444956492,1.953646558229762,0.0,-0.29192268035981334,0.0,0.3345107692285308,0.029548681350079598,2.1706006176196184,0.0,-0.35030721643177604,0.0,0.4014129230742369,-0.06097453120250018,1.6858316732080276
2024-06-25 00:00:00+00:00,-0.013994540778340503,1.926306171804151,-0.013994540778340503,-0.4685185565298429,0.0,0.35256460488639646,-0.016778561606569764,2.134181061433629,-0.016778561606569764,-0.5622222678358114,0.0,0.4230775258636758,0.037417689059319414,1.7489115985624777
2024-06-26 00:00:00+00:00,0.006375683811703503,1.9385876908801072,-0.007708081733729721,-0.3212217324989169,0.0,0.39331005458525564,0.007653862818264301,2.1505157905071797,-0.009253119597130044,-0.3854660789987001,0.0,0.4719720655023067,-0.009632325937123598,1.732065512009908
2024-06-27 00:00:00+00:00,-0.002680134527776601,1.9333920150746566,-0.01036755756550889,-0.35085277562931827,0.05320236607340345,0.36802703119698926,-0.003237816967624263,2.1435528139915316,-0.012460976657119316,-0.4119622097515773,0.05623729362502206,0.4388546596586093,0.00965394326629676,1.748786774196361
2024-06-28 00:00:00+00:00,0.009407789640825115,1.95158096044573,-0.001057303725349179,-0.5216145299226612,0.0,0.3956841332750045,0.011191613803192668,2.1675426292524715,-0.0014088212922838128,-0.6165774547911219,0.0,0.46492762974399343,-0.02030989529933136,1.7132690979115774
2024-06-29 00:00:00+00:00,-0.004889253917357506,1.9420391855898302,-0.005941388216325727,-0.31733028457188545,-0.14765104879532556,0.4203926291001669,-0.005707921921983994,2.1551704651621266,-0.007108701772329362,-0.3716001927288217,-0.18465177646361652,0.498951748918413,0.007509994215764593,1.7261357389269416
2024-06-30 00:00:00+00:00,-0.005188751895028876,1.9319624260853807,-0.011099311721988081,-0.29533980852066993,-0.04359537117028452,0.37601418480563614,-0.0062174472634816125,2.141770806451168,-0.013281951057429797,-0.354407770224804,-0.05231444540434143,0.4512170217667633,0.014532682079779535,1.751221120847312
2024-07-01 00:00:00+00:00,-0.004539992050656694,1.9231913320287857,-0.015588912985659231,0.022973795940344585,0.1296422840619969,0.15967395435045093,-0.005447040304213058,2.1301044945460412,-0.018656644038914538,0.027568555128413497,0.15557074087439626,0.19160874522054108,0.015881845828830787,1.7790337447008013
2024-07-02 00:00:00+00:00,-0.00021992282278371356,1.9227683783622926,-0.01580540745069503,-0.029821150645054816,0.0,0.00879579529199472,-0.00026390489343097734,2.129542349546411,-0.018915625352688648,-0.03578538077406576,0.0,0.010554954350393662,-0.01767197209490079,1.7475947100085618
2024-07-03 00:00:00+00:00,0.013294908106114445,1.948331407261962,-0.0027206307842172484,-0.283003446845656,-0.23878888952062707,0.3854605110141868,0.01596823720314533,2.1635473869181117,-0.0032494373420208778,-0.3396041362147871,-0.28654666742475243,0.46255261321702407,-0.03910466610221863,1.6792556023916734
2024-07-04 00:00:00+00:00,0.017295312672920282,1.9820284081410284,0.0,-0.27562959977960483,-0.23672980193991341,0.5156165872511026,0.020764932237126388,2.208473301799278,0.0,-0.3307555197355259,-0.28407576232789616,0.6187399047013229,-0.032706022916502264,1.6243338301771866
2024-07-05 00:00:00+00:00,0.02148505877505813,2.0246124049837735,0.0,-0.2782325845309446,-0.03020914689651598,0.43456769935666023,0.02575218739476992,2.2653463201235593,0.0,-0.33387910143713345,-0.03625097627581917,0.5214812392279923,-0.03814395414801641,1.562375315037836
2024-07-06 00:00:00+00:00,-0.0021135162830887566,2.0203333536988968,-0.0021135162830887566,-0.07710574116149185,0.0,0.11302828619246467,-0.002535903482766333,2.259601620500686,-0.002535903482766444,-0.09252688939379021,0.0,0.13563394343095758,0.02382698481447454,1.5996020079437525
2024-07-07 00:00:00+00:00,-0.00017680319041424308,2.0199761523162625,-0.0022899457970811943,0.0,0.0,0.025773629221847966,-0.00021220566388902018,2.2591221202386826,-0.002747571013573369,0.0,0.0,0.030928355066217553,-0.017465591848523476,1.5716640121529284
2024-07-08 00:00:00+00:00,-3.889540875645636e-05,2.01989758451814,-0.0023287521374597553,-0.007189993182701739,0.0,0.00274749393063506,-4.6678161678359587e-05,2.259016668571103,-0.002794120923687804,-0.008627991819242092,0.0,0.003296992716762079,-0.0032061315783998845,1.5666250505329302
2024-07-09 00:00:00+00:00,-0.00011955184111911432,2.019656102043039,-0.0024480255719733224,0.0,0.0,0.004485186606713783,-0.000143461095688191,2.2586925875646515,-0.0029371811717269214,0.0,0.0,0.00538222392805654,0.02266905415491749,1.6021389586439116
2024-07-10 00:00:00+00:00,0.0,2.019656102043039,-0.0024480255719733224,0.0,0.0,0.0,0.0,2.2586925875646515,-0.0029371811717269214,0.0,0.0,0.0,0.0020976422908576264,1.6054996730793938
2024-07-11 00:00:00+00:00,0.0,2.019656102043039,-0.0024480255719733224,0.0,0.0,0.0,0.0,2.2586925875646515,-0.0029371811717269214,0.0,0.0,0.0,-0.000694867877885974,1.6043840629286146
2024-07-12 00:00:00+00:00,0.0,2.019656102043039,-0.0024480255719733224,0.0,0.0,0.0,0.0,2.2586925875646515,-0.0029371811717269214,0.0,0.0,0.0,0.004481352594482901,1.6115738736115668
2024-07-13 00:00:00+00:00,0.0,2.019656102043039,-0.0024480255719733224,0.0,0.0,0.0,0.0,2.2586925875646515,-0.0029371811717269214,0.0,0.0,0.0,0.01543985930271563,1.6364563474760618
2024-07-14 00:00:00+00:00,0.0,2.019656102043039,-0.0024480255719733224,0.0,0.0,0.0,0.0,2.2586925875646515,-0.0029371811717269214,0.0,0.0,0.0,0.015992958299948512,1.6626281256009325
2024-07-15 00:00:00+00:00,0.0,2.019656102043039,-0.0024480255719733224,0.0,0.0,0.0,0.0,2.2586925875646515,-0.0029371811717269214,0.0,0.0,0.0,0.06252333932402343,1.7665811880675446
2024-07-16 00:00:00+00:00,0.0,2.019656102043039,-0.0024480255719733224,0.0,0.0,0.0,0.0,2.2586925875646515,-0.0029371811717269214,0.0,0.0,0.0,0.023499021112991958,1.8080941167037583
2024-07-17 00:00:00+00:00,-0.003599606593980953,2.012386134620551,-0.006038820236963116,0.0,0.18569876716765524,0.1237221327412018,-0.004318698990821712,2.2489379741661595,-0.00724319536118645,0.0,0.22283852060118628,0.14846655928944216,-0.012069153714112102,1.786271950879679
2024-07-18 00:00:00+00:00,-0.0005784839155010824,2.0112220016098954,-0.006613810792088559,0.0,0.18553318679077982,0.1865411630837468,-0.0006969458061919509,2.2473705862766784,-0.007935093052748088,0.0,0.22263982414893577,0.2238493957004961,-0.009629967683552398,1.7690702097186715
2024-07-19 00:00:00+00:00,0.0011554115265011156,2.013545790692908,-0.005466040938810757,0.0,0.0,0.03094928272682775,0.001386466013651333,2.2504864892146306,-0.006559628775929638,0.0,0.0,0.03713913927219329,0.042536529482954055,1.8443203168517854
2024-07-20 00:00:00+00:00,0.0006826800702757208,2.0149203982748016,-0.004787092425747264,0.22749099624820954,0.0,0.2547780438843406,0.0008187097474876559,2.2523289844399397,-0.005746289460460741,0.27298919549785144,0.0,0.3057336526612087,0.0037061244637874857,1.85115559749713
2024-07-21 00:00:00+00:00,-0.0016412256320339491,2.011613459270645,-0.006420461358989105,0.22782050988109892,0.20982640708335562,0.36737705494636413,-0.0019706495937467094,2.247890433241769,-0.007705615131216703,0.2733846118573186,0.2517916885000268,0.44085246593563693,-0.0021887806764709916,1.8471038238961872
2024-07-22 00:00:00+00:00,-0.00017446683521316064,2.011262499436734,-0.006593808036628346,0.40470602947551454,0.0,0.3784303369409629,-0.0002199804267351002,2.247395941345011,-0.007923900473446932,0.4856472353706174,0.0,0.45411640432915545,0.006987316476285033,1.8600101228783061
2024-07-23 00:00:00+00:00,-0.01240169468464103,1.9863194359880516,-0.01891372832718996,0.0,-0.07967785146232335,0.24626077254266143,-0.014703655115721692,2.214351006515001,-0.022511045289435816,0.0,-0.08727856296928622,0.2927626642642156,-0.02632627089302131,1.81104299251965
2024-07-24 00:00:00+00:00,0.003844573756598191,1.9939559875638722,-0.015141869794157992,0.0,-0.15192217980213799,0.11464197177920173,0.0046138989291857335,2.224567798252802,-0.018001010048005806,0.0,-0.18230661576256557,0.13757036613504206,-0.00992543052107453,1.7930676111267174
2024-07-25 00:00:00+00:00,0.013073180179395516,2.020023333459079,-0.002266642006834463,-0.07748680665784467,-0.3306550855977141,0.29890469723422697,0.0157264499364298,2.2595523523622187,-0.0025576520949011083,-0.0929841679894136,-0.3967861027172568,0.3560979505283846,-0.041331165850463925,1.718958036310144
2024-07-26 00:00:00+00:00,-0.019346545789510783,1.9809428595424328,-0.021569336102971626,0.0,-0.45078727246395744,0.41981113040219215,-0.022582415034861025,2.2085262033481787,-0.025082309168640182,0.0,-0.46346181884229426,0.4674766710870955,0.04929035217166611,1.8036860832881867
2024-07-27 00:00:00+00:00,-0.003987717184510631,1.9730434196599018,-0.025471040875245876,0.5353348131294834,-0.46466518687051656,0.6405726182990352,-0.003988419431400714,2.199717674523987,-0.028970689830768448,0.5353348131294834,-0.46466518687051656,0.6426844897217621,-0.001964414886564403,1.8001428954954863
2024-07-28 00:00:00+00:00,-0.00011007279157027039,1.9728262412628106,-0.025578309998242843,0.39149891682885357,-0.14059013160409878,0.4744735081402376,0.00024240170619882484,2.2002508898414472,-0.02873531066921442,0.4518096635083951,-0.15336386127781432,0.48878484347175216,0.004313476657893833,1.8079077698560795
2024-07-29 00:00:00+00:00,-0.005769983686197522,1.9614430660350217,-0.031200707253030036,0.0,0.0,0.4181997331681111,-0.00684274485398606,2.1851951343875062,-0.03538142712399106,0.0,0.0,0.48517301313506667,-0.0023066184681298507,1.803737616405454
2024-07-30 00:00:00+00:00,0.0016132138034889998,1.9646072930639071,-0.029637826861160232,-0.15244015872957598,0.0,0.1124620613901741,0.0019358933513431431,2.1894254391195545,-0.03351402844217832,-0.18292819047549114,0.0,0.1349544736682089,-0.016430966840391692,1.7741004634415287
2024-07-31 00:00:00+00:00,1.6115406119565634e-05,1.9646389535083004,-0.029622189080657058,0.0,-0.07367729617315237,0.1268391956938825,1.9106942697355578e-05,2.18946727234596,-0.03349556185010183,0.0,-0.08841275540778282,0.15220703483265896,-0.007967991700148724,1.7599644456735966
2024-08-01 00:00:00+00:00,0.013051236724244797,1.9902799215682099,-0.016957558558394203,-0.11984306071107949,-0.30064881564105905,0.38234723329036324,0.015661960579776313,2.223758622456153,-0.018358207439619245,-0.14381167285329538,-0.36077857876927083,0.4588166799484359,-0.03203005048681584,1.7035926956236704
2024-08-02 00:00:00+00:00,0.011733185483716602,2.0136322450524866,-0.0054233392545941506,-0.11264935748239054,-0.28928137737675735,0.410579759403531,0.014056172923097687,2.255016158192626,-0.004560080654850918,-0.13517922897886867,-0.3471376528521087,0.492695711284237,-0.022534498563849148,1.665203088470755
2024-08-03 00:00:00+00:00,0.016269612344499196,2.046393261083874,0.0,-0.18842902896282668,-0.23041936686556544,0.4124749193261468,0.019542149317195,2.2990840206687135,0.0,-0.22611483475539199,-0.2765032402386785,0.4949699031913761,-0.03936854062019546,1.599646473041419
2024-08-04 00:00:00+00:00,0.014720798927824852,2.076517804807546,0.0,-0.18740796445563265,-0.22962704049831806,0.42223440154887215,0.017665423929673185,2.3396983145437638,0.0,-0.22488955734675922,-0.2755524485979816,0.5066812818586466,-0.03065718001131934,1.550605823162916
2024-08-05 00:00:00+00:00,0.04964916217006676,2.1796151740474667,0.0,-0.23884235036417711,0.0,0.33345007972552204,0.05955453937926114,2.4790379699528513,0.0,-0.2866108204370125,0.0,0.4001400956706264,-0.10819211784462579,1.382842495212711
2024-08-06 00:00:00+00:00,-0.010164103519973211,2.157461339784744,-0.010164103519973211,-0.0540054145631774,0.0,0.17659036404768313,-0.012191964775755126,2.4488136263454265,-0.012191964775755126,-0.06480649747581288,0.0,0.21190843685721975,0.04928781352698097,1.45099977825394
2024-08-07 00:00:00+00:00,-2.7002707281620353e-05,2.1574030824877144,-0.010190831768942643,0.0,0.0,0.0,-3.240324873787781e-05,2.4487342768283793,-0.012223972965225816,0.0,0.0,0.0,-0.04370552745107181,1.3875830676139633
2024-08-08 00:00:00+00:00,0.0,2.1574030824877144,-0.010190831768942643,0.0,0.0,0.0,0.0,2.4487342768283793,-0.012223972965225816,0.0,0.0,0.0,0.08892604147710448,1.5109753370375305
2024-08-09 00:00:00+00:00,0.0,2.1574030824877144,-0.010190831768942643,0.0,0.0,0.0,0.0,2.4487342768283793,-0.012223972965225816,0.0,0.0,0.0,0.015613287364207418,1.5345666291749276
2024-08-10 00:00:00+00:00,0.0,2.1574030824877144,-0.010190831768942643,0.0,0.0,0.0,0.0,2.4487342768283793,-0.012223972965225816,0.0,0.0,0.0,0.0045365456384898195,1.541528260723483
2024-08-11 00:00:00+00:00,0.0,2.1574030824877144,-0.010190831768942643,0.0,0.0,0.0,0.0,2.4487342768283793,-0.012223972965225816,0.0,0.0,0.0,-0.014305947484303694,1.519475238380003
2024-08-12 00:00:00+00:00,0.0,2.1574030824877144,-0.010190831768942643,0.0,0.0,0.0,0.0,2.4487342768283793,-0.012223972965225816,0.0,0.0,0.0,0.004168858627618066,1.5258097158369754
2024-08-13 00:00:00+00:00,0.0,2.1574030824877144,-0.010190831768942643,0.0,0.0,0.0,0.0,2.4487342768283793,-0.012223972965225816,0.0,0.0,0.0,0.025487601569855967,1.5646989459456435
2024-08-14 00:00:00+00:00,0.00025146252486552,2.1579455885139893,-0.009941931856364272,-0.04073130256955087,0.0,0.006788550428258478,0.0003017550298385352,2.4494731947131503,-0.01192590658071413,-0.048877563083461036,0.0,0.008146260513910172,-0.024916479326235197,1.525712157007207
2024-08-15 00:00:00+00:00,0.002083785081772982,2.1624422833386125,-0.007878863623877574,-0.0840815645077471,0.0,0.10022142984449262,0.002498735691213838,2.4555937808094517,-0.009456970577923607,-0.10089787740929652,0.0,0.12026571581339114,-0.03701754962935777,1.4692340315150783
2024-08-16 00:00:00+00:00,-0.004406236174565703,2.1529140519243555,-0.01225038366452924,-0.10164278950722166,0.0,0.09834063102737574,-0.005286354223580703,2.442612642254871,-0.014693331905147433,-0.121971347408666,0.0,0.11800875723285088,0.037477817693311266,1.524297716697009
2024-08-17 00:00:00+00:00,-5.082139475365288e-05,2.152804637829452,-0.01230058247769883,0.0,0.0,0.0,-6.098567370438346e-05,2.442463677877284,-0.0147534214961067,0.0,0.0,0.0,-0.0020365931441362894,1.5211933424175614
2024-08-18 00:00:00+00:00,0.0,2.152804637829452,-0.01230058247769883,0.0,0.0,0.0,0.0,2.442463677877284,-0.0147534214961067,0.0,0.0,0.0,0.010247287641715008,1.536781448155976
2024-08-19 00:00:00+00:00,-0.00030767623716654313,2.1521422709991302,-0.012604474117933528,-0.021489788019184636,-0.015549350337802442,0.012269317870737964,-0.0003692106638255588,2.4415618942414055,-0.01511718503938797,-0.025787745623021562,-0.018659220405362928,0.014723181444885556,-0.01727056460052956,1.5102403648787028
2024-08-20 00:00:00+00:00,-0.001213966480137052,2.1495296424216512,-0.013803139188991675,0.0,0.0,0.019889313832489083,-0.001456646404174422,2.4380054018875894,-0.01655181105033343,0.0,0.0,0.023867176598986895,0.004963916926447931,1.5177370725889292
2024-08-21 00:00:00+00:00,-0.0005097101031326101,2.148434005445926,-0.014305813692624736,0.0,-0.02790157527067665,0.012163450424848905,-0.0006116549609629374,2.4365141837886704,-0.017153342013954576,0.0,-0.03348189032481197,0.01459614050981868,0.02887713659386293,1.5615649733476493
2024-08-22 00:00:00+00:00,-0.00010544044152327459,2.148207473615808,-0.01440974572283582,0.0,-0.02486171316812966,0.004143618861354943,-0.00012652822349912274,2.4362058959774653,-0.0172776998555616,0.0,-0.02983405580175559,0.0049723426336259315,-0.019373927266374658,1.5313113271322938
2024-08-23 00:00:00+00:00,-0.0005982918470539555,2.1469222185985632,-0.01499941633650581,0.0,0.0,0.016275648370770165,-0.0007179274051551943,2.4344568770001422,-0.017983223126492476,0.0,0.0,0.01953077804492419,0.05458429590741365,1.6148968777388573
2024-08-24 00:00:00+00:00,-0.00048486785531354215,2.1458812450269065,-0.01547701145698921,0.1715463343372335,0.0,0.05710136335750457,-0.0005819277284700997,2.433040199039651,-0.01855468591877807,0.2058556012046802,0.0,0.06852163602900548,0.012005575668583512,1.6342846444015104
2024-08-25 00:00:00+00:00,1.143611923537513e-05,2.1459057855806893,-0.015465752334702376,0.17274127773333714,0.0,0.17247317747070856,1.3621986941547704e-05,2.4330733418814705,-0.018541316683525877,0.20728953328000457,0.0,0.2069678129648503,-0.0035618901640248612,1.6284635020013998
2024-08-26 00:00:00+00:00,-0.004557201936415511,2.136126459579276,-0.019952473714630048,0.0,0.0,0.15725032528896918,-0.00546714160163031,2.419771385394253,-0.023907090281366505,0.0,0.0,0.188700390346763,-0.020732102403211328,1.5947020299180146
2024-08-27 00:00:00+00:00,-0.00028862693306996867,2.135509915950598,-0.02023534182640463,0.0,-0.3524556262544741,0.2691566103650203,-0.0003261120684023844,2.418982268742701,-0.024225405959107715,0.0,-0.39336903213989177,0.3014621726486992,-0.026691155389072074,1.5521375902382042
2024-08-28 00:00:00+00:00,0.010919929551632457,2.158829533789591,-0.009536380781969611,0.0,-0.25727807669494823,0.2898181531067377,0.012308858448797588,2.4487571790788065,-0.012214734603125388,0.0,-0.279127615757597,0.31816470555747456,-0.04178632620263667,1.487279462581136
2024-08-29 00:00:00+00:00,-0.005677061458393973,2.1465737258480715,-0.015159303620573716,-0.0028195211408680123,0.0,0.15491836870417805,-0.006329629021312733,2.433257454571961,-0.018467048885806636,-0.003383425369041617,0.0,0.17111158714759087,0.0076535811886428995,1.498662476698202
2024-08-30 00:00:00+00:00,-0.0022488722913323045,2.1417463556747096,-0.017374084574037996,-0.20906992014953585,0.0,0.05078320861772237,-0.0026990216784957832,2.42669003995271,-0.021116227599021875,-0.25088390417944306,0.0,0.06093985034126686,-0.008549150887169565,1.4858501850559698
2024-08-31 00:00:00+00:00,-0.00026470230039277176,2.1411794304875045,-0.017634187914276844,-0.21961211448976184,0.0,0.21829869746470412,-0.0003178871288269658,2.425918626423356,-0.021427402150885788,-0.26353453738771426,0.0,0.2619584369576449,-0.0008840900700185506,1.4845365596618265
2024-09-01 00:00:00+00:00,0.001429745782746794,2.1442407727483483,-0.016229654537332605,-0.2265531895088274,0.0,0.2256753875705578,0.0017153070479780652,2.4300798217410815,-0.019748849676836877,-0.2718638274105929,0.0,0.2708104650846693,-0.003537933942781124,1.4792843673780993
2024-09-02 00:00:00+00:00,-2.997536983906368e-05,2.1441764983381613,-0.016259143417274524,-0.29360974205503937,0.0,0.2476573705098584,2.2539557135603516e-05,2.4301345946640676,-0.019726755250026984,-0.3159346617741525,0.0,0.28505244578404404,0.003425274837111081,1.4843513228986114
2024-09-03 00:00:00+00:00,0.0011969774698747937,2.146743029298107,-0.015081627775749729,-0.25826490457467205,0.0,0.282545050035422,0.0015174099448704848,2.4338221050653845,-0.018239278879752963,-0.2917309339260812,0.0,0.30874017340173676,-0.015087946568964394,1.4619555094491454
2024-09-04 00:00:00+00:00,-0.0020049923885798737,2.142438825864127,-0.01705638161543188,0.0,0.0,0.112410836628408,-0.0026706022435489807,2.427322334291198,-0.020861171264204947,0.0,0.0,0.13446453322559307,-0.001070367421389773,1.4603906799003097
2024-09-05 00:00:00+00:00,0.006461033374427494,2.1562811946207043,-0.010705550091868798,-0.1559690386630691,-0.08144824691539264,0.1642678942551112,0.007756448516226255,2.446149735009414,-0.013266531348877564,-0.1871628463956829,-0.09773789629847113,0.19712147310613345,-0.03464039196406743,1.4098021743278921
2024-09-06 00:00:00+00:00,0.015643378853393397,2.190012718262604,0.0,-0.06222286569074287,-0.2054819137242376,0.2310476959262472,0.01876763784536495,2.492058187351606,0.0,-0.09308172353963527,-0.2316592478464956,0.2790322752455252,-0.04970928175173961,1.3397219208300117
2024-09-07 00:00:00+00:00,-0.006925783674797015,2.174845163930863,-0.006925783674797015,-0.06578461749565832,-0.20538021083456157,0.2688451217888111,-0.008174844367749956,2.4716859995146296,-0.008174844367749845,-0.09739276328284228,-0.23157414195619286,0.32617633840208793,0.02098862391953693,1.3678408403830724
2024-09-08 00:00:00+00:00,0.00010767407357969994,2.1750793383690685,-0.006818855328558304,-0.2616522903722478,0.0,0.28589840116367365,0.0001459445197526943,2.4720467285408083,-0.008030092921732512,-0.31398274844669727,0.0,0.345463067878313,-0.0043694659857875795,1.3618641063570476
2024-09-09 00:00:00+00:00,-0.008290552326121303,2.1570467293008546,-0.015052875577773905,-0.12601180749784133,0.0,0.19298115266598204,-0.00994304371384358,2.447467059856263,-0.017893293070629035,-0.15121416899740958,0.0,0.23157738319917842,0.04297826815681227,1.4203946671131982
2024-09-10 00:00:00+00:00,-6.300590374896942e-05,2.156910822622246,-0.01511493306149303,0.0,0.0,0.0,-7.560708449871889e-05,2.447282014007461,-0.017967547295406505,0.0,0.0,0.0,0.015516799779649038,1.4424346467708749
2024-09-11 00:00:00+00:00,0.0,2.156910822622246,-0.01511493306149303,0.0,0.0,0.0,0.0,2.447282014007461,-0.017967547295406505,0.0,0.0,0.0,-0.010897181440681969,1.4267161747086867
2024-09-12 00:00:00+00:00,0.0,2.156910822622246,-0.01511493306149303,0.0,0.0,0.0,0.0,2.447282014007461,-0.017967547295406505,0.0,0.0,0.0,0.011643376693551089,1.4433279685656022
2024-09-13 00:00:00+00:00,0.0,2.156910822622246,-0.01511493306149303,0.0,0.0,0.0,0.0,2.447282014007461,-0.017967547295406505,0.0,0.0,0.0,0.023540305020441243,1.4773043491901703
2024-09-14 00:00:00+00:00,0.0,2.156910822622246,-0.01511493306149303,0.0,0.0,0.0,0.0,2.447282014007461,-0.017967547295406505,0.0,0.0,0.0,0.0003584751032312816,1.4778339260192503
2024-09-15 00:00:00+00:00,0.0,2.156910822622246,-0.01511493306149303,0.0,0.0,0.0,0.0,2.447282014007461,-0.017967547295406505,0.0,0.0,0.0,-0.006013901601032989,1.4689463782055023
2024-09-16 00:00:00+00:00,-0.000570201379640034,2.1556809490954265,-0.015676515885448272,0.0,0.0,0.018372777650901336,-0.00044208585838634296,2.446200105237585,-0.01840168995522362,0.0,0.0,0.01946289219178249,-0.03558109229703421,1.4166796615431783
2024-09-17 00:00:00+00:00,0.0010493569985818851,2.1579430279860694,-0.01464360914852414,0.0,-0.07485795619792622,0.012476326032987704,0.0008135664945814192,2.448190251682248,-0.01760309445903352,0.0,-0.05803737440907756,0.00967289573484626,0.03396222103953783,1.4647932493507254
2024-09-18 00:00:00+00:00,-0.0014759190345978723,2.154758078795487,-0.016097915401644403,0.0,-0.20955308604928313,0.04821399697503328,-0.0015458764912478218,2.44440565192607,-0.0191217587403838,0.0,-0.21995855087917202,0.04994824111334809,-0.005270014211927632,1.4570737681091115
2024-09-19 00:00:00+00:00,-0.009955991709738932,2.133305325226506,-0.025893636399100584,0.0,-0.044100984571079804,0.10833366408386184,-0.010076734031674528,2.419774026306089,-0.029005807895013724,0.0,-0.021501160372090444,0.09984554330985844,0.058526253705096565,1.5423508371285064
2024-09-20 00:00:00+00:00,-0.0014461460944471538,2.1302202540621664,-0.027302336512398218,0.0,-0.04334223469533625,0.04376206448332956,-0.0007038358280404555,2.418070902650613,-0.029689228396236444,0.0,-0.02082825010849812,0.021239266366473317,0.008863830967034358,1.5560219742406773
2024-09-21 00:00:00+00:00,-0.00042047913836829043,2.1293245408852037,-0.02771133558783423,0.0,-0.03710577490230687,0.04097074851489915,-0.00018287427032892545,2.417628699698687,-0.029866673270585786,0.0,-0.01357721081240059,0.01820070428873954,0.007151495804655239,1.567149858861411
2024-09-22 00:00:00+00:00,-0.00010817249029226872,2.129094206546976,-0.02781651047394662,0.0,-0.035452058840410784,0.035731830120233475,-3.279935979583204e-05,2.417549403025113,-0.029898493022619155,0.0,-0.01151181438805105,0.011845395049160892,0.0010222088999063406,1.568751813394626
2024-09-23 00:00:00+00:00,-0.005626464669617914,2.117114933215551,-0.03328646653015088,0.0,-0.03532066338887322,0.08829101337166913,-0.005153560402042179,2.405090416151702,-0.034897969734939305,0.0,-0.01180996894236966,0.06923513528354823,0.014677210509072225,1.5917767139963077
2024-09-24 00:00:00+00:00,-0.00025496275310177285,2.1165751477635455,-0.0335329424741051,0.0,-0.06999947950047446,0.04094629822091118,-0.0005218493169208971,2.4038353213609,-0.03540160757019206,0.0,-0.05343710441136226,0.018564642490708144,0.007568558820510107,1.603824169685307
2024-09-25 00:00:00+00:00,0.0013892512975659521,2.119515602533972,-0.03219027686038245,0.0,-0.024965930533762438,0.055122217014563414,0.001006004601409538,2.40625359075522,-0.03443121714889552,0.0,-0.014896057814506104,0.040784602996564494,-0.021631911640337287,1.5691303869600373
2024-09-26 00:00:00+00:00,-1.248296526690229e-05,2.119489144694323,-0.032202357995541386,0.0,0.0,0.0,-7.448028907286464e-06,2.4062356689089177,-0.03443840873310211,0.0,0.0,0.0,0.027054333560677435,1.611582163849049
2024-09-27 00:00:00+00:00,0.0,2.119489144694323,-0.032202357995541386,0.0,0.0,0.0,0.0,2.4062356689089177,-0.03443840873310211,0.0,0.0,0.0,0.015674564312483596,1.6368430121211524
2024-09-28 00:00:00+00:00,0.0,2.119489144694323,-0.032202357995541386,0.0,0.0,0.0,0.0,2.4062356689089177,-0.03443840873310211,0.0,0.0,0.0,-0.0036977408605544104,1.630790390832919
2024-09-29 00:00:00+00:00,0.0,2.119489144694323,-0.032202357995541386,0.0,0.0,0.0,0.0,2.4062356689089177,-0.03443840873310211,0.0,0.0,0.0,0.0006754844125811399,1.631891964322114
2024-09-30 00:00:00+00:00,-0.011017761472838505,2.0961371188538105,-0.04286532156912193,0.16384766325480385,0.0,0.2266019883994876,-0.01321203605574206,2.3744443964926805,-0.04719544329096004,0.19661719590576462,0.0,0.27192238607938507,-0.033271236400564286,1.5775969009969717
2024-10-01 00:00:00+00:00,0.002684997312868198,2.101765241385336,-0.04029541752948218,-0.17606684786849283,0.0,0.0500354284676414,0.0032221558126230843,2.3820952263065895,-0.044125358550266336,-0.2112802174421914,0.0,0.06004251416116968,-0.03305033999631224,1.5254567870418931
2024-10-02 00:00:00+00:00,-7.259176084273289e-05,2.101612670545586,-0.0403650841750125,0.0,-0.037930508208312126,0.1241505354093093,-8.918411169711593e-05,2.3818827812598533,-0.044210607381057865,0.0,-0.04551660984997455,0.14898064249117113,-0.031531088493922166,1.477357474096021
2024-10-03 00:00:00+00:00,-0.001204720779703794,2.099080814090491,-0.04152117629903618,0.0,-0.07020878111803944,0.11853304419948694,-0.0014462803530043145,2.378437910990158,-0.04559294680121262,0.0,-0.08425053734164734,0.14223965303938432,0.003463580827674617,1.4824744211189218
2024-10-04 00:00:00+00:00,-0.0022913078062440917,2.094271173835228,-0.04371734630990187,0.0,-0.07269709703104951,0.07278509603922649,-0.0027491379017294815,2.3718992571821444,-0.04821674340483939,0.0,-0.0872365164372594,0.08734211524707176,0.025528506743639046,1.5203197793757286
2024-10-05 00:00:00+00:00,0.0009740769393300486,2.0963111550903646,-0.04278585342946106,0.0,-0.07547847966028227,0.0744889081206775,0.0011688924458810313,2.3746717523062553,-0.047104211146089314,0.0,-0.09057417559233871,0.089386689744813,-0.009762632673103622,1.5054774558240294
2024-10-06 00:00:00+00:00,-0.0013114580170108248,2.093561931019872,-0.04404119959597719,0.0,0.0,0.05660580880157002,-0.00157361041514259,2.370934944104281,-0.04860369788397545,0.0,0.0,0.06792697056188401,0.015236412214779449,1.5284155309210217
2024-10-07 00:00:00+00:00,0.0,2.093561931019872,-0.04404119959597719,0.0,0.0,0.0,0.0,2.370934944104281,-0.04860369788397545,0.0,0.0,0.0,0.0076257274281825715,1.5400708111568264
2024-10-08 00:00:00+00:00,-0.0002765248196184844,2.0929830091845365,-0.0443055459308217,0.0,-0.11693787994038866,0.10428102406031813,-0.0003322005784895943,2.3701473181442885,-0.04891975228591117,0.0,-0.14032545592846637,0.12513722887238174,-0.01137630734061057,1.522550492282803
2024-10-09 00:00:00+00:00,-0.0001732819940983843,2.0926203329150908,-0.044471150571571694,0.0,-0.04044423915162277,0.10115123399763291,-0.0002081110384417606,2.3696540643246493,-0.049117682583904476,0.0,-0.04853308698194731,0.12138148079715949,-0.01652521002327334,1.4973900256267916
2024-10-10 00:00:00+00:00,0.0006940302035403079,2.0940726746306764,-0.04380798468971425,0.0,-0.15349949390971954,0.2798959532273654,0.0008305706190274709,2.3716222293677363,-0.048327907668906045,0.0,-0.1841993926916634,0.3358751438728384,-0.020220700261544322,1.4671117507439662
2024-10-11 00:00:00+00:00,-0.0027665564682567423,2.0882793043276773,-0.046453343894566235,0.0,0.0,0.06374528872477378,-0.003319453379610149,2.363749739943303,-0.05148693881207511,0.0,0.0,0.07649434646972852,0.048136991481154245,1.5377340965914297
2024-10-12 00:00:00+00:00,0.0,2.0882793043276773,-0.046453343894566235,0.0,0.0,0.0,0.0,2.363749739943303,-0.05148693881207511,0.0,0.0,0.0,0.00232001405959692,1.5413016613154433
2024-10-13 00:00:00+00:00,0.0,2.0882793043276773,-0.046453343894566235,0.0,0.0,0.0,0.0,2.363749739943303,-0.05148693881207511,0.0,0.0,0.0,-0.005522154994424877,1.532790354648495
2024-10-14 00:00:00+00:00,0.003929570382086522,2.0964853448314877,-0.042706315196796685,0.2510808598056351,0.0,0.11193281169088877,0.004715930404212809,2.3748970192098517,-0.047013817228026,0.3012970317667621,0.0,0.1343193740290665,0.05741867161733949,1.6208011406802822
2024-10-15 00:00:00+00:00,0.004876982833615262,2.106709867869157,-0.0380376103292831,0.2951443433770333,0.17150984905432756,0.3930794858517668,0.0058493464165467746,2.3887886145788344,-0.04143947091481015,0.3541732120524399,0.20581181886519304,0.47169538302212005,0.005349493520397264,1.629471605880204
2024-10-16 00:00:00+00:00,0.0036636905578135703,2.1144282009201216,-0.0345132778052748,0.2775049789648167,0.1975379726697958,0.4404071547586305,0.004393581569905658,2.3992839522102485,-0.03722795704058246,0.33300597475777993,0.23704556720375503,0.5284885857103566,0.010677511146709229,1.646870307115236
2024-10-17 00:00:00+00:00,-0.0075627174181238654,2.098437377935651,-0.041814981056184086,0.26790657088102093,0.0,0.37574188427335137,-0.009072975491541624,2.377515307714596,-0.04596316419029467,0.3214878850572252,0.0,0.45089026112802166,-0.010271708871920193,1.6299541347707385
2024-10-18 00:00:00+00:00,0.007445016009132388,2.1140602778085436,-0.03468127825043654,0.27581686144030326,0.22756780426602108,0.39083266406666034,0.008933713243701513,2.3987553477062287,-0.03744007267524252,0.33098023372836394,0.27308136511922537,0.4689991968799923,0.023432612649452178,1.668148218647194
2024-10-19 00:00:00+00:00,-0.0026270384705298078,2.1085065601297215,-0.03721720766879544,0.2833363742817784,0.2317697860932835,0.39568838416799235,-0.003152118425392536,2.391194186776715,-0.04047417555770738,0.34000364913813397,0.2781237433119403,0.47482606100159086,-0.004848495985238066,1.6600602087063012
2024-10-20 00:00:00+00:00,0.006221566235989462,2.121624773352587,-0.031227190755435785,0.2854156597392756,0.23124434751590073,0.5175316027541382,0.007465720719391111,2.4090461747610217,-0.03331062372937765,0.34249879168713054,0.27749321701908086,0.621037923304966,0.010946648259735792,1.6782323039009928
2024-10-21 00:00:00+00:00,-0.0053182114482258624,2.1103415241941037,-0.036379329400290206,0.23396640358405482,0.18775643052857882,0.5014466201834199,-0.006389252568818726,2.3936541703005267,-0.03948704630996458,0.28075968430086573,0.22530771663429458,0.6017359442201038,-0.009782883511365248,1.6618143527669191
2024-10-22 00:00:00+00:00,-0.002720471152474979,2.1046004009556634,-0.03900083163658541,0.4474939596403024,0.0,0.42816591754957206,-0.0032647078949357144,2.385839588633001,-0.04262284053306442,0.5369927515683627,0.0,0.5137991010594863,-0.009614825856194997,1.6458362971597398
2024-10-23 00:00:00+00:00,0.0038689734169083945,2.1127430439601755,-0.03528275140051629,0.17157574638665798,-0.39150719584389043,0.41156704857931486,0.004425079429950962,2.3963971183198236,-0.038386370558002314,0.18760491258248627,-0.45476128476083844,0.4883249027396223,-0.02662486706492584,1.602016124537232
2024-10-24 00:00:00+00:00,-0.002892938270653511,2.106631008752246,-0.03807361884934923,0.09135101976395942,-0.4559428116140505,0.5465944044540335,-0.0038055442932918293,2.3872775229417407,-0.042045833817876965,0.09135101976395942,-0.5320682445563191,0.6225799520115068,0.022498861199316877,1.6380596629622628
2024-10-25 00:00:00+00:00,0.008981903688231707,2.1255525655795013,-0.029433688738684793,0.09162604927749463,-0.4503789586477896,0.5506008387888773,0.010797143589042602,2.4130533011438366,-0.031702665133886976,0.09162604927749463,-0.5254466268995132,0.6273876732133193,-0.022452141491256628,1.601281715638314
2024-10-26 00:00:00+00:00,-0.0009326062993344486,2.1235702618672754,-0.03033884499448891,0.0914693651891913,-0.4501886092851681,0.5399840057586527,-0.0011556851420641001,2.410264571296696,-0.03282171197689199,0.0914693651891913,-0.5251868708467066,0.6146474735770499,0.0037250641447759136,1.6072465927429234
2024-10-27 00:00:00+00:00,-0.0009885408917190697,2.121471025826981,-0.0312973946973234,0.09171465496049529,-0.45077975481738,0.5426884208167979,-0.0013191921349505753,2.407084969231091,-0.03409760596754707,0.09171465496049529,-0.5259453034396216,0.6178927716468241,0.008500465135338198,1.6209089363684257
2024-10-28 00:00:00+00:00,0.0031489540556817186,2.12815144061777,-0.02824699469960612,0.2788089995579899,-0.44723802285837166,0.602682594714272,0.002705026272178168,2.4135961973122266,-0.03148481461532948,0.2788089995579899,-0.49244742734164393,0.6676635581015709,0.017533637398219115,1.6493293659142427
2024-10-29 00:00:00+00:00,0.006938646515289637,2.142917931195221,-0.02150434409565638,0.6009245290420674,0.0,0.7412468913673275,0.009622169640444822,2.4368202293662975,-0.02216559720221123,0.7211094348504808,0.0,0.8172740474185707,0.04583392031202127,1.7249245966398328
2024-10-30 00:00:00+00:00,-0.0075019583133879575,2.126841850206383,-0.028844977716082076,0.4833777870706139,0.11124859433462103,0.6008547408427666,-0.008999170715361604,2.4148908681195835,-0.030965295924342273,0.5800533444847367,0.1334983132015452,0.7210256890113199,-0.0038992668516422135,1.7181986553385729
2024-10-31 00:00:00+00:00,-0.015262957641293817,2.094379953136952,-0.043667675684331164,0.4389685372620482,0.03586261708343013,0.5824318663885185,-0.018316047258944756,2.370659612853911,-0.048714181359749587,0.5267622447144577,0.04303514050011615,0.698918239666222,-0.03261271291872936,1.6621635358546691
2024-11-01 00:00:00+00:00,-0.00593421980604647,2.08195144213766,-0.04934276190444775,0.08258838654079449,-0.2961206081515965,0.22116176368324766,-0.006289239777081401,2.3557499661188297,-0.05469704596971536,0.07955047835534867,-0.3415669819421871,0.23564666352086763,-0.009034182846697547,1.6471472465506447
2024-11-02 00:00:00+00:00,0.0027877113239609397,2.087755321748844,-0.04669260395660324,0.03520886388389993,0.0,0.26212967459836845,0.0031420036571316867,2.363151741127663,-0.05172690063105467,0.022567297392027823,0.0,0.283497275195489,-0.0009070619638131827,1.645653181934499
2024-11-03 00:00:00+00:00,-0.002131464792184512,2.0833053447858405,-0.048724545107398876,0.0369999776482969,-0.27165963810906407,0.08167318744480608,-0.0022534670900485887,2.357826456450241,-0.053863802852860965,0.024821017578565432,-0.31223718799693434,0.07609704459472011,-0.011947957895024008,1.6259909870069333
2024-11-04 00:00:00+00:00,-0.0002576933164896156,2.082768490922282,-0.04896968243426525,0.0,0.0,0.03130014714835944,-0.00024019048506729312,2.3572601289699615,-0.05409105576499351,0.0,0.0,0.021311372614701802,-0.013054889616193277,1.6047638541546327
2024-11-05 00:00:00+00:00,0.000468563703517777,2.083744400639959,-0.048524064146509005,0.0,-0.19920253908389216,0.0665340769960238,0.0005283385600431956,2.3585055603921488,-0.05359129559546438,0.0,-0.22488011703356092,0.07510797254977188,0.007470035969436628,1.6167514978676196
2024-11-06 00:00:00+00:00,-0.014671967576556089,2.053171770355939,-0.06248408822722484,0.0,0.0,0.06583900525256477,-0.01655461492393917,2.319461409043887,-0.06925872725754578,0.0,0.0,0.07430329433341043,0.10490734812552094,1.7863606100868754
2024-11-07 00:00:00+00:00,0.0021339370305453187,2.0575531096267716,-0.06048348830636752,0.2236780987408966,0.0,0.21000470870598006,0.002502602134530685,2.325266098117122,-0.06692945216168467,0.2604454348036033,0.0,0.24387435691328263,0.032128679557707374,1.8437540177028673
2024-11-08 00:00:00+00:00,0.0031266534146536795,2.0639863650828176,-0.05754594579695704,0.19093631165815508,0.14861639963706944,0.3076045305003738,0.003857288411495796,2.3342353200910333,-0.06333032995039989,0.22085315428983518,0.18522655624818676,0.367782626731644,0.011924282677890252,1.8657394617984522
2024-11-09 00:00:00+00:00,0.0011261227421726083,2.0663106670680715,-0.05648462685306621,0.2985193299118976,0.09962957277164723,0.39743203013752676,0.0020359503038047677,2.3389877072001246,-0.0614233170510976,0.34390870819721525,0.13155874636971873,0.47441644892901813,0.009768424430199873,1.8839647967374722
2024-11-10 00:00:00+00:00,0.016671994271307833,2.1007601866721726,-0.04075434395706967,0.2959708314805536,0.09946544508756788,0.39844641065118247,0.01973878497999193,2.385156482623392,-0.042896953719135156,0.3423439683392826,0.13040764303731697,0.4761594552538586,0.04001709023083988,1.9593555860002416
2024-11-11 00:00:00+00:00,0.02766248863138787,2.158872441453264,-0.01421922190207392,0.28775897015445034,0.09964649448936047,0.39322614047611476,0.032817362865723565,2.463431028405177,-0.011487355749446704,0.3371146649578111,0.1266972343829028,0.47041958508065823,0.06758502918860598,2.0917786904709263
2024-11-12 00:00:00+00:00,0.007352869422796893,2.1747463486157446,-0.00697090456121674,0.0,0.0,0.13668818750051057,0.008743158743269586,2.4849691969396193,-0.0028446327810348615,0.0,0.0,0.16387982492394468,0.01558116476904603,2.124371038907533
2024-11-13 00:00:00+00:00,0.0,2.1747463486157446,-0.00697090456121674,0.0,0.0,0.0,0.0,2.4849691969396193,-0.0028446327810348615,0.0,0.0,0.0,-0.005549543360850007,2.112581749712582
2024-11-14 00:00:00+00:00,0.0,2.1747463486157446,-0.00697090456121674,0.0,0.0,0.0,0.0,2.4849691969396193,-0.0028446327810348615,0.0,0.0,0.0,-0.00648516001172772,2.09888131902784
2024-11-15 00:00:00+00:00,0.0,2.1747463486157446,-0.00697090456121674,0.0,0.0,0.0,0.0,2.4849691969396193,-0.0028446327810348615,0.0,0.0,0.0,-0.0016063242759640772,2.0955098350127184
2024-11-16 00:00:00+00:00,0.0,2.1747463486157446,-0.00697090456121674,0.0,0.0,0.0,0.0,2.4849691969396193,-0.0028446327810348615,0.0,0.0,0.0,0.019020689965322246,2.135367877903779
2024-11-17 00:00:00+00:00,0.0,2.1747463486157446,-0.00697090456121674,0.0,0.0,0.0,0.0,2.4849691969396193,-0.0028446327810348615,0.0,0.0,0.0,-0.015484612078691451,2.1023025346691404
2024-11-18 00:00:00+00:00,0.0,2.1747463486157446,-0.00697090456121674,0.0,0.0,0.0,0.0,2.4849691969396193,-0.0028446327810348615,0.0,0.0,0.0,0.007521818723809082,2.118115673237526
2024-11-19 00:00:00+00:00,0.0,2.1747463486157446,-0.00697090456121674,0.0,0.0,0.0,0.0,2.4849691969396193,-0.0028446327810348615,0.0,0.0,0.0,0.01735646829909543,2.15487868077389
2024-11-20 00:00:00+00:00,-0.0024154193579516425,2.1694934241866632,-0.009369486261348814,0.4725179656856065,0.0,0.1775318870193077,-0.002597359191723214,2.478514839354799,-0.005434603439657182,0.5145179120374679,0.0,0.18941538254688747,-0.001944314372644751,2.1506889191835556
2024-11-21 00:00:00+00:00,0.017017084895807555,2.2064118779669437,0.0,0.2593261691936634,0.0,0.4396173318480947,0.01844757767758587,2.524237434378846,0.0,0.2744084810991307,0.0,0.47871386083493,0.060846469712112494,2.2815507473648338
2024-11-22 00:00:00+00:00,0.0026468972422766246,2.2122520234820606,0.0,0.1833448682485963,0.0,0.22328968424163617,0.002758931889873306,2.531201633534166,0.0,0.1833448682485963,0.0,0.2312302742160203,0.0008638007929091529,2.28352155270947
2024-11-23 00:00:00+00:00,-0.002171170496383934,2.2074488471581106,-0.002171170496383934,0.09203622642159619,0.0,0.15292031492954258,-0.002171170496383934,2.5257059632270376,-0.002171170496383934,0.09203622642159619,0.0,0.15292031492954258,0.002304854933485423,2.288784738625953
2024-11-24 00:00:00+00:00,-4.601811321081062e-05,2.2073472645271552,-0.002217088696425007,0.0,0.0,0.0,-4.601811321081062e-05,2.5255897350040843,-0.002217088696425118,0.0,0.0,0.0,-0.01704768815635227,2.2497662501448397
2024-11-25 00:00:00+00:00,0.0,2.2073472645271552,-0.002217088696425007,0.0,0.0,0.0,0.0,2.5255897350040843,-0.002217088696425118,0.0,0.0,0.0,0.004339538299527934,2.2595291969523283
2024-11-26 00:00:00+00:00,0.0,2.2073472645271552,-0.002217088696425007,0.0,0.0,0.0,0.0,2.5255897350040843,-0.002217088696425118,0.0,0.0,0.0,-0.035394160910143024,2.1795550569742312
2024-11-27 00:00:00+00:00,0.0006622217844711731,2.208809017971618,-0.0015563351163866423,0.0,0.08260704042665877,0.013788984211340812,0.0007946666866813779,2.5275967370307164,-0.0014241838562722986,0.0,0.09912844851199053,0.016546781053608975,0.06350621722509908,2.3179703538765
2024-11-28 00:00:00+00:00,-0.00029268740098165047,2.208162527400883,-0.0018485669976879837,0.0,0.04770858033476214,0.06939839387978101,-0.00035190015534070085,2.5267072753463165,-0.0017755828410928043,0.0,0.057250296401714564,0.08327807265573721,-0.011362645794109394,2.291632077784155
2024-11-29 00:00:00+00:00,8.458585924553397e-05,2.208349306725617,-0.0017641375010704063,0.0,0.0,0.013392927663238066,0.0001014919850832463,2.5269637158834155,-0.0016742710634368718,0.0,0.0,0.01607151319588568,0.015364215240832868,2.3268412062800277
2024-11-30 00:00:00+00:00,0.0,2.208349306725617,-0.0017641375010704063,0.0,0.0,0.0,0.0,2.5269637158834155,-0.0016742710634368718,0.0,0.0,0.0,0.009071560178561588,2.347949286308754
2024-12-01 00:00:00+00:00,0.0,2.208349306725617,-0.0017641375010704063,0.0,0.0,0.0,0.0,2.5269637158834155,-0.0016742710634368718,0.0,0.0,0.0,0.003382202631825537,2.3558905265643
2024-12-02 00:00:00+00:00,0.0,2.208349306725617,-0.0017641375010704063,0.0,0.0,0.0,0.0,2.5269637158834155,-0.0016742710634368718,0.0,0.0,0.0,-0.01925156990866217,2.310535935394993
2024-12-03 00:00:00+00:00,0.0,2.208349306725617,-0.0017641375010704063,0.0,0.0,0.0,0.0,2.5269637158834155,-0.0016742710634368718,0.0,0.0,0.0,-0.0060996628739165,2.296442445131014
2024-12-04 00:00:00+00:00,0.00015650671738787203,2.2086949282264583,-0.0016079068830519017,0.0,0.0501233487019818,0.0083538914503303,0.0001878080608652688,2.5274383000387726,-0.0014867774441733594,0.0,0.06014801844237818,0.010024669740396364,0.03981463942209351,2.3878744730374963
2024-12-05 00:00:00+00:00,-0.00024266519894300398,2.208158954832296,-0.001850181898951142,0.0,0.0,0.035287236441720375,-0.00029119836899549334,2.5267023141280647,-0.0017775428660019577,0.0,0.0,0.04234468373006445,0.010405504982347935,2.4127215127639094
2024-12-06 00:00:00+00:00,0.0,2.208158954832296,-0.001850181898951142,0.0,0.0,0.0,0.0,2.5267023141280647,-0.0017775428660019577,0.0,0.0,0.0,0.03797227271945136,2.504338032042668
2024-12-07 00:00:00+00:00,0.0,2.208158954832296,-0.001850181898951142,0.0,0.0,0.0,0.0,2.5267023141280647,-0.0017775428660019577,0.0,0.0,0.0,-0.013236289675302326,2.4711898884056747
2024-12-08 00:00:00+00:00,0.0,2.208158954832296,-0.001850181898951142,0.0,0.0,0.0,0.0,2.5267023141280647,-0.0017775428660019577,0.0,0.0,0.0,-0.00232371454704583,2.465447548513474
2024-12-09 00:00:00+00:00,0.0,2.208158954832296,-0.001850181898951142,0.0,0.0,0.0,0.0,2.5267023141280647,-0.0017775428660019577,0.0,0.0,0.0,-0.03762039821589347,2.372696429957999
2024-12-10 00:00:00+00:00,0.0,2.208158954832296,-0.001850181898951142,0.0,0.0,0.0,0.0,2.5267023141280647,-0.0017775428660019577,0.0,0.0,0.0,-0.025175166442485186,2.3129634024163157
2024-12-11 00:00:00+00:00,0.0008295158435496219,2.209990657670405,-0.0010222008106003377,0.11229371369916208,0.0,0.018715618949860346,0.0009954190122596351,2.5292174416498683,-0.0007838932537062027,0.13475245643899447,0.0,0.02245874273983241,0.054168664149707224,2.438253540152369
2024-12-12 00:00:00+00:00,-0.002295145868656756,2.204918406742683,-0.003315000579289684,0.13801977378582844,0.0,0.13665817792937437,-0.0027553034777865193,2.522248680036812,-0.0035370368676845843,0.1656237285429941,0.0,0.16398981351524924,-0.002964245233037288,2.431025958719036
2024-12-13 00:00:00+00:00,0.0024188902456807604,2.2102518623692746,-0.0009041289561746435,0.13538092970602758,0.0,0.1353098675950722,0.002902879517707735,2.529570464068656,-0.0006444249418535719,0.16245711564723309,0.0,0.16237184111408662,0.015329425768821459,2.4682921906952977
2024-12-14 00:00:00+00:00,-0.001236070163341707,2.2075198359887294,-0.0021390815526898255,0.3428653390155161,0.0,0.31457663824580484,-0.001483814741431666,2.525817050124581,-0.0021272834760567294,0.4114384068186192,0.0,0.3774919658949658,-0.00711808866160446,2.4507226680391825
2024-12-15 00:00:00+00:00,0.006576305910287683,2.2220371617332195,0.0,0.3486083432512323,0.0,0.3463961695724211,0.007894778573097172,2.545757816451468,0.0,0.4183300119014787,0.0,0.41567540348690524,0.01663277615873704,2.491484989603821
2024-12-16 00:00:00+00:00,0.012885329779224852,2.2506688433438446,0.0,0.407142598875593,0.0,0.4145603971523095,0.015462061682932182,2.585120480839247,0.0,0.4885711186507115,0.0,0.4974724765827714,0.03471794789955607,2.5779842356654123
2024-12-17 00:00:00+00:00,-0.0006115096577921086,2.249292537609648,-0.0006115096577921086,0.39660927561919124,0.01546589611831796,0.409499297147406,-0.0007361879805151128,2.5832173462130696,-0.0007361879805151128,0.4759311307430294,0.018559075341981552,0.49139915657688715,-0.00999106788774795,2.552227420153335
2024-12-18 00:00:00+00:00,-0.009534948534080101,2.2278456490254497,-0.010140627478757103,0.0,0.0,0.23112543073416048,-0.01142823597862097,2.5536957287964794,-0.012156010629170266,0.0,0.0,0.2770868342773584,-0.038133570944424044,2.4549018747606133
2024-12-19 00:00:00+00:00,0.0,2.2278456490254497,-0.010140627478757103,0.0,0.0,0.0,0.0,2.5536957287964794,-0.012156010629170266,0.0,0.0,0.0,-0.06774314366066492,2.2885991043858693
2024-12-20 00:00:00+00:00,0.0,2.2278456490254497,-0.010140627478757103,0.0,0.0,0.0,0.0,2.5536957287964794,-0.012156010629170266,0.0,0.0,0.0,0.0035479100805659858,2.296718848218694
2024-12-21 00:00:00+00:00,0.0,2.2278456490254497,-0.010140627478757103,0.0,0.0,0.0,0.0,2.5536957287964794,-0.012156010629170266,0.0,0.0,0.0,-0.010125926113093708,2.273462442859082
2024-12-22 00:00:00+00:00,0.0,2.2278456490254497,-0.010140627478757103,0.0,0.0,0.0,0.0,2.5536957287964794,-0.012156010629170266,0.0,0.0,0.0,-0.028859898248531524,2.207850548086311
2024-12-23 00:00:00+00:00,0.0,2.2278456490254497,-0.010140627478757103,0.0,0.0,0.0,0.0,2.5536957287964794,-0.012156010629170266,0.0,0.0,0.0,-0.0024706102770820637,2.202395809831948
2024-12-24 00:00:00+00:00,0.0,2.2278456490254497,-0.010140627478757103,0.0,0.0,0.0,0.0,2.5536957287964794,-0.012156010629170266,0.0,0.0,0.0,0.04583053569728546,2.303332789614003
2024-12-25 00:00:00+00:00,0.0,2.2278456490254497,-0.010140627478757103,0.0,0.0,0.0,0.0,2.5536957287964794,-0.012156010629170266,0.0,0.0,0.0,0.011049608005191836,2.3287837140447425
2024-12-26 00:00:00+00:00,0.0,2.2278456490254497,-0.010140627478757103,0.0,0.0,0.0,0.0,2.5536957287964794,-0.012156010629170266,0.0,0.0,0.0,-0.03434922768683346,2.24879179201763
2024-12-27 00:00:00+00:00,0.0,2.2278456490254497,-0.010140627478757103,0.0,0.0,0.0,0.0,2.5536957287964794,-0.012156010629170266,0.0,0.0,0.0,-0.007888684417718395,2.2310517832492476
2024-12-28 00:00:00+00:00,0.0,2.2278456490254497,-0.010140627478757103,0.0,0.0,0.0,0.0,2.5536957287964794,-0.012156010629170266,0.0,0.0,0.0,0.007470973614299492,2.2477199122540386
2024-12-29 00:00:00+00:00,0.0,2.2278456490254497,-0.010140627478757103,0.0,0.0,0.0,0.0,2.5536957287964794,-0.012156010629170266,0.0,0.0,0.0,-0.013572401043945637,2.2172129561704645
2024-12-30 00:00:00+00:00,-0.0021192312322019236,2.22312432894551,-0.012238368376491837,0.0,0.0,0.011373707167067633,-0.0021192312322019236,2.5482838570504733,-0.014249480463987774,0.0,0.0,0.011373707167067633,0.010512577929549405,2.2405215801586134
2024-12-31 00:00:00+00:00,-0.00020799608873722786,2.2226619277803126,-0.01244381893247426,0.0,0.012907602426617794,0.0021512670711029656,-0.0002495953064846068,2.547647817360163,-0.014495519167028736,0.0,0.015489122911941352,0.0025815204853235586,-0.007007982895237075,2.224820043248452
2025-01-01 00:00:00+00:00,-6.453801213335275e-06,2.222647583162066,-0.012450192423754003,0.0,0.0,0.0,-7.744561456024535e-06,2.5476280869450734,-0.014503151467045727,0.0,0.0,0.0,0.003299336605552039,2.2321604734579075
2025-01-02 00:00:00+00:00,-3.928663751218142e-05,2.222560262812149,-0.012488989935069417,0.0,0.05822307265645968,0.02482172387636754,-4.7152957701523945e-05,2.5475079587456504,-0.01454962055825959,0.0,0.0698676871877516,0.029786068651641046,0.030068289829408235,2.299277721519589
2025-01-03 00:00:00+00:00,0.0013894876665860867,2.2256484828855707,-0.01111685556596631,0.0,0.04073604004579593,0.04154610476143809,0.0016674501609297288,2.5517558013014305,-0.01290643116447121,0.0,0.048883248054955114,0.0498553257137257,0.023655906159782525,2.353669219535135
2025-01-04 00:00:00+00:00,0.0007186137255092984,2.227247864433531,-0.010406230565451202,0.07504352620948627,0.15150138886065773,0.18975980432952141,0.0008620214899872636,2.553955469639352,-0.012055535295506736,0.09005223145138352,0.18180166663278927,0.22771176519542569,0.0002440000318675306,2.354243514899707
2025-01-05 00:00:00+00:00,-0.0001408397916036197,2.2269341793084547,-0.010545604745710646,0.07603006881288309,0.15850991431637554,0.230436813830017,-0.0001695032842077282,2.5535225657995277,-0.012222995126889069,0.09123608257545969,0.19021189717965062,0.27652417659602035,-0.001498724432728138,2.3507151526233354
2025-01-06 00:00:00+00:00,0.005012085808851818,2.2380957645058137,-0.005586374412750561,0.10841325531906483,0.13951724922943884,0.23746327998177796,0.006014448302132269,2.568880595259857,-0.00628206139704468,0.13009590638287777,0.16742069907532656,0.2849559359781335,0.02953131884032456,2.420134871298237
2025-01-07 00:00:00+00:00,-0.015917277158091325,2.2024713739158246,-0.021414731701005163,0.037073715712213996,0.0770248746685243,0.23710167120058664,-0.019084860648098334,2.519853867077719,-0.02524702977879767,0.04448845885465678,0.09242984960222915,0.28452200544070394,-0.06477772225536493,2.2633640467847567
2025-01-08 00:00:00+00:00,4.241272190719236e-05,2.202564786721715,-0.02137322723615831,0.0,0.0,0.00995846482869375,5.089474796049487e-05,2.519982114405181,-0.02519741997205449,0.0,0.0,0.0119501577944325,-0.024884331168431695,2.207041746289843
2025-01-09 00:00:00+00:00,-0.0012325011373010009,2.1998501231171015,-0.022579385846582922,0.0,0.037482267932235656,0.008974196045445824,-0.0005666122697813858,2.5185542616195296,-0.025749755074512826,0.0,0.01599621804945613,0.0026660363415760215,-0.0237543854490313,2.154614825946371
2025-01-10 00:00:00+00:00,0.0004692625152886709,2.2008824303191337,-0.022120718990690236,0.0,0.0,0.03276324723723805,0.00023162875944260364,2.5191376312187375,-0.025524090698894053,0.0,0.0,0.01524887298221205,0.032025081368182606,2.223616541064396
2025-01-11 00:00:00+00:00,9.68691579905645e-06,2.20090375008192,-0.022111246356433356,0.0,0.006943858989765313,0.0011573098316275522,5.5890221425380915e-05,2.5192784263787473,-0.025469627024549468,0.0,0.0,0.013482049572286525,-0.007346568460731784,2.207280589915051
2025-01-12 00:00:00+00:00,1.1967502254073281e-05,2.20093008940251,-0.02209954347056997,0.0,0.0,0.005438777026869069,2.895339556019394e-05,2.5193513680435524,-0.025441411061175367,0.0,-0.021400276398338292,0.003566712733056382,0.0033012749118241924,2.214567429949894
2025-01-13 00:00:00+00:00,-0.0041023255282793825,2.1919011577107956,-0.02611120947750678,0.0,0.0,0.05133237216303271,-0.003186245144092159,2.5113240969808617,-0.028546593632814976,0.0,0.0,0.058709856569529394,-0.044507286561443093,2.1160030427354757
2025-01-14 00:00:00+00:00,8.167462693275951e-05,2.1920801804201253,-0.02603166747386676,0.0,0.0,0.002146293196117225,0.0,2.5113240969808617,-0.028546593632814976,0.0,0.0,0.0,0.051111891256778286,2.2241559601547833
2025-01-15 00:00:00+00:00,-0.0023726305789026902,2.186879183952654,-0.02834253452250124,0.2724302957166955,0.0,0.061616749079783976,-0.002849198088963556,2.504168837162976,-0.03131445682175349,0.3269163548600346,0.0,0.07394009889574076,0.04820815157347624,2.3313784078049755
2025-01-16 00:00:00+00:00,0.0010564566917379281,2.189189527100563,-0.027316020491020443,0.2723777967930426,0.0,0.26933410767239946,0.0012646487271656959,2.507335731095502,-0.03008940988254938,0.32685335615165106,0.0,0.32320092920687926,-0.006618736688449922,2.3159476280025766
2025-01-17 00:00:00+00:00,0.01725803344805188,2.2269706331833894,-0.010529407838270277,0.40046013255703633,0.0,0.3033440905795019,0.020734084219204307,2.559323041309856,-0.009979202021956013,0.4805521590684436,0.0,0.3640129086954023,0.04306229461365385,2.4156776470694163
2025-01-18 00:00:00+00:00,-0.0034591927310864135,2.2192671125567385,-0.013952177318299896,0.5053111269749004,0.0,0.44144123421413023,-0.0047960533486147705,2.5470483914673947,-0.014727394585296927,0.5470033796989736,0.0,0.5066438419282416,-0.020941060957847757,2.3650907942076254
2025-01-19 00:00:00+00:00,0.009120891438776813,2.2395088069640163,-0.0049585421741777935,0.5572357653965859,0.0,0.5667200624302359,0.009782577467726705,2.5719650896709734,-0.005088888995998686,0.6044959979592233,0.0,0.5875223798936555,0.02462940035203731,2.423341562247083
2025-01-20 00:00:00+00:00,-0.019104334373887144,2.196724481882511,-0.023968146900362308,0.29666925677724754,0.0,0.3635376119458269,-0.021671864947772734,2.5162258095972376,-0.026650468228715973,0.3297166247431153,0.0,0.39326121520173385,-0.024202130324877613,2.3646915339358863
2025-01-21 00:00:00+00:00,-0.0017447085114933314,2.1928918379815645,-0.025671037981953915,0.0,-0.2579195664862334,0.36444595533618734,-0.0022253705722564687,2.5106262747274077,-0.028816531633239384,0.0,-0.30950347978348,0.420052506602985,0.020740822307287576,2.413737180852798
2025-01-22 00:00:00+00:00,-0.0030808706210304626,2.1861358219428295,-0.02867281945625444,0.243509541621766,-0.23210849731548722,0.45833271404810505,-0.003504368868252339,2.501828114170437,-0.03221991674514513,0.26935147102362506,-0.26111902370013323,0.514970547153708,-0.021452403480910487,2.3619567169522684
2025-01-23 00:00:00+00:00,0.00042015476894330384,2.1870543373339766,-0.028264711709144796,0.0,-0.2635046956493016,0.3584206558852086,0.0008286237236958538,2.503901188298448,-0.03141799120883981,0.0,-0.316205634779162,0.41580114046127276,-0.012343862617087198,2.3328010477307033
2025-01-24 00:00:00+00:00,-0.013399765125414409,2.1577483228971825,-0.041285736336319045,0.15025896629021962,-0.13276683561163574,0.18719013316940933,-0.01607947090179407,2.4636397820002354,-0.046992277435198515,0.1753794310424135,-0.15568780445739835,0.22320087200622205,0.029761250408560036,2.402228123865568
2025-01-25 00:00:00+00:00,-0.0009094956918671571,2.155785860093374,-0.04215768282885268,0.26394876875114054,0.0,0.42317169120290027,-0.001117855746188945,2.4608857881133868,-0.04805760259402991,0.31122629844782784,0.0,0.4980092311069734,-0.006669893793658899,2.3862055174112444
2025-01-26 00:00:00+00:00,-0.00123002001312833,2.1531342003414404,-0.0433358480483943,0.21299619475577422,-0.06239517763237675,0.2888834894679206,-0.0014014979082529466,2.4574368618288966,-0.049391747872771674,0.24947772306169183,-0.07040028783289057,0.33777717593205464,-8.109978165993237e-05,2.3860119966647866
2025-01-27 00:00:00+00:00,0.003842054498798486,2.1614066592823793,-0.039660292239549366,0.0,-0.18589586323378723,0.19817544342138013,0.00453216239200116,2.468574364754795,-0.04508343690295458,0.0,-0.21716865702869573,0.2311947211924675,-0.05948640404480321,2.2440767229754375
2025-01-28 00:00:00+00:00,-0.004186307822923507,2.1523583456761064,-0.04368056987081104,0.0,-0.19807079236771463,0.1928957772959923,-0.004806600459748678,2.456708914078241,-0.0496733392941584,0.0,-0.23768495084125743,0.22852091332351054,0.025881969908266633,2.3021578491913295
2025-01-29 00:00:00+00:00,0.001881662709609877,2.156408358112883,-0.041881099260661525,0.0,-0.19830231043564686,0.20287960304963482,0.002253254399310123,2.462244504246712,-0.04753201156514142,0.0,-0.23796277252277623,0.24345552365956177,0.0017779335056371526,2.3062509327666723
2025-01-30 00:00:00+00:00,-0.0066536570523937355,2.1420603564330842,-0.04825609384159757,0.3030052440226389,-0.004640207998033959,0.289499098509415,-0.00781582015190374,2.4430000440315065,-0.05497633006319369,0.3548155857627451,0.0,0.3374327717470933,0.032203241117661374,2.380519687632389
2025-01-31 00:00:00+00:00,-0.009678441260122628,2.1213285510977093,-0.05746749133203133,0.1207063478841283,0.12458802440444013,0.2206276026406552,-0.01150313304500239,2.4148978894960655,-0.06584706306915311,0.13695380629588969,0.15520888193491358,0.25716361715590336,-0.01626522278232745,2.3418000045753313
2025-02-01 00:00:00+00:00,-8.295120470436235e-05,2.121152584338822,-0.057545675539098284,0.0,0.0,0.008731774454160167,-0.0001041983371440347,2.4146462611516073,-0.06594440025181958,0.0,0.0,0.009212725760769341,-0.018467232237705744,2.2985534400365784
2025-02-02 00:00:00+00:00,0.007560454705665132,2.1371894623765204,-0.05042029230685341,0.0,-0.13002235359550599,0.12119549968127748,0.008706994923820321,2.435670573890276,-0.057811582886246216,0.0,-0.14663399437733146,0.13615707923439882,-0.04618319722306663,2.192398893187611
2025-02-03 00:00:00+00:00,0.02002132752764929,2.1799788325914013,-0.031408445965519394,0.0,-0.017174771228522127,0.12210892437054154,0.02257654981579349,2.4906596119365725,-0.03654021915141381,0.0,-0.020609725474226546,0.1405247389041683,0.0039417237730772214,2.2010407240249568
2025-02-04 00:00:00+00:00,-0.0008466745588501245,2.1781330999750144,-0.032228527792237616,0.0,0.0,0.019930324768178628,-0.0010159885044703776,2.4881291304022963,-0.03751908321327557,0.0,0.0,0.023916389721814355,-0.01778382784400312,2.161897794711257
2025-02-05 00:00:00+00:00,0.0015002354800650597,2.181400812531901,-0.030776642693036704,-0.20420134358285144,0.0,0.08337382022532226,0.001728683394020658,2.492430317912202,-0.03585525843536452,-0.23601084910022063,0.0,0.09703598966034711,-0.011760358723771458,2.136473101121322
2025-02-06 00:00:00+00:00,-0.00031001719256107396,2.1807245407761493,-0.03107711859723361,-0.14729206262188563,0.0,0.21615882631555186,-0.000340198650333301,2.4915823964819985,-0.036183259175170734,-0.17197956879851337,0.0,0.2511597538330016,-0.01933063977774674,2.0951737092087
2025-02-07 00:00:00+00:00,-0.005806605282350441,2.1680619341383274,-0.03670327131857709,0.0,0.0,0.12071239795966908,-0.006840795037623804,2.4745379919883135,-0.04277653195298403,0.0,0.0,0.14217914798256567,0.0018162439214188808,2.098979055722367
2025-02-08 00:00:00+00:00,0.0,2.1680619341383274,-0.03670327131857709,0.0,0.0,0.0,0.0,2.4745379919883135,-0.04277653195298403,0.0,0.0,0.0,-0.0027037589725011912,2.0933039222673657
2025-02-09 00:00:00+00:00,0.0,2.1680619341383274,-0.03670327131857709,0.0,0.0,0.0,0.0,2.4745379919883135,-0.04277653195298403,0.0,0.0,0.0,-0.006152168425266558,2.0804255639723057
2025-02-10 00:00:00+00:00,0.0,2.1680619341383274,-0.03670327131857709,0.0,0.0,0.0,0.0,2.4745379919883135,-0.04277653195298403,0.0,0.0,0.0,0.014962210902218276,2.1115533300268257
2025-02-11 00:00:00+00:00,0.0,2.1680619341383274,-0.03670327131857709,0.0,0.0,0.0,0.0,2.4745379919883135,-0.04277653195298403,0.0,0.0,0.0,-0.02537853654813471,2.0579651966674044
2025-02-12 00:00:00+00:00,0.0,2.1680619341383274,-0.03670327131857709,0.0,0.0,0.0,0.0,2.4745379919883135,-0.04277653195298403,0.0,0.0,0.0,0.02452965917997041,2.1084463815458965
2025-02-13 00:00:00+00:00,0.0006515687287411698,2.169474575496586,-0.03607561729366959,-0.30800830340807456,0.0,0.10408251949291077,0.000793202662516812,2.476500802112058,-0.04201725974950543,-0.3696099640896893,0.0,0.12309250761773911,-0.0143373317030836,2.0782168863955066
2025-02-14 00:00:00+00:00,-0.00702866007310754,2.1542260761681713,-0.042850714115892474,-0.3506259592524015,0.0,0.21413094078544928,-0.008167503927890118,2.4562739720833844,-0.04984158754335244,-0.39717984801049716,0.0,0.25122114067210005,0.027840343678268153,2.136075158750738
2025-02-15 00:00:00+00:00,-0.00017531297962625203,2.15384841237597,-0.04301851480914787,0.0,0.0,0.0,-0.00019858992400523245,2.4557861808219323,-0.05003027943027505,0.0,0.0,0.0,-0.007799342018863786,2.119415178009642
2025-02-16 00:00:00+00:00,0.0,2.15384841237597,-0.04301851480914787,0.0,0.0,0.0,0.0,2.4557861808219323,-0.05003027943027505,0.0,0.0,0.0,-0.004635207725127599,2.1095912484037793
2025-02-17 00:00:00+00:00,0.0024434104411710234,2.159111148075469,-0.04068021625622509,-0.578348404735347,0.0,0.2287680405185681,0.0027046659518474847,2.462428262090219,-0.0474609286717641,-0.6299831713672811,0.0,0.25440097425875047,-0.00633114863851536,2.096235112643624
2025-02-18 00:00:00+00:00,0.0059163068442456,2.1718851121383147,-0.03500458605384171,-0.4436585057569859,0.0,0.437097448363476,0.007149741069869986,2.480033986567294,-0.040650520952832836,-0.532390206908383,0.0,0.48473120886077187,-0.021366135424136123,2.051446669346051
2025-02-19 00:00:00+00:00,-0.011330014050037862,2.1472776233027195,-0.04593799765207374,-0.29154592946382357,0.0,0.41159510539380206,-0.013774921803992646,2.445871712331085,-0.05386548500940869,-0.30661248597763685,0.0,0.47780839009719817,0.02486683119964206,2.102459647387747
2025-02-20 00:00:00+00:00,-0.0003370037860522812,2.1465539826139612,-0.046259520158993594,0.11269966013866971,0.0,0.12107741480301043,-9.685455944874466e-05,2.445634818503919,-0.053957122451037454,0.13523959216640363,0.0,0.1355526339570891,0.02034933729745969,2.1452433079067386
2025-02-21 00:00:00+00:00,-0.008540715412876376,2.128220875930079,-0.054405146175055874,0.2834671964699995,0.0,0.21092509218276478,-0.010248004268099797,2.4205719424456773,-0.06365217389796463,0.3401606357639993,0.0,0.2531101106193177,-0.03307824357036404,2.074282427250106
2025-02-22 00:00:00+00:00,0.001371069324965113,2.131138814289817,-0.053108670077131714,0.0,0.0,0.07655331211236074,0.0016876197161630468,2.42465694738014,-0.06207197484544835,0.0,0.0,0.08630841897927732,0.02364619607610763,2.1233313162420866
2025-02-23 00:00:00+00:00,0.0,2.131138814289817,-0.053108670077131714,0.0,0.0,0.0,0.0,2.42465694738014,-0.06207197484544835,0.0,0.0,0.0,-0.0026437768359592884,2.117717702093139
2025-02-24 00:00:00+00:00,0.0014075863152840373,2.134138576120782,-0.051775838799071106,-0.33410196889704236,-0.06496762122562495,0.08679423430896803,0.001702806875113927,2.4287856698999315,-0.06047486455585316,-0.4009223626764508,-0.07796114547074992,0.09915390196848067,-0.031156648953943544,2.0517367150654713
2025-02-25 00:00:00+00:00,0.02562963963683762,2.188835778761831,-0.027473195252548765,-0.30491565921827574,-0.05366924619081211,0.37561534264111646,0.030789511233430877,2.5035667935669115,-0.0315473448440049,-0.36589879106193085,-0.06440309542897453,0.45073841116933977,-0.06430449272109684,1.9198008264059365
2025-02-26 00:00:00+00:00,0.017768989479364006,2.2277291786867055,-0.010192376690591809,-0.3097641269925497,-0.053004960519203115,0.35968062712468,0.02132750705772013,2.5569616320261837,-0.010892664006097563,-0.3717169523910595,-0.06360595262304373,0.431616752549616,-0.05226956676606076,1.8194536689325729
2025-02-27 00:00:00+00:00,-0.00029426512615304823,2.2270736356789045,-0.010483642555732198,-0.2576084978066388,-0.07046974982291701,0.3296836270551555,-0.0003627262819894117,2.556034154840209,-0.011251439232571214,-0.3091301973679665,-0.0845636997875004,0.39562035246618654,-0.00013424224805080875,1.819209421381831
2025-02-28 00:00:00+00:00,0.0017004598923100467,2.2308606850735977,-0.008801009677113503,-0.12935916069150608,-0.12271823691974193,0.2943329524370388,0.0019791919310865325,2.56109303701505,-0.009294516059226932,-0.15523099282980726,-0.1472618843036903,0.3531995429244465,-0.00481698358723659,1.8104463194572886
2025-03-01 00:00:00+00:00,0.0007755683172603334,2.2325908699411623,-0.008032267144118643,0.0,-0.1212294520585887,0.18799352668917965,0.0009269871844603816,2.563467137438574,-0.008376144772039074,0.0,-0.14547534247030644,0.22559223202701553,0.007589350478849344,1.8241864310987927
2025-03-02 00:00:00+00:00,-0.011970268742634516,2.205866157235614,-0.019906387490425503,0.0,-0.10005707679790654,0.10367798866055287,-0.014361819021903144,2.5266510863420852,-0.022617667118624896,0.0,-0.12006849215748784,0.12441358639266342,0.10186765183248969,2.0100120193395163
2025-03-03 00:00:00+00:00,0.014077045799792298,2.236918236159232,-0.006109564819044344,0.0,-0.1235242026500039,0.08130999937704568,0.01452800092565365,2.563358275663267,-0.008418255681806763,0.0,-0.12939040879546723,0.08382728874683504,-0.10118723225341553,1.806624466306452
2025-03-04 00:00:00+00:00,-0.004025023220199375,2.2279145883170037,-0.010109996898981621,0.0,-0.1866726604473683,0.19295518020545366,-0.004671331455983974,2.551383979517204,-0.013050262675219804,0.0,-0.2159451103471914,0.22327681538004196,0.02641712390265405,1.8543502886784358
2025-03-05 00:00:00+00:00,-0.003898876676682983,2.2192282240909726,-0.013969455944553899,0.0,0.0,0.12296433997582484,-0.004682827932624534,2.5394362873510703,-0.01767197847326074,0.0,0.0,0.14672321589766904,0.020309540816278115,1.8920112915540275
2025-03-06 00:00:00+00:00,0.0,2.2192282240909726,-0.013969455944553899,0.0,0.0,0.0,0.0,2.5394362873510703,-0.01767197847326074,0.0,0.0,0.0,-0.012649373082319837,1.8680785348511988
2025-03-07 00:00:00+00:00,-0.0005696103994480284,2.217964128615782,-0.014531109196621261,0.0,-0.038398619294081095,0.025595497315608628,-0.0006836229051357945,2.5377002705389042,-0.01834352040913312,0.0,-0.04607834315289731,0.03071459677873035,-0.009640623528406667,1.8500690929752008
2025-03-08 00:00:00+00:00,-0.000394481135976843,2.2170891836067694,-0.014919858084135318,-0.09696817191828887,-0.009749154822575582,0.15785729620401928,-0.0004745215530878033,2.536496077065257,-0.01880933756642722,-0.11636180630194663,-0.011698985787090695,0.18942875544482315,-0.007508793297490213,1.836177306569975
2025-03-09 00:00:00+00:00,0.007205217767091376,2.2330637939837192,-0.007822141143594141,-0.12405222227715368,-0.029675087695061136,0.1324323313149732,0.008650156625151562,2.558437165410954,-0.010321884657240599,-0.1488626667325844,-0.03561010523407337,0.1589187975779678,-0.05199060667232125,1.740713334443453
2025-03-10 00:00:00+00:00,0.013535058871285033,2.263288443898624,0.0,-0.20635834593887456,-0.06357555637930849,0.2550180784960978,0.016235394769162914,2.599974402783499,0.0,-0.24763001512664948,-0.07629066765517019,0.3060216941953174,-0.05719560782426625,1.6411521772321545
2025-03-11 00:00:00+00:00,-0.010797771703283665,2.2388499719827264,-0.010797771703283665,-0.1346474838801408,-0.018695151063861902,0.24178356829024483,-0.012948979498187185,2.566307387546044,-0.012948979498187296,-0.1615769806561689,-0.022434181276634282,0.2901402819482937,0.05153203789736982,1.7257240934246327
2025-03-12 00:00:00+00:00,-1.8109622272777237e-05,2.238809427255408,-0.010815685781989548,-0.05381693640352723,-0.03517201583043707,0.06879235843019908,-2.200124883766641e-05,2.5662509255786166,-0.012970695853304792,-0.06458032368423267,-0.04220641899652448,0.08255083011623889,-0.012219439193910997,1.7046367127995632
2025-03-13 00:00:00+00:00,-0.0007924055043918576,2.2370353823419666,-0.011599520877433989,0.0,0.0,0.03546261995866087,-0.000950986995650327,2.563810454320816,-0.013909347885874057,0.0,0.0,0.04255514395039304,-0.02582746040465389,1.660610275595413
2025-03-14 00:00:00+00:00,-0.002438760605470325,2.231579788578468,-0.014009993028346046,0.0,0.0,0.04011638579018063,-0.0029259608016869443,2.556308845428518,-0.01679461048086983,0.0,0.0,0.04813966294821675,0.04869254305251269,1.7414696129332876
2025-03-15 00:00:00+00:00,0.0,2.231579788578468,-0.014009993028346046,0.0,0.0,0.0,0.0,2.556308845428518,-0.01679461048086983,0.0,0.0,0.0,0.00016157321701637528,1.7417509877809856
2025-03-16 00:00:00+00:00,0.0,2.231579788578468,-0.014009993028346046,0.0,0.0,0.0,0.0,2.556308845428518,-0.01679461048086983,0.0,0.0,0.0,-0.01737380209556738,1.7114901508195197
2025-03-17 00:00:00+00:00,0.0,2.231579788578468,-0.014009993028346046,0.0,0.0,0.0,0.0,2.556308845428518,-0.01679461048086983,0.0,0.0,0.0,0.018200204276269893,1.742639621181259
2025-03-18 00:00:00+00:00,0.0,2.231579788578468,-0.014009993028346046,0.0,0.0,0.0,0.0,2.556308845428518,-0.01679461048086983,0.0,0.0,0.0,-0.022879106940564276,1.7027695829293885
2025-03-19 00:00:00+00:00,0.0,2.231579788578468,-0.014009993028346046,0.0,0.0,0.0,0.0,2.556308845428518,-0.01679461048086983,0.0,0.0,0.0,0.04549601475450071,1.780238812997859
2025-03-20 00:00:00+00:00,0.0,2.231579788578468,-0.014009993028346046,0.0,0.0,0.0,0.0,2.556308845428518,-0.01679461048086983,0.0,0.0,0.0,-0.01845585856195442,1.7473829772586689
2025-03-21 00:00:00+00:00,0.0,2.231579788578468,-0.014009993028346046,0.0,0.0,0.0,0.0,2.556308845428518,-0.01679461048086983,0.0,0.0,0.0,-0.0021167297293521736,1.7436842397621415
2025-03-22 00:00:00+00:00,0.0,2.231579788578468,-0.014009993028346046,0.0,0.0,0.0,0.0,2.556308845428518,-0.01679461048086983,0.0,0.0,0.0,0.005249631033333868,1.752837938659532
2025-03-23 00:00:00+00:00,0.0,2.231579788578468,-0.014009993028346046,0.0,0.0,0.0,0.0,2.556308845428518,-0.01679461048086983,0.0,0.0,0.0,0.007635999196862198,1.7662226077513659
2025-03-24 00:00:00+00:00,0.0,2.231579788578468,-0.014009993028346046,0.0,0.0,0.0,0.0,2.556308845428518,-0.01679461048086983,0.0,0.0,0.0,0.03901310362350685,1.8351284333697504
2025-03-25 00:00:00+00:00,0.0,2.231579788578468,-0.014009993028346046,0.0,0.0,0.0,0.0,2.556308845428518,-0.01679461048086983,0.0,0.0,0.0,-0.0017168827679817644,1.8319777329854645
2025-03-26 00:00:00+00:00,0.0,2.231579788578468,-0.014009993028346046,0.0,0.0,0.0,0.0,2.556308845428518,-0.01679461048086983,0.0,0.0,0.0,-0.022596448687959514,1.790581542144574
2025-03-27 00:00:00+00:00,0.0,2.231579788578468,-0.014009993028346046,0.0,0.0,0.0,0.0,2.556308845428518,-0.01679461048086983,0.0,0.0,0.0,0.004129128048607322,1.7979750826135619
2025-03-28 00:00:00+00:00,0.002327865031486187,2.236774605133271,-0.011714741369721948,-0.050069372763324065,-0.09694641719318896,0.06639070219960723,0.0027936935822319153,2.563450389044194,-0.014047835894154481,-0.06008324731598887,-0.11633570063182674,0.07966884263952867,-0.04399747817247612,1.7188687131616158
2025-03-29 00:00:00+00:00,0.003335323582820404,2.244234972223226,-0.008418490240058585,-0.10419094557821607,-0.06742974378520789,0.17002932392270845,0.004002064667966154,2.573709483274272,-0.010101991573881586,-0.12502913469385926,-0.08091569254224945,0.20403518870725013,-0.017736986104502805,1.6883811626808036
2025-03-30 00:00:00+00:00,0.000497752522299777,2.2453520458412837,-0.00792492804250966,-0.10494702448354144,-0.06732227396250813,0.17223636285096303,0.0005969967327068559,2.5752459794267235,-0.009511025697138242,-0.12593642938024974,-0.08078672875500975,0.20668363542115564,-0.0022589313410362744,1.6845672255568087
2025-03-31 00:00:00+00:00,-0.0005290659519679997,2.2441641065236473,-0.008449801184878591,-0.10745749973469167,-0.0690102200742086,0.17366318831327696,-0.0006365778133388122,2.5736066349723306,-0.010141549002536165,-0.12894899968163,-0.0828122640890503,0.20839582597593231,0.001357112420974138,1.6868533726625778
2025-04-01 00:00:00+00:00,-0.005227292867483246,2.2324332034961545,-0.013632924466896346,0.0,0.0,0.12785754485380127,-0.006270460339292794,2.557468936638796,-0.016348417161029416,0.0,0.0,0.1534290538245615,0.033145241786836976,1.7427645355584205
2025-04-02 00:00:00+00:00,-7.637515636749193e-05,2.2322627010611575,-0.013708258406525897,0.0,0.0,0.00286246916094763,-9.165004793076914e-05,2.5572345444881717,-0.016438568875743798,0.0,0.0,0.0034349629931371573,0.016384134293857766,1.7713182237515823
2025-04-03 00:00:00+00:00,0.0003535719484106803,2.2330519665337363,-0.013359533313749283,0.0,-0.004275917346282261,0.008483986611058727,0.0002676735331990088,2.5579190484939134,-0.016175295512356525,0.0,0.0,0.005848081027162552,-0.057880688811373426,1.6687931048567022
2025-04-04 00:00:00+00:00,-8.052779743250582e-06,2.2330339842580944,-0.013367478512113395,0.0,-0.016647054990182052,0.009783354847030837,3.497121438922335e-05,2.5580085020293484,-0.01614088996769447,0.0,-0.012782802028159984,0.006452023867676365,0.02284273557661476,1.7069129044830218
2025-04-05 00:00:00+00:00,-0.00016558573699476664,2.2326642256800766,-0.013530850785327009,0.0,-0.05705589930181729,0.015523109604007643,-0.00018129161497537627,2.557544756536895,-0.01631925537466039,0.0,-0.06846707916218074,0.01742497291406822,-0.014265266136692989,1.682563337628416
2025-04-06 00:00:00+00:00,0.014495762089493436,2.265028395121258,0.0,0.0,-0.20625516269263675,0.08217151425788792,0.017389826768969385,2.6020200168069576,0.0,0.0,-0.24750619523116404,0.09860581710946548,-0.0526752051647974,1.5939339686160727
2025-04-07 00:00:00+00:00,0.014361355854885405,2.2975572739250145,0.0,-0.15750937860844624,0.0,0.24930989705556703,0.017217682434530923,2.6468207711446325,0.0,-0.18901125433013546,0.0,0.29917187646668036,-0.024407864806163082,1.5550294438001406
2025-04-08 00:00:00+00:00,-0.0026374979756512706,2.2914974712660943,-0.0026374979756513817,0.0,0.0,0.036599192767731735,-0.003164659408931958,2.638444484887473,-0.003164659408931958,0.0,0.0,0.04391903132127808,-0.024005193583551687,1.5177006609735955
2025-04-09 00:00:00+00:00,-0.024101908486723445,2.2362680089160807,-0.02667583772753168,-0.2722402791546786,0.0,0.22760406483606035,-0.028914100377650298,2.562156236210579,-0.031987256506771256,-0.3266883349856143,0.0,0.27312487780327244,0.08192630195659212,1.6420402636042377
2025-04-10 00:00:00+00:00,0.01772752394089827,2.2759115035824053,-0.009421210338591779,-0.03549308356336386,0.0,0.34861818638807046,0.01741555932734684,2.606777620148236,-0.015128773142837226,-0.0326802644914701,0.0,0.3410336259795021,-0.04240036815519721,1.572417151901761
2025-04-11 00:00:00+00:00,-1.774654178166024e-05,2.2758711140238157,-0.009438789686470606,0.0,0.0,0.0,-1.6340132245717953e-05,2.6067350250571875,-0.015144866068929064,0.0,0.0,0.0,0.046169362104105494,1.6450146487666195
2025-04-12 00:00:00+00:00,0.0,2.2758711140238157,-0.009438789686470606,0.0,0.0,0.0,0.0,2.6067350250571875,-0.015144866068929064,0.0,0.0,0.0,0.021428362581655147,1.6802646191125248
2025-04-13 00:00:00+00:00,0.0,2.2758711140238157,-0.009438789686470606,0.0,0.0,0.0,0.0,2.6067350250571875,-0.015144866068929064,0.0,0.0,0.0,-0.01820601548938372,1.6496736954306987
2025-04-14 00:00:00+00:00,0.0,2.2758711140238157,-0.009438789686470606,0.0,0.0,0.0,0.0,2.6067350250571875,-0.015144866068929064,0.0,0.0,0.0,0.017427137889903133,1.6784227863943155
2025-04-15 00:00:00+00:00,0.0,2.2758711140238157,-0.009438789686470606,0.0,0.0,0.0,0.0,2.6067350250571875,-0.015144866068929064,0.0,0.0,0.0,-0.012618839940911175,1.6572430378996275
2025-04-16 00:00:00+00:00,0.0,2.2758711140238157,-0.009438789686470606,0.0,0.0,0.0,0.0,2.6067350250571875,-0.015144866068929064,0.0,0.0,0.0,0.0005196118575758746,1.6581041610330052
2025-04-17 00:00:00+00:00,0.0,2.2758711140238157,-0.009438789686470606,0.0,0.0,0.0,0.0,2.6067350250571875,-0.015144866068929064,0.0,0.0,0.0,0.004851490348773302,1.6661484373675177
2025-04-18 00:00:00+00:00,0.0,2.2758711140238157,-0.009438789686470606,0.0,0.0,0.0,0.0,2.6067350250571875,-0.015144866068929064,0.0,0.0,0.0,-0.0017650503366097858,1.6632076015073003
2025-04-19 00:00:00+00:00,0.0,2.2758711140238157,-0.009438789686470606,0.0,0.0,0.0,0.0,2.6067350250571875,-0.015144866068929064,0.0,0.0,0.0,0.008062265129783919,1.676616822156524
2025-04-20 00:00:00+00:00,0.0,2.2758711140238157,-0.009438789686470606,0.0,0.0,0.0,0.0,2.6067350250571875,-0.015144866068929064,0.0,0.0,0.0,-0.008630031619340728,1.6621475659677947
2025-04-21 00:00:00+00:00,0.0,2.2758711140238157,-0.009438789686470606,0.0,0.0,0.0,0.0,2.6067350250571875,-0.015144866068929064,0.0,0.0,0.0,0.02336704915681853,1.7009870498476505
2025-04-22 00:00:00+00:00,-0.0004801018276329172,2.274778464142516,-0.00991435993392431,0.0,0.0,0.01073897798367425,-0.000259481566189379,2.606058625370245,-0.015400417821551216,0.0,0.0,0.006903815801170144,0.054405242093606976,1.7935296620927021
2025-04-23 00:00:00+00:00,0.0,2.274778464142516,-0.00991435993392431,0.0,0.0,0.0,0.0,2.606058625370245,-0.015400417821551216,0.0,0.0,0.0,0.028758910092222312,1.84510962039256
2025-04-24 00:00:00+00:00,0.0,2.274778464142516,-0.00991435993392431,0.0,0.0,0.0,0.0,2.606058625370245,-0.015400417821551216,0.0,0.0,0.0,-0.0036436747704623462,1.8383866410199983
2025-04-25 00:00:00+00:00,0.0002156780939248648,2.2752690840257634,-0.009700820150252532,0.2711578886251407,0.0,0.04519298143752345,0.00024227985627556237,2.6066900208794452,-0.015161869176292031,0.30460253560532313,0.0,0.050767089267553855,0.02030856805275305,1.875721641226425
2025-04-26 00:00:00+00:00,-0.0026364586902495324,2.2692704310765275,-0.012311703028914489,0.275087312775718,0.0,0.2734338917861619,-0.0029620215015215834,2.5989689489897985,-0.018078980895310237,0.30908851485569233,0.0,0.30721058999699874,-0.005624692937874709,1.8651712829576
2025-04-27 00:00:00+00:00,0.00026562060911117236,2.269873196070668,-0.012049352661860913,0.2788969299944795,0.0,0.2774513666667285,0.0002997836390838948,2.5997480773591928,-0.01778461703890999,0.31368072978757316,0.0,0.3117871571319611,-0.0007915881276143732,1.8636948355140435
2025-04-28 00:00:00+00:00,-0.00021193423141674383,2.2693921322394455,-0.01225873322298221,0.24940073079102887,0.0,0.21299514328779487,-8.816995029714558e-05,2.599518857700427,-0.017871218920406773,0.29928087694923455,0.0,0.25209986834918197,0.0018948878308726602,1.8672263281783192
2025-04-29 00:00:00+00:00,0.0011896744182251506,2.2720919700040922,-0.011083642706072316,0.17579597154183646,0.0,0.2118633014010012,0.0014273654610110764,2.6032293211331554,-0.016469362220028927,0.21095516585020377,0.0,0.2542359616812015,0.007912072106754708,1.881999957526497
2025-04-30 00:00:00+00:00,-0.0020650405235287383,2.2674000080128494,-0.013125795058264722,0.14660425934073962,0.0,0.13493819113807337,-0.00247858576920601,2.596776993983815,-0.018907127262408396,0.17592511120888754,0.0,0.16192582936568803,-0.013993442179953353,1.8556642999381752
2025-05-01 00:00:00+00:00,0.0031802222402161906,2.274610843945798,-0.009987315763413385,0.22768884386114405,0.0,0.16603372075769865,0.0038166945373276917,2.606688098551411,-0.01516259545441978,0.2732266126333728,0.0,0.19924046490923839,0.026479181872767654,1.90480077243104
2025-05-02 00:00:00+00:00,0.0009812011216634442,2.2768426946572258,-0.009015914207179287,0.27880199510187076,0.0,0.24678189636984904,0.0011761222147146366,2.6097538823309496,-0.014004306305051784,0.33456239412224487,0.0,0.29613827564381884,0.0023173541762617766,1.9092148704559797
2025-05-03 00:00:00+00:00,-0.0015744656541010205,2.273257884034697,-0.010576184614020878,0.13245523922193908,0.0,0.18284169290489297,-0.0018894114625973568,2.6048229834311156,-0.015867257870790685,0.15894628706632685,0.0,0.21941003148587157,-0.004129723199491009,1.9013303415126444
2025-05-04 00:00:00+00:00,-0.001323293163552397,2.2702496974177624,-0.011885482384777046,0.0,0.0,0.08010826178647924,-0.0015878551745285296,2.6006869017781438,-0.01742991813780348,0.0,0.0,0.09612991414377509,-0.0075548733020666115,1.8869660316771413
2025-05-05 00:00:00+00:00,0.0,2.2702496974177624,-0.011885482384777046,0.0,0.0,0.0,0.0,2.6006869017781438,-0.01742991813780348,0.0,0.0,0.0,-0.012106011394397043,1.8641223993968177
2025-05-06 00:00:00+00:00,-0.0005612368663858724,2.26897554959167,-0.012440048680273819,0.0,-0.06364842724292764,0.021246993451042796,-0.0006734811771064164,2.598935388102249,-0.018091660593125503,0.0,-0.07637811269151316,0.02549639214125136,0.001148866784782987,1.8662640277042546
2025-05-07 00:00:00+00:00,-0.0030148136913986656,2.2621350110393124,-0.015417357942589471,0.10861427850991574,0.0,0.07725406470466471,-0.003617031449327013,2.589534957068714,-0.021643253937116746,0.13033713421189888,0.0,0.09270487764559765,0.011450043626734852,1.8876328322404743
2025-05-08 00:00:00+00:00,0.010767193646818107,2.2864918567584196,-0.004816165974261599,0.2555862241610635,0.0,0.2226953448883915,0.012930214774249382,2.623018200229039,-0.008992891084687926,0.30670346899327616,0.0,0.2672344138660698,0.08226846024382617,2.0429254788545905
2025-05-09 00:00:00+00:00,0.01979918619430876,2.3317625347621505,0.0,0.35649159101342537,0.08725506970891435,0.42157795500941714,0.023765551584105093,2.685355674572629,0.0,0.4277899092161104,0.10470608365069721,0.5058935460113005,0.03833786236850667,2.121246874692033
2025-05-10 00:00:00+00:00,0.006290580946690882,2.3464306757355327,0.0,0.3360137783195753,0.1225111560027591,0.48062791464382276,0.007549191602249428,2.7056279390801654,0.0,0.40321653398349033,0.1470133872033109,0.5767534975725873,0.018211902775774114,2.159878816537339
2025-05-11 00:00:00+00:00,0.00430272918950636,2.356526731495173,0.0,0.32836534568831127,0.09601400698977114,0.4028040865344203,0.005146854510612808,2.71955341244246,0.0,0.3940384148259736,0.11521680838772537,0.48336490384130437,0.009560599401614578,2.180528552658286
2025-05-12 00:00:00+00:00,-0.004666033369808642,2.3455310991291705,-0.004666033369808642,0.07523315213934703,0.09329517976185825,0.2901859797568535,-0.0055985313213784416,2.7043279074827393,-0.0055985313213784416,0.09027978256721643,0.11195421571422991,0.34822317570822414,-0.02254506827306113,2.131368387567246
2025-05-13 00:00:00+00:00,0.012633768931941791,2.3751639970582517,0.0,0.017144165726927462,0.18573780327805742,0.09140552655175199,0.015053870810739056,2.745038510431861,0.0,0.032267801499480754,0.21791349989416994,0.11080712162671386,0.046861173936125544,2.2312468122989944
2025-05-14 00:00:00+00:00,-0.007308700421761016,2.3578046349512003,-0.007308700421761127,0.07552980594085594,0.09089169044099121,0.2504142632379525,-0.008762758012520688,2.720984402229896,-0.008762758012520688,0.0906357671290271,0.10907002852918944,0.300497115885543,-0.01941016624713099,2.1879379407338897
2025-05-15 00:00:00+00:00,-0.0017694308553046767,2.3536326626793374,-0.009065199037027294,0.0,0.02045462071652981,0.08742341966123786,-0.0021233880018889373,2.715206696596874,-0.010867539279182381,0.0,0.024545544859835764,0.10490810359348542,-0.009191575290866227,2.1678273444198912
2025-05-16 00:00:00+00:00,-0.001103131865385465,2.351036295489724,-0.010158330792488846,0.0,0.15098638003005202,0.07126926217604014,-0.0013239317889321978,2.711611948137728,-0.012177083187395521,0.0,0.18118365603606243,0.08552311461124817,0.011593712047337945,2.1929605104194407
2025-05-17 00:00:00+00:00,-0.0037068546807023095,2.342321345593287,-0.013827530017144873,0.0,0.0,0.03178121245423098,-0.004447463508868044,2.6995521529481747,-0.016570389563143162,0.0,0.0,0.03813745494507717,-0.018280486853618605,2.1528721246382134
2025-05-18 00:00:00+00:00,0.0,2.342321345593287,-0.013827530017144873,0.0,0.0,0.0,0.0,2.6995521529481747,-0.016570389563143162,0.0,0.0,0.0,-0.011916720981205886,2.127216948220684
2025-05-19 00:00:00+00:00,-0.00014773679892654545,2.341975298535632,-0.013973223981049498,0.0,0.0,0.03617423793107468,-0.00017833555470314622,2.6990707268175287,-0.016745770028231854,0.0,0.0,0.043409085517289614,0.03387166826086996,2.199269335009715
2025-05-20 00:00:00+00:00,-0.004354864371294398,2.3317763137495877,-0.018267236857076652,0.0,0.12378772046650767,0.11220007965641764,-0.004693266699843934,2.6864032680548324,-0.02136044436323903,0.0,0.13824955348478324,0.12310755448618844,0.00715469680301406,2.215004440289876
2025-05-21 00:00:00+00:00,0.003502285209348255,2.3399428594447413,-0.014828928721188683,0.24824090476737962,0.030558070102957913,0.25884749050291317,0.003948305989879275,2.6970100101693246,-0.017496475943785672,0.2978890857208555,0.03666968412354949,0.31912629737496706,0.014322841499226024,2.24672959780823
2025-05-22 00:00:00+00:00,0.009824764539928976,2.362932247075674,-0.005149854914324736,0.3791652273084725,0.0,0.41969466041292575,0.010290799513582138,2.7247643994701014,-0.007385729156335175,0.384302299637906,0.0,0.432943709525826,0.028938256541084284,2.3117460352880514
2025-05-23 00:00:00+00:00,-0.006653831133097254,2.3472096949246826,-0.011769419782462043,0.09250990141734876,0.0,0.31637914313201804,-0.007358256584057532,2.704714883887695,-0.014689639650199982,0.1110118817008185,0.0,0.336205638248626,-0.023196245522290826,2.2581222066683275
2025-05-24 00:00:00+00:00,-0.0007144636844322871,2.3455326988379115,-0.012475474643872997,0.07006125536663814,0.0,0.07015264518463597,-0.0008580382891040239,2.7023941349562097,-0.015535073666031018,0.08407350643996575,0.0,0.08418317422156314,0.0011935072662478952,2.2608172919300618
2025-05-25 00:00:00+00:00,-0.001118629500199697,2.3429089167673083,-0.013580148710107043,0.0,0.0,0.046712653134561744,-0.0013423017630392886,2.698766706544431,-0.016856522672299534,0.0,0.0,0.05605518376147408,-0.011112181579098657,2.235694679664969
2025-05-26 00:00:00+00:00,0.0,2.3429089167673083,-0.013580148710107043,0.0,0.0,0.0,0.0,2.698766706544431,-0.016856522672299534,0.0,0.0,0.0,0.010287935150440797,2.2586953615455476
2025-05-27 00:00:00+00:00,0.0021275207991884315,2.3478935042183346,-0.011481519959755548,0.03680589554712601,0.13295342142695035,0.10332761325620089,0.0025533141770177625,2.7056575058367143,-0.014346248493596225,0.04416707465655121,0.15954410571234043,0.12399313590744106,0.020338205584379043,2.3046331721611444
2025-05-28 00:00:00+00:00,-0.004319900556208345,2.337750837763544,-0.01575182149150356,0.0,0.21416335557015978,0.17178804756848695,-0.005034261574392351,2.6920365182216144,-0.019308287300460525,0.0,0.22546722227775184,0.20089085634777767,-0.025965559348670286,2.24479208275248
2025-05-29 00:00:00+00:00,0.002530051375861486,2.343665467487049,-0.013261623033278935,0.0,0.07687891070693342,0.19193602582344685,0.002729790277100408,2.699385213334655,-0.016631204598300253,0.0,0.09225469284832011,0.20388657264106444,-0.0022735549114079046,2.2396884246876483
2025-05-30 00:00:00+00:00,-0.000567231770437826,2.3423360659746124,-0.013821332389804764,0.0,0.0,0.025618037333657185,-0.0006806603747672169,2.6975478487837057,-0.017300544771112758,0.0,0.0,0.03074164480038862,-0.01742230937202094,2.2006678800558057
2025-05-31 00:00:00+00:00,0.0,2.3423360659746124,-0.013821332389804764,0.0,0.0,0.0,0.0,2.6975478487837057,-0.017300544771112758,0.0,0.0,0.0,-0.00383714635804977,2.1922235953145726
2025-06-01 00:00:00+00:00,0.0,2.3423360659746124,-0.013821332389804764,0.0,0.0,0.0,0.0,2.6975478487837057,-0.017300544771112758,0.0,0.0,0.0,0.0013248724243253296,2.19512801190396
2025-06-02 00:00:00+00:00,0.0,2.3423360659746124,-0.013821332389804764,0.0,0.0,0.0,0.0,2.6975478487837057,-0.017300544771112758,0.0,0.0,0.0,-0.0030280141029140895,2.188481133326213
2025-06-03 00:00:00+00:00,0.0002405594693661861,2.3428995370957204,-0.01358409777282421,0.0,0.1399855673287528,0.05704362193712337,0.00026597709065145914,2.6982653347124184,-0.017039169229026263,0.0,0.1628512508766825,0.06281032180923357,0.020892244822953376,2.2342034169540788
2025-06-04 00:00:00+00:00,-0.0003543048341404509,2.342069436463822,-0.013933589695456328,0.0,0.2927961362449336,0.21469528020873238,-0.0003206957906125574,2.6974000123776203,-0.017354400629791544,0.0,0.3309376391545314,0.2465601679460737,-0.008127130155233808,2.216045754991225
2025-06-05 00:00:00+00:00,-0.0016198353457433923,2.3382756696084526,-0.015530854920117965,0.0,0.0,0.1520602814883669,-0.0018386328211486003,2.6924404841830962,-0.019161125080350727,0.0,0.0,0.17112887576756053,-0.03118034365781086,2.1469486867891656
2025-06-06 00:00:00+00:00,0.0,2.3382756696084526,-0.015530854920117965,0.0,0.0,0.0,0.0,2.6924404841830962,-0.019161125080350727,0.0,0.0,0.0,0.012122264213058065,2.172974566022302
2025-06-07 00:00:00+00:00,0.0,2.3382756696084526,-0.015530854920117965,0.0,0.0,0.0,0.0,2.6924404841830962,-0.019161125080350727,0.0,0.0,0.0,0.014027130849344704,2.203455164592195
2025-06-08 00:00:00+00:00,0.0,2.3382756696084526,-0.015530854920117965,0.0,0.0,0.0,0.0,2.6924404841830962,-0.019161125080350727,0.0,0.0,0.0,0.005227495382319258,2.214973716290248
2025-06-09 00:00:00+00:00,0.0013569649680407192,2.341448627777733,-0.014194964778127539,0.18388280727090564,0.0,0.03064713454515094,0.0016283579616489519,2.6968247410817816,-0.01756396828928064,0.22065936872508674,0.0,0.03677656145418112,0.020584759941360442,2.260568418516506
2025-06-10 00:00:00+00:00,0.011674847541271571,2.3687846835327577,-0.002685841286494295,0.1448394218615521,0.183516788435401,0.3117698376162208,0.013395106200799312,2.732948994893515,-0.004404133309023672,0.1955652063432606,0.208644712898546,0.38292911040025673,0.025969547876603993,2.3192743582895092
2025-06-11 00:00:00+00:00,0.0018540352370197688,2.37317649380494,-0.0008367856938608087,0.14608179474801222,0.18163018233584993,0.3283088512581675,0.0018783833286095675,2.7380825207234634,-0.002534022630998778,0.1972748718474212,0.20659960361949323,0.40428470920078735,-0.0006330899419708658,2.3178060490206054
2025-06-12 00:00:00+00:00,-0.010966896688151095,2.347150112374633,-0.01179450543975713,0.0,0.2869124519582784,0.29983531566966104,-0.013155019337432905,2.702062992215859,-0.015655706851719464,0.0,0.34429494234993396,0.365045876780893,-0.024834702537260944,2.2602440252541145
2025-06-13 00:00:00+00:00,-0.005431254587736745,2.3344021425586914,-0.01716170106571402,0.0,-0.07963738820007939,0.09827704628370526,-0.006516664332482769,2.6844545546903644,-0.02207034819776177,0.0,-0.09556486584009527,0.1179324555404463,-0.028143791154282338,2.196632189449648
2025-06-14 00:00:00+00:00,-0.0009091971268695431,2.332279710837719,-0.018055294823282386,0.0,0.0,0.01632612253919186,-0.0010910273730383446,2.6815257412895197,-0.023137296216783843,0.0,0.0,0.01959134704703023,-0.005879055683003842,2.183718066492795
2025-06-15 00:00:00+00:00,0.0,2.332279710837719,-0.018055294823282386,0.0,0.0,0.0,0.0,2.6815257412895197,-0.023137296216783843,0.0,0.0,0.0,0.007787701805032077,2.2007242116209023
2025-06-16 00:00:00+00:00,0.00114049434586172,2.3349396626608976,-0.01693539243907949,0.0,0.13507216487851945,0.02251202747975324,0.0013685932150340197,2.6851956592249877,-0.02180036854836631,0.0,0.16208659785422339,0.027014432975703898,0.035982484189129194,2.279911735770185
2025-06-17 00:00:00+00:00,-0.010523902096184257,2.310366986250557,-0.027281068123274355,0.0,-0.16286440839375446,0.13296351842329188,-0.012624548312770267,2.651296276895861,-0.034149697055161576,0.0,-0.1954372900725053,0.15955622210795026,-0.03925954051608993,2.1904034486066064
2025-06-18 00:00:00+00:00,-8.143220419687403e-05,2.310178847974363,-0.027360278769961166,0.0,0.0,0.0,-9.771864503627103e-05,2.6510371958160928,-0.034244078638073217,0.0,0.0,0.0,-0.009848278921570586,2.1688317444939584
2025-06-19 00:00:00+00:00,-0.0026956498459752565,2.3039514147186453,-0.029982174884684354,0.0,0.0,0.10320991063897478,-0.003234564840681964,2.642462244111166,-0.037367878785990905,0.0,0.0,0.12385189276676976,0.004210031955999227,2.1779625954454636
2025-06-20 00:00:00+00:00,0.0036804571609154735,2.312431009201348,-0.026412065834023002,0.0,-0.12437001453093847,0.026647487608343078,0.004416422729111469,2.6541324744268775,-0.03311648840608861,0.0,-0.14924401743712618,0.031976985130011695,-0.015851030002295596,2.14343964500118
2025-06-21 00:00:00+00:00,0.0018983395080804932,2.3168207883458254,-0.024563865394005235,0.0,-0.15764836057814494,0.15611556520326042,0.002277167861016949,2.660176379596524,-0.030914732348139684,0.0,-0.18917803269377387,0.18733867824391248,-0.010789196752549746,2.1203136529440467
2025-06-22 00:00:00+00:00,0.013819481727877836,2.3488380508971383,-0.011083843555105832,0.0,-0.15406464189396937,0.15597640771782337,0.016596649090081517,2.704326393486411,-0.014831164222553928,0.0,-0.18487757027276322,0.18717168926138802,-0.04713128305916403,2.0203805499929306
2025-06-23 00:00:00+00:00,-0.004984677671602489,2.337129850310621,-0.01601327183922363,0.0,0.0,0.10222509709912982,-0.005979965490945038,2.6881546149771105,-0.020722439863257613,0.0,0.0,0.12267011651895576,0.047156036347117736,2.1156536886434067
2025-06-24 00:00:00+00:00,0.0,2.337129850310621,-0.01601327183922363,0.0,0.0,0.0,0.0,2.6881546149771105,-0.020722439863257613,0.0,0.0,0.0,0.030521807299264125,2.180227262840158
2025-06-25 00:00:00+00:00,0.0014737201284069634,2.3405741256137245,-0.014563150791847779,0.5602759518304494,0.0,0.20732457058979512,0.0017676317193084934,2.6929062823409495,-0.018991437785952803,0.6723311421965393,0.0,0.2487894847077541,0.01451983128222345,2.211883794853501
2025-06-26 00:00:00+00:00,-0.003013525723829069,2.3335207452776587,-0.01753279008614561,0.34264668259596925,0.12416246723875708,0.4383454815698052,-0.0036184823756653106,2.68316204841898,-0.022541199978701187,0.41117601911516316,0.14899496068650844,0.5260145778837663,-0.0011283900051207718,2.2093879272868997
2025-06-27 00:00:00+00:00,-0.004184385564246718,2.3237563947572486,-0.02164381169665497,0.36943548193273495,0.11122087642093592,0.49408132625052265,-0.005022664021474332,2.669685426934601,-0.027450647126041616,0.44332257831928173,0.13346505170512313,0.5928975915006272,-0.006544042517870996,2.1949295987522635
2025-06-28 00:00:00+00:00,0.0019226583442815137,2.3282241843797062,-0.019762767007533988,0.5781216036225277,0.0,0.5733252996963734,0.0023067304879806905,2.6758436717022285,-0.025207237882701405,0.6937459243470334,0.0,0.687990359635648,0.004979249727294466,2.2058587013582813
2025-06-29 00:00:00+00:00,0.0009432672880598236,2.3304203220921016,-0.01883814129111383,0.5809273516507202,0.0,0.581677524506805,0.001125714432454128,2.6788559075424545,-0.024109899601734264,0.6971128219808643,0.0,0.698013029408166,0.001801998842567265,2.209833656184996
2025-06-30 00:00:00+00:00,0.003588340610601648,2.338782663973636,-0.01531739834793533,0.37889280991156865,0.11556741785865532,0.5174298582209573,0.004301705006891421,2.6903795554126706,-0.019911908270675238,0.4546713718938824,0.13868090143038636,0.6209158298651487,0.009910474035852435,2.23173415525817
2025-07-01 00:00:00+00:00,-0.010664152580916908,2.3138415287914182,-0.025818203855727084,0.07758737333270706,0.11058789355913877,0.3766606850939411,-0.012786401787599155,2.655979281456022,-0.03244370839876776,0.09310484799924845,0.1327054722709665,0.45199282211272934,-0.028492509682083278,2.168146448231641
2025-07-02 00:00:00+00:00,0.009586133834915467,2.3360223233591983,-0.016479566778349608,0.3999148560063201,0.053810867906058095,0.16316500674142523,0.011510240367225144,2.6865502413959508,-0.021306902913616477,0.47989782720758417,0.06457304148726971,0.19579800808971026,0.05210129381602657,2.281109683367132
2025-07-03 00:00:00+00:00,-0.0003477977704104962,2.3352098600035047,-0.016821632992177316,0.31297341900099557,0.1579267484313082,0.47099423583162064,-0.00042293320524389166,2.6854140100913084,-0.021720824722117338,0.3755681028011946,0.1895120981175699,0.5651930829979448,7.182831527319244e-05,2.2812735316326416
2025-07-04 00:00:00+00:00,-0.012561469484441257,2.3058761926073044,-0.0291717980471089,0.4471506343186033,0.02325801192518302,0.4724996829499751,-0.015063324610198436,2.6449627471445285,-0.03645696149872524,0.5365807611823238,0.027909614310219613,0.5669996195399701,-0.026319206306364862,2.2212322229123527
2025-07-05 00:00:00+00:00,0.0010934319329607423,2.3083975112697552,-0.028110263489674714,0.19639493389745563,0.0,0.1891142626930328,0.0013121562489410987,2.6484333515414105,-0.035192642479632164,0.2356739206769467,0.0,0.22693711523163937,0.0071272624996716605,2.2370635280377784
2025-07-06 00:00:00+00:00,0.0005564525923242858,2.309682025049016,-0.027569452926340166,0.1806406326029727,0.03361097225730399,0.20398013995866826,0.0006673566899959571,2.65020080125657,-0.03454877183503369,0.2167687591235672,0.04033316670876478,0.24477616795040189,0.006532827952702602,2.2516778791857153
2025-07-07 00:00:00+00:00,-0.001362667324999789,2.3065346968223426,-0.028894552258669104,0.15948244269835612,0.024059968926832844,0.2140041656571079,-0.0016356262076098194,2.645866063370606,-0.03612788916598941,0.19137893123802738,0.02887196271219941,0.2568049987885294,-0.003470937597645385,2.2438624457770633
2025-07-08 00:00:00+00:00,0.0024092554097683294,2.3120917280184803,-0.02655491120524278,0.0,0.21304393029489252,0.11796923306708373,0.0028900594724934336,2.6535127736499993,-0.03334224144180131,0.0,0.25565271635387093,0.14156307968050044,0.011921279393225293,2.2706121569131374
2025-07-09 00:00:00+00:00,0.019249979258943117,2.35659944582761,-0.00781611343622357,0.0,0.3450716657004998,0.34297030781928434,0.023119025317008823,2.71485940264302,-0.010994056248811224,0.0,0.41408599884059977,0.41156436938314117,0.035187805875625866,2.3505100167094333
2025-07-10 00:00:00+00:00,0.008748072041293353,2.377215147552182,0.0,0.3664905084662626,0.1795729005566821,0.5439138461944082,0.010495692205968021,2.743353731315639,-0.0006137542733258838,0.439788610159515,0.21548748066801857,0.6526966154332898,0.016308840204402042,2.388844108970794
2025-07-11 00:00:00+00:00,0.025787721712806633,2.4385181102287263,0.0,0.3336025830902465,0.1735503692891629,0.511760819504605,0.030981243125437707,2.828346240244606,0.0,0.4003230997082956,0.20826044314699543,0.6141129834055259,0.04829018687954578,2.5042018374190955
2025-07-12 00:00:00+00:00,-0.004877010213439337,2.4266254324994843,-0.004877010213439226,0.33386736420317087,0.172053768527092,0.5068882065449899,-0.005855277633438738,2.811785487764481,-0.005855277633438849,0.4006408370438049,0.20646452223251044,0.6082658478539877,-0.008309840115895528,2.483392320532211
2025-07-13 00:00:00+00:00,0.006444153959234145,2.442262980387904,0.0,0.3366266636331181,0.1759283624782019,0.5114929895886875,0.007736104826044254,2.833537755046177,0.0,0.4039519963597416,0.2111140349738423,0.6137915875064249,0.012590626015684503,2.514659784490255
2025-07-14 00:00:00+00:00,0.00218041319506157,2.4475881228161525,0.0,0.20845844699649194,0.17235472138659536,0.4943672714049441,0.0025962491848776637,2.8408943251330356,0.0,0.25015013639579026,0.20682566566391444,0.5932407256859329,0.006318380794867462,2.530548362578204
2025-07-15 00:00:00+00:00,-0.001565416499262784,2.4437566279852962,-0.001565416499262895,0.0,0.1818506079930301,0.21431056583180816,-0.0018839426149405147,2.8355422432493746,-0.0018839426149406258,0.0,0.21822072959163608,0.25717267899816976,-0.015557509535894853,2.4911793322963502
2025-07-16 00:00:00+00:00,0.027769591656915615,2.511618751653329,0.0,0.0,0.2666509247060441,0.24882865306854432,0.03236803451029391,2.9273231724342668,0.0,0.0,0.3079783404049378,0.2904869371101115,0.0485622057228301,2.612156495523788
2025-07-17 00:00:00+00:00,0.0022679290397991103,2.5173149247571076,0.0,0.0,0.23435188556151768,0.25763005080539103,0.0025976624400128046,2.9349273698890785,0.0,0.0,0.27561627446917236,0.298702414625786,0.0014114270135379137,2.615843363765159
2025-07-18 00:00:00+00:00,0.010613364810244663,2.544032106395828,0.0,0.0,0.21405214606620224,0.23295481413039312,0.012396849798319565,2.9713112236625707,0.0,0.0,0.2568625752794426,0.27575183038868417,0.0035334159179114533,2.6250862263454495
2025-07-19 00:00:00+00:00,0.0010733708385251006,2.5467627962711052,0.0,0.0,0.16062183991350787,0.16932832385793692,0.0012872403309587277,2.9751360153054995,0.0,0.0,0.19274620789620941,0.20319398862952429,0.005816783362013744,2.640355784230707
2025-07-20 00:00:00+00:00,0.007444702724321628,2.5657226881987056,0.0,0.0,0.16132063835119445,0.16094445543396144,0.008814757222806335,3.0013611169852448,0.0,0.0,0.1879354440692388,0.19029651472580764,0.015740986000650548,2.6819175876670194
2025-07-21 00:00:00+00:00,-0.0008820603244781289,2.563459566011832,-0.0008820603244782399,0.0,0.16528366888639148,0.16436507968087544,-0.0009914358101535958,2.998385460094663,-0.0009914358101535958,0.0,0.18674829192076592,0.18668488137140518,-0.009983135078046823,2.65514364212115
2025-07-22 00:00:00+00:00,0.0006385854121204737,2.565096553895248,-0.0002440381832135019,0.0,0.0,0.04086443732401141,0.0007734321951464729,3.0007045079429595,-0.0002187704233820309,0.0,0.0,0.04520779763986605,0.009430168478396173,2.6801820940006946
2025-07-23 00:00:00+00:00,0.0,2.565096553895248,-0.0002440381832135019,0.0,0.0,0.0,0.0,3.0007045079429595,-0.0002187704233820309,0.0,0.0,0.0,-0.01148242189192672,2.649407112450191
2025-07-24 00:00:00+00:00,0.0,2.565096553895248,-0.0002440381832135019,0.0,0.0,0.0,0.0,3.0007045079429595,-0.0002187704233820309,0.0,0.0,0.0,0.014546683009566186,2.687947197878294
2025-07-25 00:00:00+00:00,0.0,2.565096553895248,-0.0002440381832135019,0.0,0.0,0.0,0.0,3.0007045079429595,-0.0002187704233820309,0.0,0.0,0.0,-0.01958256279241888,2.635310303093136
2025-07-26 00:00:00+00:00,-7.930489979601774e-06,2.5650762114227303,-0.00025196673785088386,0.0,0.02671785700142022,0.013425056335454747,-6.425843707247303e-06,3.00068522588478,-0.00022519486130467836,0.0,0.02071986766586135,0.010440673326551157,0.01785466810988323,2.68236289392142
2025-07-27 00:00:00+00:00,0.0018433727336943928,2.569804602970715,0.0,0.0,0.3313201711275333,0.1471279872163402,0.0019945710894255786,3.0066703058847963,0.0,0.0,0.35415932541270595,0.15824372851855173,0.0115112901355916,2.7132403514422947
2025-07-28 00:00:00+00:00,0.0010458343668529047,2.5724921929405986,0.0,0.0,0.054621942570411135,0.24682851796005056,0.001177981265505501,3.0102121071766805,0.0,0.0,0.06554633108449336,0.2792451248823824,-0.0077295646187961475,2.6922681848194965
2025-07-29 00:00:00+00:00,-0.0009950616403991974,2.569932404639177,-0.0009950616403991974,0.0,0.054281809396853224,0.059047261480004866,-0.0011944481148828956,3.0066165649998657,-0.0011944481148828956,0.0,0.06513817127622386,0.07085671377600583,-0.006184946030650229,2.6756166513963513
2025-07-30 00:00:00+00:00,-2.2672269847090476e-05,2.56987413843821,-0.0010177113499402202,0.0,0.054343376816393923,0.05439830271981621,-2.7377992120825034e-05,3.006534249875239,-0.001221793405412619,0.0,0.0652120521796727,0.06527796326377945,-0.00380118346229108,2.6654461416296327
2025-07-31 00:00:00+00:00,-0.005943894649724668,2.5545990772962814,-0.0069555568306171045,0.0,0.11109930692055554,0.09680491018557429,-0.006313277479046642,2.987553164905519,-0.00752735736366883,0.0,0.11651274657938948,0.10119483216271181,-0.002540842420469036,2.6586736630035044
2025-08-01 00:00:00+00:00,-0.001485687051613227,2.5508037425250794,-0.008430910101510314,0.0,0.001853244960664242,0.020735714443783037,-0.0014420231587030097,2.9832450440538687,-0.008958525898729697,0.0,0.0,0.019474535550825317,-0.039365841009978086,2.5540127382882925
2025-08-02 00:00:00+00:00,-9.266224803017309e-07,2.550801378892989,-0.008431828911719674,0.0,0.0,0.0,0.0,2.9832450440538687,-0.008958525898729697,0.0,0.0,0.0,-0.018505629511173072,2.5067491247867126
2025-08-03 00:00:00+00:00,0.0,2.550801378892989,-0.008431828911719674,0.0,0.0,0.0,0.0,2.9832450440538687,-0.008958525898729697,0.0,0.0,0.0,0.02208623889875483,2.5621137848159967
2025-08-04 00:00:00+00:00,9.595600342859889e-05,2.5510461435988474,-0.008336681992895167,0.0,0.025154240814647604,0.004192373469107934,7.207933991515425e-05,2.983460074387449,-0.008887092283447973,0.0,0.01889512911336359,0.0031491881855605984,0.01823736733565351,2.6088399950654275
2025-08-05 00:00:00+00:00,-0.0015075665407513483,2.547200271788845,-0.009831680430813172,0.0,0.0,0.0469041957763485,-0.0015106888763116721,2.978952994440152,-0.01038435552830419,0.0,0.0,0.0469041957763485,-0.013081516000972071,2.574712412926003
2025-08-06 00:00:00+00:00,3.049473496719024e-05,2.5472779479860415,-0.009801485510334995,0.0,0.010670357935541415,0.0017783929892569025,4.248837301989994e-06,2.9789656515267557,-0.01038015081243937,0.0,0.001486703028287975,0.00024778383804799586,0.017921978892514234,2.6208563544447574
2025-08-07 00:00:00+00:00,0.002645935918101028,2.5540178822020043,-0.007181483694796542,0.0,0.281714748386577,0.0913242313577362,0.0027571266953703155,2.9871790372491716,-0.007651643507975869,0.0,0.2932518403572047,0.09464289240163713,0.030087697665501345,2.6997118880619992
2025-08-08 00:00:00+00:00,0.014044186352204724,2.5898869852865127,0.0,0.0,0.28164757005828983,0.28114396479561166,0.015095888421089665,3.032273158689303,0.0,0.0,0.30451984205502697,0.3019455488592227,0.01112957104835699,2.7297585233302795
2025-08-09 00:00:00+00:00,0.013034333928775288,2.623644437090526,0.0,0.0,0.2804891710450001,0.2791736993767957,0.014100776318738184,3.0750305642372946,0.0,0.0,0.3034443030450666,0.3018780567162896,0.017078405326790502,2.776378445835975
2025-08-10 00:00:00+00:00,-0.0007829644074703879,2.6215902168784266,-0.0007829644074703879,0.0,0.2850740707781431,0.28281506753688007,-0.0007783451439526967,3.0726371291301144,-0.0007783451439526967,0.0,0.3196484841751225,0.3080156889623525,0.010846322249078222,2.806491941144907
2025-08-11 00:00:00+00:00,-0.0026559056576339612,2.6146275205894214,-0.003436790585504723,0.15428128131272387,0.23935623066218523,0.35906068946423564,-0.0031657009639783906,3.0629100788084713,-0.0039415820999585405,0.1738936681677895,0.2926502740538098,0.42156913295569204,0.001677002364485869,2.811198434766118
2025-08-12 00:00:00+00:00,0.01596258848330634,2.656363743737718,0.0,0.08793802971184266,0.2583324634896859,0.36367144080163055,0.019427938067786865,3.1224161061267623,0.0,0.0942065925888339,0.31534657978891234,0.4305764788315906,0.02543644427821601,2.8827053271070544
2025-08-13 00:00:00+00:00,0.01554705637381626,2.6976623806109696,0.0,0.1512301661708458,0.23491763543938102,0.3526343994923569,0.01864613889517619,3.180637110530137,0.0,0.1701841994570277,0.28727582924593664,0.41718749355591805,0.03506308353962151,2.983781864811521
2025-08-14 00:00:00+00:00,-0.01991473628679552,2.643939145710293,-0.01991473628679552,0.0152468673333655,0.2249641596913512,0.4068122297754601,-0.02340673896686951,3.10618876793562,-0.02340673896686951,0.04019974669557811,0.25852716419182764,0.48519211933011164,-0.04032945361960116,2.8634475724835977
2025-08-15 00:00:00+00:00,-0.004113635380442182,2.6330629440967632,-0.023946449703456163,0.0064811887699118,0.05656590271543393,0.13555046930684897,-0.00435177865610592,3.092671321953482,-0.027656656675930313,0.02979757931414072,0.05656590271543393,0.14544458882957173,-0.01817247051268267,2.8114116559080267
2025-08-16 00:00:00+00:00,2.711055204862589e-05,2.6331343278867565,-0.023919988352878563,0.008174249849504081,0.0,0.009494522140722182,3.323998140092321e-05,3.092774122290703,-0.02762433600128289,0.009809099819404865,0.0,0.011393426568866626,0.007051248626944728,2.8312356184865246
2025-08-17 00:00:00+00:00,-2.2978115229665974e-05,2.6330738234227553,-0.023942416831859492,0.011101853399803444,0.0,0.009048806126006758,-2.7574511456518458e-05,3.092688840555235,-0.027651148785169943,0.013322224079764152,0.0,0.010858567351208123,0.0030547452007205766,2.8398843219042056
2025-08-18 00:00:00+00:00,-0.00020451894895201495,2.632535309931876,-0.024142039102885704,0.0,0.0,0.0034527060268304418,-0.000245421815782354,3.091929827244336,-0.027889784405809026,0.0,0.0,0.004143247232196538,-0.015495696970914685,2.7958783350195264
2025-08-19 00:00:00+00:00,0.0,2.632535309931876,-0.024142039102885704,0.0,0.0,0.0,0.0,3.091929827244336,-0.027889784405809026,0.0,0.0,0.0,-0.0341461898616201,2.7004097425619595
2025-08-20 00:00:00+00:00,0.0,2.632535309931876,-0.024142039102885704,0.0,0.0,0.0,0.0,3.091929827244336,-0.027889784405809026,0.0,0.0,0.0,0.022125653358431308,2.7601580724516164
2025-08-21 00:00:00+00:00,0.0,2.632535309931876,-0.024142039102885704,0.0,0.0,0.0,0.0,3.091929827244336,-0.027889784405809026,0.0,0.0,0.0,-0.019906888284591084,2.7052119140555098
2025-08-22 00:00:00+00:00,0.0,2.632535309931876,-0.024142039102885704,0.0,0.0,0.0,0.0,3.091929827244336,-0.027889784405809026,0.0,0.0,0.0,0.07626150306494495,2.9115154407305797
2025-08-23 00:00:00+00:00,0.0,2.632535309931876,-0.024142039102885704,0.0,0.0,0.0,0.0,3.091929827244336,-0.027889784405809026,0.0,0.0,0.0,-0.012980089932003391,2.87372370847148
2025-08-24 00:00:00+00:00,0.0,2.632535309931876,-0.024142039102885704,0.0,0.0,0.0,0.0,3.091929827244336,-0.027889784405809026,0.0,0.0,0.0,-0.011997560930881113,2.839246033180576
2025-08-25 00:00:00+00:00,0.0,2.632535309931876,-0.024142039102885704,0.0,0.0,0.0,0.0,3.091929827244336,-0.027889784405809026,0.0,0.0,0.0,-0.03909727359926285,2.7282392542056932
2025-08-26 00:00:00+00:00,0.0,2.632535309931876,-0.024142039102885704,0.0,0.0,0.0,0.0,3.091929827244336,-0.027889784405809026,0.0,0.0,0.0,0.014946435471097308,2.7690167061683932
2025-08-27 00:00:00+00:00,0.0,2.632535309931876,-0.024142039102885704,0.0,0.0,0.0,0.0,3.091929827244336,-0.027889784405809026,0.0,0.0,0.0,0.004337327782017342,2.7810268392569277
2025-08-28 00:00:00+00:00,0.0,2.632535309931876,-0.024142039102885704,0.0,0.0,0.0,0.0,3.091929827244336,-0.027889784405809026,0.0,0.0,0.0,-0.012146103479174553,2.7472481994889515
2025-08-29 00:00:00+00:00,0.0,2.632535309931876,-0.024142039102885704,0.0,0.0,0.0,0.0,3.091929827244336,-0.027889784405809026,0.0,0.0,0.0,-0.02878202081953596,2.6681768446148277
2025-08-30 00:00:00+00:00,0.0,2.632535309931876,-0.024142039102885704,0.0,0.0,0.0,0.0,3.091929827244336,-0.027889784405809026,0.0,0.0,0.0,0.005021427458812067,2.6815749010873433
2025-08-31 00:00:00+00:00,0.0,2.632535309931876,-0.024142039102885704,0.0,0.0,0.0,0.0,3.091929827244336,-0.027889784405809026,0.0,0.0,0.0,0.009009743900179279,2.705735204195289
2025-09-01 00:00:00+00:00,-0.003740243117493547,2.6226889878573445,-0.027791985124782426,-0.2645559870113404,0.0,0.23790235464677442,-0.004788035227281995,3.0771255583112063,-0.032544282362874655,-0.34005593643266013,0.0,0.30436375780166713,-0.005746860288316058,2.6901857219996
2025-09-02 00:00:00+00:00,-0.0013156088144828937,2.6192385551072723,-0.029071030558663113,0.07587200054418378,0.0,0.05129971637655581,-0.0018066844353202827,3.071566163459479,-0.03429216954979131,0.0910464006530205,0.0,0.06907859940714613,9.018699977803024e-05,2.690428341778713
2025-09-03 00:00:00+00:00,0.0014623907310469253,2.623068905292662,-0.027651153033247056,0.049135525158521216,0.0,0.10031832144269033,0.001175081766901176,3.075175504853991,-0.033157383886075587,0.036385196502273474,0.0,0.0791434979221334,0.02587164417608534,2.7600341465184672
2025-09-04 00:00:00+00:00,0.00017176649244055042,2.623519460637954,-0.027484136082374988,0.0,0.0,0.01418395388699283,0.00023589929629697082,3.0759009365915757,-0.03292930639330438,0.0,0.0,0.016282126988552043,-0.027848594683125838,2.6831710742604873
2025-09-05 00:00:00+00:00,-0.003019072520457411,2.6155988651274567,-0.03042023200283761,0.0,0.0,0.04320387340979812,-0.0030209083097308964,3.066608921892317,-0.03585073828771812,0.0,0.0,0.04070661480199981,0.013605126453645644,2.7196759560225656
2025-09-06 00:00:00+00:00,0.0,2.6155988651274567,-0.03042023200283761,0.0,0.0,0.0,0.0,3.066608921892317,-0.03585073828771812,0.0,0.0,0.0,-0.015563329698710882,2.6773487424453295
2025-09-07 00:00:00+00:00,0.0,2.6155988651274567,-0.03042023200283761,0.0,0.0,0.0,0.0,3.066608921892317,-0.03585073828771812,0.0,0.0,0.0,0.00970004368339561,2.7033191422027336
2025-09-08 00:00:00+00:00,-0.00023639932211783066,2.6149805393288084,-0.030649440002731287,0.1555218517627655,0.0,0.08960512111633567,-0.00038208899590652656,3.0654372043685134,-0.03621912911102976,0.1654292034065383,0.0,0.09693078009254165,0.005691719873700984,2.7187056774893654
2025-09-09 00:00:00+00:00,-7.776092588140937e-05,2.614777196020908,-0.030724817599780407,0.0,0.0,0.0,-8.271460170328204e-05,3.0651836479511076,-0.03629884786189452,0.0,0.0,0.0,-0.005180650182098345,2.704621014426208
2025-09-10 00:00:00+00:00,-0.0005954090019536507,2.613220334140294,-0.03130193276875182,0.0,0.0,0.03864600035863401,-0.0007144851058521473,3.062993619887945,-0.03698739798158979,0.0,0.0,0.04637520043036081,0.015590595245867256,2.746787665955594
2025-09-11 00:00:00+00:00,-5.189054216392375e-05,2.613084732720362,-0.03135219903665354,0.0,0.07115615786063742,0.01497259222064038,-6.226992050972768e-05,3.0628028875187128,-0.03704736469976733,0.0,0.0853873894327649,0.017967110664768454,0.013033346481704733,2.7825875013176664
2025-09-12 00:00:00+00:00,0.003683009883838073,2.6227087496182775,-0.027784659611747475,0.0,0.07437671343244544,0.07302353178469914,0.0044207364513895175,3.076342731886988,-0.03279040488393403,0.0,0.08925205611893451,0.08762823814163896,0.030380695012402592,2.8671244435405216
2025-09-13 00:00:00+00:00,-0.0009076717587429561,2.620328190954841,-0.028667112019634566,0.0,0.10371404612710756,0.0934457863465898,-0.0010896165378724287,3.0729906979701602,-0.03384429245436138,0.0,0.1244568553525291,0.11213494361590777,-0.004343787067255689,2.854670265462458
2025-09-14 00:00:00+00:00,-0.00050751100858204,2.6189983455518338,-0.029160074153282256,0.0,0.10417436696812042,0.103939706542225,-0.0006093356691233565,3.0711182151270027,-0.03443300558889606,0.0,0.1250092403617445,0.12472764785066996,-0.002657416265939405,2.8470842182651244
2025-09-15 00:00:00+00:00,-0.0019078148322365651,2.614001781662587,-0.03101225696354004,0.0,0.014371629808559258,0.06529457788438232,-0.0022892976717762137,3.064087511347363,-0.03664347586114536,0.0,0.017245955770271108,0.07835349346125879,-0.012248296424471894,2.8122122868143773
2025-09-16 00:00:00+00:00,-7.185814904331345e-06,2.6139829979296243,-0.031019219930106146,0.0,0.0,0.0,-8.622977885175409e-06,3.064061089788514,-0.03665178286314863,0.0,0.0,0.0,0.007917590889038095,2.8344782331945
2025-09-17 00:00:00+00:00,-0.004679073782896892,2.6017519786150736,-0.035553152494262164,0.0,0.0,0.31801821624768084,-0.005142353082678186,3.048304605797926,-0.04160565953723472,0.0,0.0,0.3576315343351828,-0.0031007429061110647,2.825689244920396
2025-09-18 00:00:00+00:00,0.000424199348825427,2.6028556401102074,-0.03514403476957351,0.5843868524801064,0.0,0.3643630777478147,0.0005498734519886472,3.049980787574229,-0.04107866393287807,0.6791618400482037,0.0,0.4335519628093903,0.015329289449725447,2.869005053250757
2025-09-19 00:00:00+00:00,-0.010596886140719852,2.575273475251229,-0.045368503575314634,0.40708804995519215,0.0,0.556694731192595,-0.012269316384698858,3.012559608324228,-0.05284397319312373,0.4555116406229234,0.0,0.6496098425334672,-0.024242652787902497,2.7994527598980614
2025-09-20 00:00:00+00:00,0.000945357048958817,2.5777080281840545,-0.044466035961011396,0.21953172696483284,0.0,0.21928968119722858,0.0010362749343035826,3.01568144833443,-0.05186245914366916,0.2415842026153664,0.0,0.24129526591744488,0.005721356646676723,2.8154694275529617
2025-09-21 00:00:00+00:00,-0.0003744511882771695,2.5767428023498695,-0.04482383678928503,0.0,0.0,0.18318827888649544,-0.0004121932057153943,3.0144384049308246,-0.05225327499609378,0.0,0.0,0.20161303510037362,0.00038805306901745773,2.8165619791050482
2025-09-22 00:00:00+00:00,0.00045520247206676245,2.5779157420433796,-0.04438903823853213,-0.0775907341393248,0.0,0.025865466339553462,0.0005462423477184952,3.016085018842187,-0.051735575599985095,-0.09310888096718976,0.0,0.03103855960746416,-0.04792581171213395,2.6815759600189044
2025-09-23 00:00:00+00:00,0.0013325546392706222,2.5813509556250884,-0.04311563441809896,-0.21819643057300264,0.0,0.19330785862879973,0.0015780676655219317,3.0208446050868867,-0.05023915017347469,-0.25937177741576006,0.0,0.23089689629128837,-0.0011399070597593042,2.678519212650798
2025-09-24 00:00:00+00:00,-0.0012875056417064323,2.5780274517064967,-0.04434762843724638,0.0,0.0,0.0964061476780485,-0.0015438146666079122,3.01618098088001,-0.051705404903206964,0.0,0.0,0.1156873772136582,0.010965301267901628,2.7078899827693768
2025-09-25 00:00:00+00:00,0.0,2.5780274517064967,-0.04434762843724638,0.0,0.0,0.0,0.0,3.01618098088001,-0.051705404903206964,0.0,0.0,0.0,-0.04458898619068208,2.5871479137217865
2025-09-26 00:00:00+00:00,0.00020283999640580141,2.578550378785535,-0.04415378391363345,-0.21393377568715866,0.0,0.20413704881170616,0.00024314392111879357,3.016914346950505,-0.0514748328369794,-0.2567205308245904,0.0,0.24496445857404736,0.007711845810138618,2.607099599520431
2025-09-27 00:00:00+00:00,-0.0008514186890985487,2.5763549528022547,-0.04496760924591359,-0.3502372557064726,0.0,0.3049879144912067,-0.0010068900230663091,3.013876645994115,-0.052429893364423164,-0.4057739573546824,0.0,0.35721849867439204,0.0005341089723949199,2.608492074808462
2025-09-28 00:00:00+00:00,-0.002252308617202048,2.570552206341087,-0.04711863692931606,0.0,0.0,0.3004801576603414,-0.0025283690238826484,3.00625645364058,-0.05482570026999778,0.0,0.0,0.3381795446032258,0.008622656466512169,2.630984205865155
2025-09-29 00:00:00+00:00,0.0008064547141106715,2.5726252402857583,-0.04635018126207946,0.23673433154582227,0.02340277629899117,0.04335618464080224,0.0009679562319926394,3.0091663783098492,-0.05391081291625488,0.2730567067490611,0.03372550711953037,0.05113036897809858,0.036116162258539974,2.726005258343837
2025-09-30 00:00:00+00:00,0.00025285312101241963,2.57327573660696,-0.046109047929058566,0.6166949602507136,0.08683195885741403,0.6260829999777607,0.000282090824438308,3.010015236534379,-0.05364392983747823,0.740033952300856,0.10419835062889683,0.7494595357457977,-0.0007096247108479004,2.7240708176506145
2025-10-01 00:00:00+00:00,0.018244274218454093,2.620223284785312,-0.028705999824974127,0.5407438519606034,0.11647581292752558,0.6966962765951846,0.021902149987887087,3.0759410417107804,-0.03291669724683122,0.6488926223527239,0.13977097551303067,0.8360355319142215,0.03025420668008394,2.8064854191790016
2025-10-02 00:00:00+00:00,0.019466607406770864,2.6712301427883074,-0.00979820084701477,0.480921414184722,0.15676944186199182,0.6386769853071952,0.02339185557925605,3.147893010328785,-0.010294824295719152,0.5771056970216663,0.18812333023439018,0.7664123823686341,0.031682388030167985,2.8954015792304393
2025-10-03 00:00:00+00:00,0.00806373755794687,2.6927702416166293,-0.0018134734092382088,0.46848089714423735,0.15775269011798118,0.6356553725463229,0.009665399302960065,3.17831865323661,-0.000728928580331023,0.5621770765730847,0.1893032281415774,0.7627864470555873,0.011755732621957282,2.929439146029065
2025-10-04 00:00:00+00:00,-0.004037520300519182,2.6818981271014684,-0.005843671774053094,0.47549779525084945,0.16051161847190287,0.628932280979009,-0.004844040543474537,3.1629227488202507,-0.005569438164209073,0.5705973543010193,0.19261394216628344,0.7547187371748109,-0.006840038947714788,2.909401668175266
2025-10-05 00:00:00+00:00,0.0025744219383008193,2.6888024644761663,-0.0032842939125676818,0.4720434046408839,0.16094072712613852,0.6335570611894522,0.0030699590153975276,3.1726327920279975,-0.0025165770957144007,0.5664520855690605,0.19312887255136627,0.7602684734273425,0.0040040305029860335,2.9210510012000785
2025-10-06 00:00:00+00:00,0.019078611753869046,2.7401010827787533,0.0,0.47185715260964606,0.15668726046099743,0.6321599371971021,0.02292586164385302,3.2453681324647823,0.0,0.5662285831315752,0.18802471255319686,0.7585919246365224,0.033708240040307924,3.0195144895185124
2025-10-07 00:00:00+00:00,-0.022079278634654198,2.6796016274849634,-0.022079278634654198,0.45764660872844704,0.1506707996930339,0.6292402085363897,-0.026475381038263524,3.1594457745483395,-0.026475381038263524,0.5491759304741364,0.18080495963164067,0.7550882502436677,-0.036860451236579106,2.908213822919471
2025-10-08 00:00:00+00:00,0.008035167309534463,2.7011326748847058,-0.01422152202302307,0.6700734023190466,0.0,0.6516886096865535,0.009635747421206986,3.189889396022887,-0.01709474370162145,0.8040880827828558,0.0,0.7820263316238641,0.011291624403217293,2.9410522810921225
2025-10-09 00:00:00+00:00,-0.012779087150398882,2.666614665027564,-0.026818871104078434,0.45687548982662834,0.0,0.6339089694706501,-0.01533152785245584,3.1409835179015086,-0.03216418301488522,0.548250587791954,0.0,0.76069076336478,-0.02618219084280482,2.864049088989902
2025-10-10 00:00:00+00:00,-0.001814165414636748,2.661776984928108,-0.0285843826502985,0.21771558584323855,-0.3684899008629518,0.3792131732679243,-0.0019338704796729722,3.1349092625990997,-0.03403585213052285,0.21771558584323855,-0.41906433153752315,0.4439446968103981,-0.05051940885407913,2.7193590220850683
2025-10-11 00:00:00+00:00,0.02166604611672862,2.7194471678360075,-0.007537647086289456,-0.04348384055421924,-0.32460849557918,0.35922344913523085,0.026023016506843133,3.2164890580871717,-0.00889855116549676,-0.052180608665063084,-0.3895301946950159,0.43106813896227697,-0.051457395960033736,2.579427888128147
2025-10-12 00:00:00+00:00,-0.027405046025953284,2.6449205930363133,-0.034736123546915576,-0.2403036520151657,-0.19277546156349656,0.3899514337071159,-0.032830582464802416,3.110889848818506,-0.04143698901244319,-0.2883643824181989,-0.23133055387619586,0.46794172044853904,0.05249204115035622,2.714827322976146
2025-10-13 00:00:00+00:00,-0.006184648085004629,2.628562689955602,-0.04070594093194524,-0.32487132981937294,-0.07973772874708351,0.41234344900044534,-0.007426634060849535,3.0877864083077196,-0.048555885719313796,-0.38984559578324757,-0.09568527449650022,0.4948121388005344,0.017698003825875164,2.762874347324768
2025-10-14 00:00:00+00:00,0.007943644878726897,2.6494430585060806,-0.033085649592436095,-0.28323443642151935,-0.10391925066100176,0.3576142604214403,0.009529481061851586,3.1172114104087307,-0.039489117050865774,-0.3398813237058233,-0.12470310079320208,0.4291371125057282,-0.02823369226432082,2.6848682032374143
2025-10-15 00:00:00+00:00,0.005411123058146616,2.663779520931209,-0.027853557055693035,-0.4126281003582016,-0.02269093996323558,0.4221739758116347,0.006491181936025159,3.1374457968067473,-0.03325426615811089,-0.49515372042984196,-0.027229127955882695,0.5066087709739616,-0.018651990639195093,2.6347900666431574
2025-10-16 00:00:00+00:00,0.01205190592058325,2.6958831411106483,-0.016137339584298638,-0.2798360704427752,-0.1567314510386141,0.42725394269865985,0.014449257236629487,3.18277955819079,-0.01928550836741516,-0.3358032845313302,-0.18807774124633692,0.5127047312383918,-0.02805529363238579,2.5608702576637903
2025-10-17 00:00:00+00:00,0.006356620804748525,2.713019847972603,-0.009883297728084939,-0.26713985921518657,-0.15320675266055747,0.42932831953593825,0.007596405890468505,3.2069572435746934,-0.011835603026309593,-0.3205678310582239,-0.18384810319266895,0.5151939834431257,-0.01515773799297293,2.5220532572641257
2025-10-18 00:00:00+00:00,-0.004223465491422829,2.7015615022671455,-0.014065021452611681,-0.2709787031653348,-0.15458253968284003,0.4224046386457791,-0.005066849657332173,3.190708073364008,-0.01684248346250361,-0.32517444379840166,-0.18549904761940797,0.5068855663749349,0.009882953023910845,2.5469785911294682
2025-10-19 00:00:00+00:00,-0.008164365701469167,2.679504966197626,-0.022114555175342776,-0.3468732498717786,-0.10583058900636416,0.43255548086575185,-0.009793441282222148,3.1594600611988053,-0.026470978871888984,-0.41624789984613425,-0.126996706807637,0.5190665770389021,0.01901276129767715,2.5954036871129067
2025-10-20 00:00:00+00:00,-0.006877414562077799,2.6610768997239385,-0.028839878773623928,-0.5129419929245894,0.0,0.47762144422642233,-0.008254563573045548,3.1333800972671413,-0.03450703606699579,-0.6155303915095073,0.0,0.5731457330717068,0.010104862040050344,2.6216298833094207
2025-10-21 00:00:00+00:00,-0.005477847145496928,2.6464999272248377,-0.034159745471504355,-0.2750561809943437,-0.029866595323215204,0.424495297397578,-0.006624976409940531,3.1126215280393694,-0.040903404177015434,-0.3300674171932124,-0.03583991438785824,0.5093943568770936,0.008018801216299831,2.6426522122063902
2025-10-22 00:00:00+00:00,0.010164447824692724,2.6734001376531675,-0.024342512597361532,-0.20982367855030024,-0.17325548351187367,0.3285581729074714,0.012200570308277925,3.150597285835273,-0.02920187872724711,-0.25178841426036025,-0.20790658021424838,0.3942698074889657,-0.03871905053789171,2.5403312276478998
2025-10-23 00:00:00+00:00,-0.0063111270760548566,2.656527969659296,-0.030500010983063874,-0.19252599575231336,-0.14195529215719135,0.3693206344760957,-0.007572430462857049,3.126739606971819,-0.03655317999405738,-0.231031194902776,-0.17034635058862957,0.44318476137131474,0.01692825227023942,2.5833345955194904
2025-10-24 00:00:00+00:00,-0.004272317450538465,2.6451784388566772,-0.034642022704437725,-0.170103748371347,0.0,0.29053602248585286,-0.005127966849275412,3.110705789920951,-0.041493703348087774,-0.2041244980456164,0.0,0.34864322698302336,0.008813039235076037,2.606101624667133
2025-10-25 00:00:00+00:00,-0.0011916656010759752,2.642026270702384,-0.035792406598705084,0.0655951009190001,-0.058282093213240425,0.084464218782409,-0.001429931137182261,3.1062576948533303,-0.04286430134685548,0.07871412110280013,-0.0699385118558885,0.1013570625388908,0.009894528391859225,2.631887771184472
2025-10-26 00:00:00+00:00,0.0006555455242447383,2.64375823919908,-0.03516032462640806,0.07470466501956886,0.20515679855490462,0.12354598156213152,0.0007865251480372315,3.1087008446466164,-0.04211149004978065,0.08964559802348264,0.2461881582658855,0.1482551778745578,0.020832651567293192,2.686716972085778
2025-10-27 00:00:00+00:00,0.006314183932954354,2.660451414995647,-0.02906814945028713,0.07502862648526372,0.2668253693363384,0.3096393064270308,0.007576909665567344,3.132255190123777,-0.034853655340202905,0.09003435178231645,0.3201904432036061,0.37156716771243686,0.017143722177691112,2.7327773014253043
2025-10-28 00:00:00+00:00,-0.008328195454628262,2.638294655614021,-0.037154259674789025,0.07584440531222963,0.16079869691771975,0.29911463508425834,-0.009989993460854496,3.100963981256713,-0.04449546101212187,0.09101328637467555,0.19295843630126366,0.35893756210111,-0.01923842732046599,2.6802029639288145
2025-10-29 00:00:00+00:00,-8.400966936727983e-05,2.6380730133523094,-0.037235148027085385,0.0,-0.05165039608800684,0.09955664305572637,-0.0001009437017119863,3.1006509584735693,-0.04459191317728983,0.0,-0.061980475305608206,0.11946797166687163,-0.026729762634751464,2.60856177489004
2025-10-30 00:00:00+00:00,0.00927126538400258,2.6625312883614742,-0.02830909958205452,-0.3066540134419397,-0.06768811318177177,0.18062196794769556,0.011251663879951357,3.135538440867363,-0.03384198251617332,-0.34910462849277724,-0.09567888151390908,0.21600852121360678,-0.045077623102158015,2.4909740103628506
2025-10-31 00:00:00+00:00,-0.014364393096574224,2.624285642303522,-0.04226684964402194,0.0,-0.11097300045529411,0.23124208916636355,-0.017195643326593846,3.0816208402013836,-0.050455691181954254,0.0,-0.13316760054635293,0.27987896394530914,0.03886071114710954,2.5877750318545183
2025-11-01 00:00:00+00:00,9.065038201017117e-05,2.6245235347995006,-0.042180030768078414,-0.17571516095652728,-0.04933641713571682,0.2175678907499814,0.00010846884392390344,3.081955100051332,-0.05035269520852226,-0.2108581931478327,-0.0592037005628602,0.26108146889997763,0.0019351687857376287,2.5927828133206745
2025-11-02 00:00:00+00:00,0.0005270990853136759,2.625906918754078,-0.04167516473840105,-0.17622212104024426,-0.05022908482055696,0.22551190508651153,0.0006314030337450927,3.0839010558513706,-0.0497530850192891,-0.21146654524829303,-0.06027490178466834,0.27061428610381383,-0.0029299746667779125,2.5851860253611876
2025-11-03 00:00:00+00:00,0.008837166626968207,2.649112495742016,-0.03320628848643248,-0.3088298813206298,-0.06714267340559747,0.3037683900965175,0.010823585574582628,3.1172799228329238,-0.039468006218012164,-0.35117993703385825,-0.09448862086915288,0.3622693014780736,-0.0378033253696024,2.487457396903509
2025-11-04 00:00:00+00:00,0.02644689764811603,2.7191733027752503,-0.0076375941511909184,-0.3054275065132547,-0.06494673172405553,0.37219783614326346,0.032107011577960254,3.2173664654070633,-0.00862819437265272,-0.3469918777464187,-0.09174828133271308,0.4409958623326937,-0.07700864808385977,2.295901665601773
2025-11-05 00:00:00+00:00,-0.014450182567084635,2.6798807521186054,-0.021977412088417525,-0.32580247149489966,-0.10074902914754132,0.3798581406543,-0.01731507434339108,3.1616575258686064,-0.025793870889032178,-0.3909629657938796,-0.12089883497704956,0.4494985669058403,0.04327613318068302,2.3952594118521073
2025-11-06 00:00:00+00:00,0.011849063796423476,2.711634830117266,-0.010388760049910073,-0.37560230888476714,-0.07794795649823373,0.4490355397855507,0.014229266439038435,3.2066455931931817,-0.011931632311367957,-0.4507227706617205,-0.09353754779788048,0.5388426477426609,-0.027366336156189663,2.3297099376060855
2025-11-07 00:00:00+00:00,-0.009577706156332688,2.685663588511126,-0.019866965715156004,-0.37392461575563446,-0.07735790585041921,0.4528950245651993,-0.011511101742366026,3.1697335695182254,-0.02330538782024527,-0.4487095389067613,-0.09282948702050307,0.5434740294782391,0.023485069922951185,2.3844233383909588
2025-11-08 00:00:00+00:00,0.006070688847362726,2.7019674165056684,-0.013916883034991279,-0.48304043345129016,0.0,0.4714096414449005,0.007287333662711504,3.192832475661202,-0.016187888294718844,-0.5796485201415479,0.0,0.5656915697338804,-0.014142051537316846,2.350702700652653
2025-11-09 00:00:00+00:00,-0.013518571519200995,2.665440676743086,-0.027247318175559365,-0.4807509606571978,0.0,0.482874339124071,-0.016211226993983363,3.1410727436444965,-0.032136689757003234,-0.5769011527886375,0.0,0.5794492069488851,0.037955731737773224,2.439925341753884
2025-11-10 00:00:00+00:00,-0.0045329807337748385,2.6533582855083897,-0.03165678734099742,-0.08638322760723412,0.0,0.23407317606934316,-0.005441315945796665,3.1239811744375965,-0.037403139820380016,-0.10365987312868093,0.0,0.2808878112832117,0.004111485462942044,2.449957059327169
2025-11-11 00:00:00+00:00,0.002305641343562037,2.659475978070741,-0.029424135195132983,-0.08558753374805582,0.0,0.08614152632933886,0.0027669157081495754,3.1326249670211115,-0.03473971544733356,-0.10270504049766697,0.0,0.10336983159520662,-0.02738896264468671,2.382855276948171
2025-11-12 00:00:00+00:00,0.003967427701414117,2.670027256737384,-0.025573445622782298,-0.20481289171417927,0.0,0.20036178258659132,0.004754696153305593,3.147519646901556,-0.030150196085432346,-0.24577547005701508,0.0,0.24043413910390954,-0.016505183146490077,2.343525814190561
2025-11-13 00:00:00+00:00,0.0030839010664296396,2.6782613566418325,-0.022568410532581074,-0.24056036276261886,0.0,0.3409176904396092,0.00316925095993148,3.157494926563902,-0.027076498663386683,-0.28867243531514264,0.0,0.39887435098062385,-0.039015776515659906,2.252091334765422
2025-11-14 00:00:00+00:00,0.007877699006009431,2.699359893468883,-0.014868498671791408,-0.29981749815334147,-0.05698972727898847,0.36158201088610104,0.00876886684898004,3.1851825791512707,-0.018545062025922432,-0.3383107636553367,-0.08025077193944652,0.4243482215615764,-0.017012612676937877,2.21377737717397
2025-11-15 00:00:00+00:00,-0.0006307939583704014,2.697657153556616,-0.015489913671029587,-0.30010590816898625,-0.05707132630172152,0.3559368730931427,-0.0006712645488406999,3.1830444790043013,-0.019203877932069124,-0.33868196052545724,-0.0803737956180729,0.4175583711632053,0.000464155231079566,2.214804913524031
2025-11-16 00:00:00+00:00,0.009295841748397704,2.722734147547511,-0.006338063708814068,-0.23071637315224694,-0.13621321657129362,0.3760636923764038,0.01108825914428846,3.2183389010552976,-0.00832855636286678,-0.2768596477826964,-0.16345585988555228,0.4465002097516397,-0.025073017140222253,2.1592730719649946
2025-11-17 00:00:00+00:00,0.010251580687531181,2.7506464763517906,0.0,-0.37176215779702443,-0.043908043667133356,0.39406527715562994,0.01211615290110557,3.2573327872680595,0.0,-0.4461145893564291,-0.052689652400560026,0.47108383193175857,-0.030418420812980962,2.0935913950118255
2025-11-18 00:00:00+00:00,-0.012114167655388752,2.717324683776561,-0.012114167655388752,-0.3602312256850238,-0.04691628282585903,0.37050763382057667,-0.014530001327816122,3.2100037375439157,-0.014530001327816122,-0.4322774708220285,-0.056299539391030835,0.44460916058469196,0.03270745110788731,2.162067433204068
2025-11-19 00:00:00+00:00,0.01905028801756825,2.769090501639752,0.0,-0.18919361023051892,-0.14960004156427467,0.3141340974698024,0.022891422688550822,3.2834852899318614,0.0,-0.22703233227662267,-0.17952004987712955,0.3769609169637629,-0.0600367015395078,2.0322640360085056
2025-11-20 00:00:00+00:00,-0.0015184604406204283,2.764885747256514,-0.0015184604406204283,-0.18782701822906067,-0.02361752128378582,0.2992370948159209,-0.0018551042863502731,3.2773940822963405,-0.0018551042863502731,-0.22539242187487285,-0.02834102554054298,0.35908451377910505,-0.019660773803268583,1.9923081524880246
2025-11-21 00:00:00+00:00,0.0115065131801666,2.796699941548976,0.0,-0.18390681187207672,-0.10726636916163007,0.3362562590206424,0.013804764136642556,3.32263773458527,0.0,-0.22068817424649204,-0.12871964299395608,0.40350751082477077,-0.030880775892009882,1.9307841309232177
2025-11-22 00:00:00+00:00,-0.0011089491051481382,2.7935985436514272,-0.0011089491051481382,-0.18225142621841606,-0.023441657010491168,0.22511980242104423,-0.00133180240160502,3.3182126376706855,-0.00133180240160502,-0.21870171146209927,-0.0281299884125894,0.27014376290525305,0.002879469492926612,1.9363437649256379
2025-11-23 00:00:00+00:00,-0.005193593024950038,2.7790897297406087,-0.006296782699760639,-0.11085754793372334,-0.023344063071010373,0.16980137526709527,-0.006231511181777227,3.297535158515526,-0.0075550144418248255,-0.13302905752046798,-0.028012875685212445,0.2037616503205143,0.030288668194183188,1.994993038731346
2025-11-24 00:00:00+00:00,-0.0023520617422919665,2.7725531391088896,-0.008634034020364889,-0.12829134748252305,-0.01164075373753244,0.13909697005798002,-0.0028236039427709247,3.2882242252405156,-0.010357286016030143,-0.15394961697902765,-0.013968904485038925,0.166916364069576,0.024172012407577048,2.04321603521659
2025-11-25 00:00:00+00:00,1.0561479877102542e-05,2.7725824213730763,-0.008623563728664463,-0.009687669604094451,0.0,0.007278725748842874,1.2673553960063089e-05,3.288265898727667,-0.010344743725693273,-0.011625203524913344,0.0,0.008734470898611445,-0.015353597898220106,2.011845317792679
2025-11-26 00:00:00+00:00,-0.0015470879304174678,2.7682929925728823,-0.010157310247720153,-0.040606413348530566,0.0,0.0383434527886401,-0.0018564513717126419,3.2821613929894182,-0.012181990583726376,-0.04872769601823667,0.0,0.046012143346368106,0.034378887215257725,2.081010321067618
2025-11-27 00:00:00+00:00,-2.0303206674232577e-05,2.768236787348119,-0.010177407228425195,0.0,0.0,0.0,-2.4363848009079092e-05,3.282081426908098,-0.012206057631568457,0.0,0.0,0.0,0.012070960071663306,2.106130113561944
2025-11-28 00:00:00+00:00,0.0,2.768236787348119,-0.010177407228425195,0.0,0.0,0.0,0.0,3.282081426908098,-0.012206057631568457,0.0,0.0,0.0,-0.0013737969232409108,2.1032367184919876
2025-11-29 00:00:00+00:00,0.0,2.768236787348119,-0.010177407228425195,0.0,0.0,0.0,0.0,3.282081426908098,-0.012206057631568457,0.0,0.0,0.0,-0.009689609300883029,2.0828571764225288
2025-11-30 00:00:00+00:00,0.0,2.768236787348119,-0.010177407228425195,0.0,0.0,0.0,0.0,3.282081426908098,-0.012206057631568457,0.0,0.0,0.0,0.011635411538480245,2.1070920768460817
2025-12-01 00:00:00+00:00,0.0,2.768236787348119,-0.010177407228425195,0.0,0.0,0.0,0.0,3.282081426908098,-0.012206057631568457,0.0,0.0,0.0,-0.07739773460418398,1.94400792349577
2025-12-02 00:00:00+00:00,0.0,2.768236787348119,-0.010177407228425195,0.0,0.0,0.0,0.0,3.282081426908098,-0.012206057631568457,0.0,0.0,0.0,0.08454983290560936,2.1083734685945177
2025-12-03 00:00:00+00:00,0.0,2.768236787348119,-0.010177407228425195,0.0,0.0,0.0,0.0,3.282081426908098,-0.012206057631568457,0.0,0.0,0.0,0.022561664068741383,2.1559418825243943
2025-12-04 00:00:00+00:00,0.0,2.768236787348119,-0.010177407228425195,0.0,0.0,0.0,0.0,3.282081426908098,-0.012206057631568457,0.0,0.0,0.0,-0.008534484148341126,2.137542030703245
2025-12-05 00:00:00+00:00,0.0,2.768236787348119,-0.010177407228425195,0.0,0.0,0.0,0.0,3.282081426908098,-0.012206057631568457,0.0,0.0,0.0,-0.027086542534802582,2.0796434075686734
2025-12-06 00:00:00+00:00,0.0,2.768236787348119,-0.010177407228425195,0.0,0.0,0.0,0.0,3.282081426908098,-0.012206057631568457,0.0,0.0,0.0,-0.0015854710798894889,2.0763461930894906
2025-12-07 00:00:00+00:00,0.0,2.768236787348119,-0.010177407228425195,0.0,0.0,0.0,0.0,3.282081426908098,-0.012206057631568457,0.0,0.0,0.0,0.025851527440070354,2.130022913675229
2025-12-08 00:00:00+00:00,0.0,2.768236787348119,-0.010177407228425195,0.0,0.0,0.0,0.0,3.282081426908098,-0.012206057631568457,0.0,0.0,0.0,-0.010057181460599529,2.1086008867171624
2025-12-09 00:00:00+00:00,-0.002614843984652171,2.760998280036629,-0.012765638881006791,-0.04940093198887046,0.0,0.06677418921210455,-0.0030651191574436742,3.272021456250192,-0.015233763767928732,-0.04940093198887046,0.0,0.0784823293215631,0.051397444600788544,2.2169775839773815
2025-12-10 00:00:00+00:00,-2.4700465994453857e-05,2.7609300820925022,-0.01279002402977214,0.0,0.0,0.0,-2.4700465994453857e-05,3.271940635795479,-0.015258087952859212,0.0,0.0,0.0,-0.0036898701659310307,2.2087972245317253
2025-12-11 00:00:00+00:00,-0.0016481550355890162,2.7563796412747923,-0.014417099122851162,-0.16515609356850633,0.0,0.05775692344861302,-0.0017749286073628356,3.2661331747594122,-0.01700593454342092,-0.17842694109094062,0.0,0.061075392581646494,-0.032523690562676344,2.1369589870853574
2025-12-12 00:00:00+00:00,-0.002472730901381892,2.749563856159872,-0.016854180417723685,0.0,0.0,0.029271915626456396,-0.002957413949073784,3.256473866948846,-0.019913054904458938,0.0,0.0,0.03512629875174768,-0.018898279713133737,2.096574138411923
2025-12-13 00:00:00+00:00,-0.00027654079123806685,2.74880348959553,-0.0171260603405734,-0.06840692028355087,-0.04490730949970507,0.09076130780784397,-0.0003318710676465386,3.255393137489859,-0.020238317405314232,-0.08208830434026103,-0.053888771399646075,0.10891356936941272,0.004297595056675707,2.1055843650651163
2025-12-14 00:00:00+00:00,0.0014435753271828666,2.7527715944923843,-0.015707207771550102,-0.06864283888912157,-0.04488592088967961,0.11383831986034253,0.0017323334703707172,3.2610325639811477,-0.01854104344956875,-0.08237140666694587,-0.05386310506761554,0.13660598383241104,-0.013037531183982987,2.0781327432450727
2025-12-15 00:00:00+00:00,0.004059965946044075,2.7639477534232606,-0.011711012554165956,-0.09642734125239298,-0.021260337845611845,0.11899692219004358,0.004871341305856758,3.276918166609813,-0.013760021894521635,-0.11571280950287155,-0.02551240541473421,0.1427963066280523,-0.03746483636980613,2.00027584006466
2025-12-16 00:00:00+00:00,-0.005607899687880669,2.7484478116795197,-0.0172532380583994,-0.3120299488838848,-0.06897834527376698,0.3545522685761875,-0.006730857716682692,3.2548616966811497,-0.020398262861653804,-0.37443593866066166,-0.08277401432852034,0.42546272229142496,0.01373845139537222,2.0277565324707254
2025-12-17 00:00:00+00:00,0.0049741943217453954,2.7621191251779895,-0.012364864695435851,0.0,-0.12338383589198315,0.17575988960896594,0.005970213235498623,3.274293915062393,-0.01454983160507295,0.0,-0.14806060307037974,0.21091186753075908,-0.026867491619708472,1.973275800827759
2025-12-18 00:00:00+00:00,-0.0014786064575622593,2.7580350380029452,-0.013825188384212539,-0.08237641249792395,-0.09530757407713715,0.22764915494724489,-0.0017905605259386226,3.268431093627761,-0.01631433977688046,-0.09885169499750873,-0.11436908889256454,0.2731789859366938,-0.013815776616745157,1.9460134631602939
2025-12-19 00:00:00+00:00,-0.00733937209089186,2.7377927926193246,-0.021063092273325923,0.0,0.0,0.07360282361181282,-0.008803353089017474,3.2396579406634323,-0.024974071972427958,0.0,0.0,0.0883233883341754,0.048698726020264704,2.0407818396344837
2025-12-20 00:00:00+00:00,0.0,2.7377927926193246,-0.021063092273325923,0.0,0.0,0.0,0.0,3.2396579406634323,-0.024974071972427958,0.0,0.0,0.0,0.001668092688050793,2.044186052899085
2025-12-21 00:00:00+00:00,0.0,2.7377927926193246,-0.021063092273325923,0.0,0.0,0.0,0.0,3.2396579406634323,-0.024974071972427958,0.0,0.0,0.0,0.003620376708808992,2.051586776473473
2025-12-22 00:00:00+00:00,0.0,2.7377927926193246,-0.021063092273325923,0.0,0.0,0.0,0.0,3.2396579406634323,-0.024974071972427958,0.0,0.0,0.0,-0.004541262142665592,2.042269983113081
2025-12-23 00:00:00+00:00,0.0,2.7377927926193246,-0.021063092273325923,0.0,0.0,0.0,0.0,3.2396579406634323,-0.024974071972427958,0.0,0.0,0.0,-0.00627859384956464,2.0294473993579567
2025-12-24 00:00:00+00:00,-0.0014645352838049686,2.7337831984747867,-0.022496779915310627,-0.22164111621567284,0.0,0.12136620023482314,-0.0017575732375537667,3.2339640045680937,-0.026687751449450237,-0.26596933945880746,0.0,0.14563944028178777,-0.0010421028997816828,2.0273325063381313
2025-12-25 00:00:00+00:00,-0.001738143808990955,2.7290314901332344,-0.02419582108556939,-0.07269322954810746,0.0,0.17897543952476327,-0.0020859294152589802,3.2272181839230765,-0.028718012098933654,-0.08723187545772894,0.0,0.21477052742971592,0.00538636639000778,2.0382524620116413
2025-12-26 00:00:00+00:00,-0.000762945396219683,2.7269493881216986,-0.024940306391484146,-0.05123355904772462,-0.11630940047792333,0.06410110909228615,-0.0009924217411927394,3.2240154224337787,-0.029681933460555587,-0.0814712044798447,-0.12622888086274986,0.07802941989604621,-0.008224616756086323,2.0214886166594463
2025-12-27 00:00:00+00:00,-0.0002545737462027464,2.726255178400259,-0.02518853099045737,-0.01941836509144464,-0.14656468261464725,0.15969739898367324,-0.0002973797212844076,3.223056665626039,-0.02997048637674027,-0.04321100010515022,-0.16245324779966003,0.19854859831460417,0.0009542447232722129,2.0234176115050486
2025-12-28 00:00:00+00:00,-0.00045747130403783753,2.7250079948886565,-0.02563447926437623,-0.07605671890168016,-0.05046510084809144,0.1494631390721675,-0.0005092203803928053,3.221415419484741,-0.030464445174659738,-0.09126806268201619,-0.060558121017709736,0.18313803360903066,0.00014438441053665763,2.0237097614641555
2025-12-29 00:00:00+00:00,-0.003144649238406405,2.7164388005728783,-0.028698517057087036,-0.33281581774041297,0.0,0.1263188878618525,-0.0038822587421618593,3.2089090513103113,-0.03422843305821721,-0.3593596308327591,0.0,0.14491277369160024,-0.002099357575457983,2.0194612710458975
2025-12-30 00:00:00+00:00,-0.008714677124607495,2.6927659134971296,-0.03716309587158706,-0.0719203753738258,0.0,0.34521375506904156,-0.00959547192574095,3.178118054596207,-0.04349546701548601,-0.08630445044859096,0.0,0.3775166654569218,0.01083000380179966,2.041332044288912
2025-12-31 00:00:00+00:00,-3.5960187686923106e-05,2.692669081129483,-0.0371977196673714,0.0,0.0,0.0,-4.315222522432993e-05,3.177980911730126,-0.043536742314521315,0.0,0.0,0.0,-0.004520183012046153,2.0321048498603718
2026-01-01 00:00:00+00:00,-0.002769225352697635,2.6852124736435945,-0.03986393615170358,-0.3345313644574417,0.0,0.2849018191531372,-0.003322662491668016,3.1674215537554833,-0.04671474690549149,-0.40143763734893007,0.0,0.3418821829837646,0.008937270017054022,2.0502663196065387
2026-01-02 00:00:00+00:00,-0.0029203585757467954,2.677370690368487,-0.04266787773964675,0.0,0.0,0.1275469530124116,-0.0034342252967412,3.156543914530133,-0.049988543236678895,0.0,0.0,0.15146423541639178,0.02579205786572425,2.103146907161976
2026-01-03 00:00:00+00:00,0.0,2.677370690368487,-0.04266787773964675,0.0,0.0,0.0,0.0,3.156543914530133,-0.049988543236678895,0.0,0.0,0.0,0.0010254362265125216,2.1053035501902575
2026-01-04 00:00:00+00:00,0.0,2.677370690368487,-0.04266787773964675,0.0,0.0,0.0,0.0,3.156543914530133,-0.049988543236678895,0.0,0.0,0.0,0.00930390038592055,2.1248910847033526
2026-01-05 00:00:00+00:00,0.0,2.677370690368487,-0.04266787773964675,0.0,0.0,0.0,0.0,3.156543914530133,-0.049988543236678895,0.0,0.0,0.0,0.03182186379735685,2.1925090793850006
2026-01-06 00:00:00+00:00,0.0,2.677370690368487,-0.04266787773964675,0.0,0.0,0.0,0.0,3.156543914530133,-0.049988543236678895,0.0,0.0,0.0,-0.01216025439705315,2.1658476112118303
2026-01-07 00:00:00+00:00,0.0,2.677370690368487,-0.04266787773964675,0.0,0.0,0.0,0.0,3.156543914530133,-0.049988543236678895,0.0,0.0,0.0,-0.016302329997950116,2.1305392487285832
2026-01-08 00:00:00+00:00,-0.000159069732242334,2.6769448017296567,-0.04282016030400171,0.0,-0.08873926316397289,0.014789877193995481,-0.0001908836786908008,3.1559413818157784,-0.0501698849183444,0.0,-0.10648711579676745,0.017747852632794575,-0.007466160251655696,2.1146323012751336
2026-01-09 00:00:00+00:00,0.0007561077726652154,2.6789688605012403,-0.04209642918736911,0.0,-0.0898697466182567,0.08920483602046307,0.0009071888405514095,3.1588044166187963,-0.04930820963752258,0.0,-0.10784369594190801,0.10704580322455566,-0.00679860283855549,2.1002557561091835
2026-01-10 00:00:00+00:00,-0.0007513782349862774,2.6769559416072535,-0.042816177081693385,0.0,-0.2611702918964245,0.2382219707619454,-0.0009016499647064302,3.1559562807280375,-0.05016540085674959,0.0,-0.31340435027570934,0.2858663649143344,0.0037742335221946366,2.108182611789073
2026-01-11 00:00:00+00:00,-0.0025595026351724615,2.670104265820469,-0.04526609159879724,0.0,-0.26524357170581875,0.26175373734981694,-0.0030710334755289503,3.146264233342616,-0.05308237470693411,0.0,-0.31829228604698245,0.31410448481978026,0.003772989474489785,2.1161367625936554
2026-01-12 00:00:00+00:00,-0.0010742886326861045,2.6672358031596115,-0.04629175138383268,0.0,-0.1438943123888786,0.14915176180330023,-0.0012900049977065953,3.142205536757498,-0.05430390317597866,0.0,-0.17267317486665432,0.17898211416396023,0.007893773508030666,2.1328410669095867
2026-01-13 00:00:00+00:00,-0.005150603352875427,2.6534979294889482,-0.05120392428681997,0.0,-0.09458842009994249,0.19056959789971248,-0.006125842525896541,3.1229568804553214,-0.06009708854247764,0.0,-0.10563606891517623,0.22737184494552917,0.027650701109296127,2.191815617764336
2026-01-14 00:00:00+00:00,0.004467026094760573,2.6653511739823683,-0.04696562745800292,0.33135187601691823,0.10129998631086247,0.20083752190058102,0.005939563514875124,3.141505881201002,-0.05451447550205968,0.3790036389629883,0.1362747046490547,0.24970040337031774,0.03645974540279906,2.2717286571579027
2026-01-15 00:00:00+00:00,-0.008247706226189533,2.6433681405097325,-0.05482597498619013,0.33680625093157096,0.1022852018847522,0.4358535683363103,-0.009848679881021227,3.1105661954327077,-0.06382625976497935,0.38497101828309405,0.13687909276024474,0.518518956824093,-0.018954814769674977,2.2286684612545122
2026-01-16 00:00:00+00:00,-0.0012109712110145443,2.640167097791462,-0.05597055351988067,0.3864520180844162,0.05656038397652809,0.3248210614888109,-0.001490877793840717,3.1059287213656654,-0.06522198040547256,0.44463431647549445,0.08209768887936196,0.3913175491442893,-0.005056833990197185,2.21739845482676
2026-01-17 00:00:00+00:00,0.0022599398859144415,2.64613371672124,-0.05383710372030248,0.27653250135670443,0.06203140642804594,0.4296226006039292,0.0028179454827359507,3.1146810591757377,-0.0625878269077953,0.312831119744332,0.08876313916327526,0.5107148513703638,0.006533921275246213,2.2318867617664506
2026-01-18 00:00:00+00:00,0.00042767261014042823,2.647265395634651,-0.053432455764832465,0.19852543921404375,0.06358610748995476,0.34944206551468926,0.00062230591095358,3.1166193436095977,-0.06200446977148033,0.23823052705685246,0.07630332898794571,0.4154972419485927,0.0034580892936577623,2.2396048254819716
2026-01-19 00:00:00+00:00,-0.007750556470198178,2.626747615694183,-0.0607688809692839,0.08133451662967157,0.0,0.17747205836335891,-0.00929825896965264,3.087640209842887,-0.07072619512392164,0.0976014199556059,0.0,0.21296647003603067,-0.027876071931600688,2.177173440268476
2026-01-20 00:00:00+00:00,-4.269004450185854e-05,2.626635479721574,-0.060808976787552815,0.0,0.0,7.685020467665702e-05,-5.1228047059370674e-05,3.0874820360649147,-0.07077380000612887,0.0,0.0,9.222024561198842e-05,-0.04957409932987278,2.069242027882246
2026-01-21 00:00:00+00:00,-0.009647736653810801,2.601294392327664,-0.06987004444712974,0.0,-0.15319741437234866,0.21107219121652812,-0.011573465998463872,3.0517491676996493,-0.08152816783663974,0.0,-0.1838368972468183,0.25328662945983377,0.010919758499744026,2.0918376511042407
2026-01-22 00:00:00+00:00,-0.0016718375652129414,2.5969454506443927,-0.07142507064735282,0.0,0.0,0.025448078673523555,-0.0020061479177034824,3.045626907461515,-0.08337075819020368,0.0,0.0,0.03053769440822827,-0.014603157190047344,2.061290217069106
2026-01-23 00:00:00+00:00,-0.0007012466904935399,2.595124351241736,-0.07207623074343672,0.0,0.0,0.025666949189939742,-0.0008414844915136666,3.04306405965195,-0.08414208748165442,0.0,0.0,0.030800339027927694,0.0015211592006945107,2.064425767648102
2026-01-24 00:00:00+00:00,-1.4842054292585338e-05,2.5950858342652188,-0.07209000303839941,0.0,-0.1560988181563771,0.05190329991384104,-1.7815699319911893e-05,3.043009845337652,-0.08415840413084363,0.0,-0.18731858178765257,0.06228395989660925,-0.004281152327862192,2.0555876464672367
2026-01-25 00:00:00+00:00,0.007570258539996821,2.61473130496409,-0.0650654844595524,0.0,-0.1573620375287368,0.18584112150941703,0.009086928833517804,3.0706614592419292,-0.07583621672640517,0.0,-0.18883444503448413,0.22300934581130047,-0.03667811825405132,1.9801925596885444
2026-01-26 00:00:00+00:00,-0.008096949650746588,2.5935599572375647,-0.07263560215862863,-0.24264406574564976,-0.09481078670463271,0.32541498155896725,-0.009711956535197963,3.0408393286154642,-0.08481165522096246,-0.2911728788947798,-0.11377294404555921,0.39049797787076074,0.023751941952542932,2.027225978421124
2026-01-27 00:00:00+00:00,-0.0014179033073550285,2.589882539996374,-0.07395051520545115,-0.3911511237964127,0.0,0.3670844418362984,-0.0017026714377172958,3.0356617783439432,-0.08636992027574941,-0.46938134855569524,0.0,0.44050133020355803,0.009967472287490953,2.0474322971815186
2026-01-28 00:00:00+00:00,-0.003806257324044271,2.5800247806100987,-0.07747529783937779,0.0,0.0,0.07921568994116367,-0.004567422736432514,3.021796627717416,-0.0905428550745706,0.0,0.0,0.09505882792939639,0.012586389574909429,2.073202077702097
2026-01-29 00:00:00+00:00,0.005654160250089246,2.5946126541688694,-0.07225919533869574,-0.39584637238958065,-0.13771228153467555,0.08892644232070936,0.0067849923001070955,3.0422994945689683,-0.08437219534897422,-0.4750156468674968,-0.16525473784161065,0.10671173078485124,-0.06620985414933245,1.935935670515348
2026-01-30 00:00:00+00:00,0.001904949450100224,2.5995552601176515,-0.07049189600302075,-0.33761962129628315,-0.17035209230943993,0.5125827227925878,0.002255928429211629,3.0491627044889427,-0.08230660455388528,-0.40514354555553966,-0.2044225107713279,0.6150992673511052,-0.004498578930302477,1.9272267110975467
2026-01-31 00:00:00+00:00,0.046259243667780225,2.719808720323294,-0.02749355412904797,-0.26277951487288825,-0.18136729610764254,0.4676515512461368,0.055678999329639156,3.2189370326681432,-0.03121035460402677,-0.3153354178474658,-0.21764075532917104,0.5611818614953641,-0.09427120224817476,1.7455447320375852
2026-02-01 00:00:00+00:00,0.00468955472241106,2.7325634121517406,-0.022932931933238754,-0.2992508663956491,-0.09064422985459601,0.38864220004032063,0.0056143780852973,3.2370093622023073,-0.025771203249652652,-0.35910103967477885,-0.10877307582551517,0.46637064004838463,-0.014559215476675935,1.7201309701596734
2026-02-02 00:00:00+00:00,-0.004448897278610864,2.720406518223787,-0.02727980295338117,-0.21888320706374711,-0.08806863861438874,0.36257678174751895,-0.00535213832607373,3.2196844403330047,-0.03098541053110493,-0.26265984847649654,-0.1056823663372665,0.4350921380970227,0.01082325143805174,1.7387483801560915
2026-02-03 00:00:00+00:00,0.009539982191592467,2.746359147961534,-0.01800006959615419,-0.08845119061663148,-0.11532992735597164,0.20395940500424312,0.011449382795841734,3.2565478399721925,-0.019890791561520182,-0.10614142873995776,-0.13839591282716593,0.2447512860050917,-0.044317195173886215,1.6616919288344354
2026-02-04 00:00:00+00:00,0.003722400447611518,2.7565821964832082,-0.014344672615664411,-0.20569173519187336,-0.08393623106527405,0.3945651825847232,0.004446751878917965,3.2710289001983752,-0.015532489097351498,-0.24683008223024808,-0.10072347727832887,0.4734782191016678,-0.01535587338735045,1.6361751979664716
2026-02-05 00:00:00+00:00,0.050260970595322974,2.8951306932042415,0.0,-0.3026176324889756,-0.09403117999773064,0.4119257583687907,0.06053847425204406,3.4690519990507265,0.0,-0.36314115898677063,-0.11283741599727676,0.49431091004254873,-0.11509375439309177,1.4478616515876501
2026-02-06 00:00:00+00:00,-0.00981383129265867,2.866718369010937,-0.00981383129265867,-0.1437343469072361,0.0,0.2434230933621,-0.009904616886121764,3.434692368042094,-0.009904616886121764,-0.15314722681194134,0.0,0.27905554638938135,0.07853822361501361,1.561574133743644
2026-02-07 00:00:00+00:00,0.0012371347355479845,2.870264885882274,-0.008588837588691667,-0.07010017878982383,0.0,0.07016915907833013,0.001130312692074087,3.438574644419062,-0.00878549950822416,-0.06501552074772977,0.0,0.06494844759612127,-0.009430458697960331,1.5468477733715713
2026-02-08 00:00:00+00:00,-0.001990081936083965,2.8645528235811035,-0.010561827034238469,-0.07052755429572938,0.0,0.07040286206604511,-0.0018467554788152984,3.432224437855166,-0.01061603031768854,-0.06551230110097321,0.0,0.06533999224250445,0.024013206273981957,1.5839925480279926
2026-02-09 00:00:00+00:00,0.00029150563180913025,2.8653878568617923,-0.01027340023449197,-0.07070838995860852,0.0,0.07058486352722501,0.00026896371502860283,3.4331475816907835,-0.010349921929613037,-0.06582167455813452,0.0,0.06562955687759986,-0.0024541313819957944,1.5801052222070295
2026-02-10 00:00:00+00:00,0.0019086694508427815,2.8708569351290003,-0.008384339308832978,0.0,0.0,0.03534984373327937,0.0017771179095571465,3.439248689744359,-0.008591197051679433,0.0,0.0,0.032914970508934854,-0.03363518119726705,1.5269580967473482
2026-02-11 00:00:00+00:00,-0.0008077853366937893,2.8685378989930572,-0.009185351899175354,-0.047149180504727,0.0,0.007858196750787834,-0.0009693424040324583,3.4359148801513766,-0.009552211644108355,-0.05657901660567239,0.0,0.009429836100945398,-0.025461540349087097,1.4880793915556503
2026-02-12 00:00:00+00:00,0.0012302735801481557,2.872066985383842,-0.007966378814793118,-0.046608187755608564,0.0,0.04677360018759502,0.0014762673786572478,3.440987209204787,-0.008090045883895391,-0.05592982530673027,0.0,0.05612832022511403,-0.022422818981444603,1.4547124567287797
2026-02-13 00:00:00+00:00,-2.3304093877851706e-05,2.872000054465191,-0.007989497259431322,0.0,0.0,0.0,-2.796491265333323e-05,3.4408909822980402,-0.008117784559122265,0.0,0.0,0.0,0.054132999797097625,1.533460405853714
2026-02-14 00:00:00+00:00,0.0,2.872000054465191,-0.007989497259431322,0.0,0.0,0.0,0.0,3.4408909822980402,-0.008117784559122265,0.0,0.0,0.0,0.014303768016582286,1.5553946677616597
2026-02-15 00:00:00+00:00,0.0,2.872000054465191,-0.007989497259431322,0.0,0.0,0.0,0.0,3.4408909822980402,-0.008117784559122265,0.0,0.0,0.0,-0.03678181093772437,1.4981844351585056
2026-02-16 00:00:00+00:00,-0.0002660934865741371,2.871235833957257,-0.00825346479282374,0.0,-0.03348371113539788,0.03382474529658878,-0.0003193389718724182,3.439792171709428,-0.008434531206019669,0.0,-0.04018045336247745,0.04058969435590653,0.0003497609541438518,1.4987084415760301
2026-02-17 00:00:00+00:00,-0.0004580222103939269,2.8699207441740255,-0.008707706733029896,0.0,-0.0345176477606693,0.03493429814521234,-0.0005496775430930967,3.437901395199732,-0.00897957247672232,0.0,-0.04142117731280315,0.04192115777425481,0.0035301625358845623,1.5039991259686958
2026-02-18 00:00:00+00:00,-0.0002627051205250641,2.86916680129903,-0.008968124294408075,0.0,0.0,0.013549773235102437,-0.0003152488756082983,3.436817600650443,-0.009291990552203866,0.0,0.0,0.01625972788212292,-0.026548056195900727,1.4640708726538934
2026-02-19 00:00:00+00:00,-0.0016926684641591638,2.864310253136059,-0.010645612697391393,-0.07159189242879048,-0.18053323900956061,0.22947654101078774,-0.002034093119693159,3.42982679361532,-0.01130718289784649,-0.08591027091454856,-0.21663988681147273,0.2753718492129453,0.009225712990572177,1.4775779703228547
2026-02-20 00:00:00+00:00,-0.0032563488086356784,2.8549830598556962,-0.01386729567780276,-0.028323234377834572,-0.19761723635032954,0.2361267439835405,-0.00390751746534046,3.4164246855161755,-0.01517051734852981,-0.033987881253401485,-0.2371406836203955,0.2833520927802486,0.010542944114379615,1.493155992288607
2026-02-21 00:00:00+00:00,-0.0013816179161766362,2.851038564109819,-0.015229754289821984,0.0,-0.028993908887971587,0.1006486551101035,-0.0016578660563369985,3.4107607109960263,-0.01680323271909767,0.0,-0.034792690665565895,0.12077838613212417,0.01247516077442068,1.511783353353697
2026-02-22 00:00:00+00:00,0.00019887923510442107,2.8516055764787023,-0.015033903936601534,0.0,0.0,0.010761544901632976,0.00023865282772783658,3.4115746986844084,-0.016568590030373143,0.0,0.0,0.012913853881959573,-0.018012128316789777,1.4845529176059036
2026-02-23 00:00:00+00:00,0.001631644040082536,2.85625838172223,-0.013426789876276435,0.0,0.0,0.09787017231204283,0.001985471879764278,3.4183482843143618,-0.014616014620201567,0.0,0.0,0.11823348436848312,-0.045860916574064214,1.4164699601017956
2026-02-24 00:00:00+00:00,-5.33708584793402e-06,2.8562431376260426,-0.013432055302194046,-0.121754723754755,0.0,0.12472066745283057,-7.701656061120943e-06,3.418321957371579,-0.014623603708744937,-0.14610566850570597,0.0,0.14966480094339668,0.0008720780116400206,1.417705232408149
2026-02-25 00:00:00+00:00,-0.00724464485171894,2.8355506704837827,-0.020579389683619942,-0.09399639581223775,0.0,0.10935847377019507,-0.00766902614558862,3.3921067569064567,-0.022180481055148582,-0.09399639581223775,0.0,0.1187936219344316,0.08562463191050118,1.5390957210906882
2026-02-26 00:00:00+00:00,-4.6998197906100714e-05,2.8354174047121985,-0.02062542068729689,0.0,0.0,0.0,-4.6998197906100714e-05,3.391947334001777,-0.02222643681041636,0.0,0.0,0.0,-0.02023921942649365,1.5079456250731562
2026-02-27 00:00:00+00:00,0.0004474060217205533,2.836685987533158,-0.020187242602992428,0.0,0.0,0.013696151430766463,0.00013012388852651213,3.3923887073785544,-0.0220992051122757,0.0,0.0,0.00400528666772495,-0.039088541979008906,1.4490022292054214
2026-02-28 00:00:00+00:00,0.0002760500752589934,2.8374690549135027,-0.01991676521757324,-0.032559813152292526,0.0,0.04894743450279287,0.000330584404942158,3.3935101781807155,-0.02177592635990533,-0.03907177578275103,0.0,0.05873692140335144,0.011873893913411315,1.466207527955303
2026-03-01 00:00:00+00:00,-0.0006467923617211602,2.8356338016021643,-0.02055067556768153,0.0,0.0,0.01057504025830941,-0.0007761249494846467,3.3908763902650993,-0.02253515046964394,0.0,0.0,0.012690048309971292,-0.0011901782899820246,1.4644624795869225
2026-03-02 00:00:00+00:00,0.0,2.8356338016021643,-0.02055067556768153,0.0,0.0,0.0,0.0,3.3908763902650993,-0.02253515046964394,0.0,0.0,0.0,0.04480986833907363,1.5300848504847258
2026-03-03 00:00:00+00:00,0.0,2.8356338016021643,-0.02055067556768153,0.0,0.0,0.0,0.0,3.3908763902650993,-0.02253515046964394,0.0,0.0,0.0,-0.014239659068010946,1.5082969638686947
2026-03-04 00:00:00+00:00,0.0,2.8356338016021643,-0.02055067556768153,0.0,0.0,0.0,0.0,3.3908763902650993,-0.02253515046964394,0.0,0.0,0.0,0.08279554275252377,1.633177229624187
2026-03-05 00:00:00+00:00,0.0,2.8356338016021643,-0.02055067556768153,0.0,0.0,0.0,0.0,3.3908763902650993,-0.02253515046964394,0.0,0.0,0.0,-0.03890354672997143,1.5696408429531772
2026-03-06 00:00:00+00:00,0.0,2.8356338016021643,-0.02055067556768153,0.0,0.0,0.0,0.0,3.3908763902650993,-0.02253515046964394,0.0,0.0,0.0,-0.04107197596548051,1.5051725919769676
2026-03-07 00:00:00+00:00,0.0,2.8356338016021643,-0.02055067556768153,0.0,0.0,0.0,0.0,3.3908763902650993,-0.02253515046964394,0.0,0.0,0.0,-0.015048278553950412,1.4825223355411266
2026-03-08 00:00:00+00:00,-0.0002597628444129807,2.8348972093001463,-0.020805100110154462,0.0,-0.04277070818219939,0.014256485494627921,-0.000311735357715226,3.3898193342006118,-0.022839860824166336,0.0,-0.05132484981863927,0.017107782593553503,0.0023498677139306423,1.4860060669125956
2026-03-09 00:00:00+00:00,-0.0011692928705191452,2.831582384204657,-0.021950065725444445,0.0,-0.02112055613811605,0.03533467847488836,-0.0014031295165858326,3.3850629786369018,-0.02421094305787508,0.0,-0.025344667365739256,0.04240161416986602,0.031223202220577173,1.532403934840812
2026-03-10 00:00:00+00:00,-1.0560278069005058e-05,2.8315524819073046,-0.02196039420471574,0.0,0.0,0.0,-1.2672333682850478e-05,3.385020081989299,-0.02422330858240873,0.0,0.0,0.0,0.009099333917340635,1.5463477899401754
2026-03-11 00:00:00+00:00,0.0,2.8315524819073046,-0.02196039420471574,0.0,0.0,0.0,0.0,3.385020081989299,-0.02422330858240873,0.0,0.0,0.0,0.01092644931638631,1.5632438806924627
2026-03-12 00:00:00+00:00,0.0,2.8315524819073046,-0.02196039420471574,0.0,0.0,0.0,0.0,3.385020081989299,-0.02422330858240873,0.0,0.0,0.0,-0.0018293484415030647,1.5603841629356288
2026-03-13 00:00:00+00:00,0.0,2.8315524819073046,-0.02196039420471574,0.0,0.0,0.0,0.0,3.385020081989299,-0.02422330858240873,0.0,0.0,0.0,0.011467294434553521,1.578277547563026
2026-03-14 00:00:00+00:00,0.0,2.8315524819073046,-0.02196039420471574,0.0,0.0,0.0,0.0,3.385020081989299,-0.02422330858240873,0.0,0.0,0.0,-0.007916156760106485,1.5657836550855606
2026-03-15 00:00:00+00:00,0.0,2.8315524819073046,-0.02196039420471574,0.0,0.0,0.0,0.0,3.385020081989299,-0.02422330858240873,0.0,0.0,0.0,0.01302706389754027,1.5861812188100843
2026-03-16 00:00:00+00:00,0.0,2.8315524819073046,-0.02196039420471574,0.0,0.0,0.0,0.0,3.385020081989299,-0.02422330858240873,0.0,0.0,0.0,0.05626308796230162,1.675424672248147
2026-03-17 00:00:00+00:00,0.0,2.8315524819073046,-0.02196039420471574,0.0,0.0,0.0,0.0,3.385020081989299,-0.02422330858240873,0.0,0.0,0.0,0.003147533259337365,1.6806981271275625
2026-03-18 00:00:00+00:00,0.0,2.8315524819073046,-0.02196039420471574,0.0,0.0,0.0,0.0,3.385020081989299,-0.02422330858240873,0.0,0.0,0.0,-0.05010823279340848,1.596481314118009
2026-03-19 00:00:00+00:00,0.0,2.8315524819073046,-0.02196039420471574,0.0,0.0,0.0,0.0,3.385020081989299,-0.02422330858240873,0.0,0.0,0.0,-0.014776552640758944,1.5728908239399562
2026-03-20 00:00:00+00:00,0.0,2.8315524819073046,-0.02196039420471574,0.0,0.0,0.0,0.0,3.385020081989299,-0.02422330858240873,0.0,0.0,0.0,-0.0010647046392605608,1.5712161597826568
2026-03-21 00:00:00+00:00,0.0,2.8315524819073046,-0.02196039420471574,0.0,0.0,0.0,0.0,3.385020081989299,-0.02422330858240873,0.0,0.0,0.0,0.004850484457670667,1.5788373193453236
2026-03-22 00:00:00+00:00,0.00015817311814281254,2.8320003573925527,-0.021805694630599892,-0.04335859357821051,-0.030656685704904915,0.05477163486728014,0.000189491055594182,3.3856615130178427,-0.024038407627127722,-0.052030312293852604,-0.03678802284588589,0.06572596184073616,-0.033502287009876786,1.525942658330712
2026-03-23 00:00:00+00:00,-0.005235630133760605,2.8171730509825674,-0.026927158212465052,0.0,0.0,0.11875438610913121,-0.006281938901784634,3.3643929942509407,-0.03016933872090266,0.0,0.0,0.14250526333095745,0.03678053888281396,1.5820676516083894
2026-03-24 00:00:00+00:00,0.0005169518876022572,2.8186293939089753,-0.026424126370128365,-0.08340419665053496,0.0,0.013900699441755827,0.000620342265122531,3.366480069421757,-0.029567711771699368,-0.10008503598064195,0.0,0.01668083933010699,-0.017133787944572876,1.5549608399517627
2026-03-25 00:00:00+00:00,-0.004533995130704516,2.8058497419617314,-0.030838314640537545,0.0,0.0,0.09171153128161025,-0.005439318675548366,3.34816871150929,-0.03484620224041468,0.0,0.0,0.1100538375379323,0.022156046808224028,1.5894126251066893
2026-03-26 00:00:00+00:00,0.004238390976448292,2.817742030189332,-0.026730628498590647,-0.15616793815142663,-0.08701674112345219,0.08748140615810011,0.005087207497626256,3.365201540481798,-0.029936264604089602,-0.18740152578171196,-0.10442008934814266,0.10497768738972013,-0.03960677507704968,1.5264611167594657
2026-03-27 00:00:00+00:00,0.008187160748407862,2.840811337138037,-0.01876231570260667,-0.23099819602951352,-0.07356572213000669,0.2533198051557628,0.009823840571683506,3.3982607439070747,-0.02040651312318842,-0.26770135788358956,-0.09544905587084802,0.30359605151408425,-0.03404984814366241,1.4744853475366007
2026-03-28 00:00:00+00:00,-0.005250406552344766,2.8258959226795524,-0.02391421246964931,-0.2931199732239472,-0.07460322418381649,0.36782809364580166,-0.006278730640088992,3.3769239800512936,-0.026557116764073574,-0.3422468824882618,-0.09669345030677164,0.4390669938953622,0.014146097584985196,1.4953435611504842
2026-03-29 00:00:00+00:00,0.003392213732238636,2.8354819656343433,-0.020603120857345725,-0.29387259868095267,-0.07565020707454528,0.36836280885253,0.004074651820025421,3.3906837694926972,-0.022590675948205408,-0.34315638489885153,-0.09795618163782939,0.43971892520782435,-0.009714822183936267,1.4808165643500133
2026-03-30 00:00:00+00:00,-0.004723367237916221,2.8220889430141636,-0.0252291719892056,-0.22464091534663513,0.0,0.33636284135320405,-0.005693638572642379,3.371378441595081,-0.028155691376887115,-0.26956909841596216,0.0,0.4028642759137407,0.005861915946111074,1.4894969865818422
2026-03-31 00:00:00+00:00,-0.00540540408231549,2.806834411920937,-0.030498202202257296,-0.2657652324324176,0.0,0.2390450098674517,-0.006487534018843388,3.3495065092648377,-0.03446056439009881,-0.3189182789189012,0.0,0.286854011840942,0.025725374220522346,1.5278148539620005
2026-04-01 00:00:00+00:00,-0.0018445149397103844,2.801657163914856,-0.03228646275237124,0.0,0.0,0.06667857167368858,-0.002096459997532496,3.342484402856689,-0.03648477919289517,0.0,0.0,0.07521780095730778,0.00969819944984418,1.5426319071381585
2026-04-02 00:00:00+00:00,-6.325101717541415e-05,2.8014799562494614,-0.03234767161793661,-0.07563022063043005,0.0,0.037755308451014165,-7.60169631586205e-05,3.342230317342979,-0.03655802269393804,-0.09075626475651606,0.0,0.045306370141217,-0.02488866179517879,1.504237863326945
2026-04-03 00:00:00+00:00,4.124022245699521e-06,2.801491509615122,-0.03234368099820828,-0.08197634894896284,0.0,0.07768322591067008,4.885752680205968e-06,3.3422466466537095,-0.036553315554715304,-0.0983716187387554,0.0,0.09321987109280407,-0.0017588306403021337,1.501592163682623
2026-04-04 00:00:00+00:00,-0.00038627928836953984,2.8004093514684145,-0.032717466592498634,0.0,0.0,0.041180358887228104,-0.0004635230113628763,3.340697438423335,-0.03699989526317693,0.0,0.0,0.04941643066467372,0.0059202290920057354,1.5104819332943848
2026-04-05 00:00:00+00:00,0.0,2.8004093514684145,-0.032717466592498634,0.0,0.0,0.0,0.0,3.340697438423335,-0.03699989526317693,0.0,0.0,0.0,0.0007057145056152958,1.5115479023051805
2026-04-06 00:00:00+00:00,-0.0002792642162171566,2.7996272973457894,-0.03298759399105122,0.23777705274011848,0.17860663437733718,0.1577109634245954,-0.00033648903526217744,3.339573330365177,-0.03732393423937719,0.28533246328814216,0.21432796125280465,0.18925315610951446,0.0351563221708977,1.564688367335366
2026-04-07 00:00:00+00:00,-0.010127932732672207,2.7712728604017185,-0.04278143059076933,0.0,0.0,0.3474938838959318,-0.012145455293000706,3.2990126917835294,-0.04901607335771463,0.0,0.0,0.41699266067511803,-0.008726551848814434,1.5510340331705772
2026-04-08 00:00:00+00:00,-0.004624494034914606,2.75845712558967,-0.04720808215511174,0.23289049348045196,0.1699278704453899,0.3349079530210339,-0.0055506115467189865,3.280701153843743,-0.054294615721679484,0.27946859217654224,0.20391344453446777,0.40188954362524054,0.03677717785891765,1.6080766876737258
2026-04-09 00:00:00+00:00,0.002972896140320813,2.766657732131576,-0.04437553074002176,0.3147601593472917,0.1120825658618243,0.4133752569116222,0.0035605893074015516,3.292382383292899,-0.05092734724246606,0.37771219121675004,0.13449907903418915,0.49605030829394653,0.007829123887116651,1.6206665192815075
2026-04-10 00:00:00+00:00,0.006238320898699801,2.783917030881482,-0.038414038642128334,0.28009991982240556,0.14276452214950408,0.4321826278690415,0.007483572438500508,3.3170211653535144,-0.04382489329615524,0.33611990378688666,0.17131742657940485,0.5186191534428498,0.014872985511121373,1.644770668941141
2026-04-11 00:00:00+00:00,0.006634975042857816,2.8023882509027676,-0.032033939786956345,0.24582485334790316,0.17719744065420429,0.4160212599042062,0.007959001934284338,3.3434213432246254,-0.03621469377238473,0.2949898240174838,0.21263692878504506,0.4992255118850475,0.013319800039312879,1.666678685361964
2026-04-12 00:00:00+00:00,-0.016633685316135294,2.755774206603616,-0.048134782629239425,0.0,0.0,0.2928467387389583,-0.01994152538597682,3.276748421632695,-0.055434042923154125,0.0,0.0,0.35141608648674993,-0.03987199245411388,1.6002248853957792
2026-04-13 00:00:00+00:00,0.007950190235768817,2.7776831357929397,-0.040567273072330434,0.2249331597393004,0.0,0.11262247227632372,0.009544108683753993,3.308022064698077,-0.04641900276983857,0.26991979168716046,0.0,0.13514696673158846,0.030599765941929258,1.6491913923433406
2026-04-14 00:00:00+00:00,8.478202878370311e-05,2.7779186334045103,-0.040485930419260074,0.23787478499581108,0.16495817902182863,0.3920371352933157,9.114923415243226e-05,3.3083235883758335,-0.0463320845922387,0.28544974199497325,0.19794981482619436,0.47044456235197885,0.015452041125705751,1.6746747655619898
2026-04-15 00:00:00+00:00,0.006149535927749028,2.795001543844995,-0.034585364175192645,0.318966561512048,0.11103755879272688,0.41704605870859024,0.00737552180699752,3.3327242011465037,-0.03929828608551489,0.3827598738144576,0.13324507055127227,0.5004552704503084,0.01439195505013724,1.698776609511557
2026-04-16 00:00:00+00:00,0.0020068232890457782,2.800610618036102,-0.03264794760043377,0.3595619300033124,0.0829453481251527,0.4325498644437576,0.0024061985159087307,3.3407433971732354,-0.036986647047262955,0.43147431600397484,0.09953441775018318,0.519059837332509,0.003566662617374483,1.7048355725399722
2026-04-17 00:00:00+00:00,0.011850640044054561,2.833799646374005,-0.02118420663156917,0.27841531676799874,0.14023462877382936,0.4398365892856569,0.014211929933602319,3.388221808260006,-0.023300368749975098,0.3340983801215984,0.1682815545285952,0.5278039071427881,0.026848377504540277,1.7506076415746945
2026-04-18 00:00:00+00:00,-0.01178418473230669,2.8004056278467884,-0.032718752759522074,0.44632682005517427,0.013894626922659012,0.4320405615408749,-0.014129877103667088,3.3403466505093276,-0.037101014506734975,0.5355921840662088,0.016673552307190812,0.5184486738490498,-0.026441357346132066,1.7043191993509486
2026-04-19 00:00:00+00:00,-0.0029762397336798863,2.79207094934677,-0.03559761364120262,0.30645463834402137,0.0,0.37862429326122027,-0.0035819936633456617,3.3283815499738254,-0.04055011257121377,0.36774556601282554,0.0,0.4510293422673035,-0.01297760748730481,1.6822012137486944
2026-04-20 00:00:00+00:00,0.005499803285332616,2.807426790326869,-0.030293590228323897,0.3217672964038851,0.0,0.316452104511572,0.006191853856057694,3.348990402108462,-0.03460933908604369,0.36658844267253804,0.0,0.36671540944621345,0.015925576339302916,1.7089912375963172
2026-04-21 00:00:00+00:00,-0.004644602692090993,2.794387408298668,-0.03479749122968745,0.3236524495325903,0.0,0.32315596377056754,-0.00529359123130968,3.331262215882121,-0.03971972262344603,0.36889450558847964,0.0,0.3682871490967679,-0.01454553171156614,1.6841330513550714
2026-04-22 00:00:00+00:00,0.016987874283106663,2.841858110289142,-0.01840075235295824,0.37858073047947277,0.034321904939248006,0.3717874627626902,0.019740951845832022,3.3970245028716892,-0.020762875909253298,0.4446772930260184,0.04823336904441538,0.43601402833693187,0.04805497104345613,1.7650640163712668
2026-04-23 00:00:00+00:00,-0.007569673804025623,2.8203461713969284,-0.025831138463923375,0.4443988573403934,0.0,0.42749256561262766,-0.009126326544740326,3.366022147977998,-0.02969971366843782,0.5041554822206137,0.0,0.5015520721984491,-0.021345520313742927,1.7273878065547572
2026-04-24 00:00:00+00:00,-0.00041403573672560423,2.8191784472920327,-0.026234479186204585,0.457121007263138,0.0,0.4501086310248789,-0.0004540108369068818,3.3644939374455474,-0.030140240513486183,0.5001385088621514,0.0,0.5014302715237323,-0.00014859906089936814,1.7271311183488942
2026-04-25 00:00:00+00:00,-0.0008034815085296021,2.8169132895403886,-0.027016881775822177,0.2662938855044803,0.0,0.26519577154418233,-0.0009195267467839718,3.3614001952806736,-0.031032052502963592,0.30990264352181435,0.0,0.308564886953688,-0.0031214038864509908,1.7217400445636695
2026-04-26 00:00:00+00:00,0.003172432616761034,2.8258497571387142,-0.02393015839600987,0.32625278674063324,0.0,0.277305038814158,0.0037178238218988913,3.3738972890016234,-0.02742960038510267,0.39150334408875986,0.0,0.3247273639467066,0.015532476843011622,1.7484829319355404
2026-04-27 00:00:00+00:00,-0.004685653786020261,2.812608803525453,-0.02850368374474177,0.26933430417603493,0.0,0.3035086794941358,-0.005536933036249914,3.355216245641236,-0.03281465756080926,0.28455996303027936,0.0,0.35615300587852156,-0.022562336504644898,1.7090330716525826
2026-04-28 00:00:00+00:00,-0.00018238703436168624,2.812095820146958,-0.028680872076756958,0.08021680687435095,0.0,0.14266624026750255,-0.0002128337025727456,3.354502142544744,-0.03302050719831462,0.07706963866742363,0.0,0.14874590900856643,-0.002285458525591144,1.7051271474484568
2026-04-29 00:00:00+00:00,-0.0029383074472721926,2.8038330180561775,-0.03153490630401168,0.15505269807114555,0.0,0.10045645506312184,-0.0036901679096830176,3.3421234663853627,-0.03658882389197293,0.18606323768537467,0.0,0.11094843824553507,-0.015989001964098692,1.6778638661388654
2026-04-30 00:00:00+00:00,-6.110558699035096e-05,2.8036616881937864,-0.03159408493204152,0.0007549758335922974,0.0,0.0014393294953853732,-9.303161884266498e-05,3.341812543228913,-0.03667845159329741,0.0,0.0,0.0,0.010902067698701723,1.6961560515967167
2026-05-01 00:00:00+00:00,0.0007115661642389526,2.805656678987078,-0.03090500004963037,0.5371063845065204,0.0,0.12811362133347073,0.0005546073308424493,3.343665936963689,-0.03614418640059247,0.6252663127176427,0.0,0.14090487999163095,0.023469254785947413,1.7359635701283667
2026-05-02 00:00:00+00:00,0.0006292881325788979,2.8074222454392554,-0.03029516006681998,0.5486134452328524,0.0,0.5339123035970191,0.0007959548082256962,3.3463273439433157,-0.03537700073132177,0.6583361342794226,0.0,0.6374846027651571,0.001523061904083134,1.7386075501089053
2026-05-03 00:00:00+00:00,0.0023864748611905906,2.8141220880527436,-0.027980983843544638,0.4581279287764419,0.09168927227197222,0.5496481167482377,0.002861538080530801,3.355902987067931,-0.03261669528555866,0.5497535145317302,0.11002712672636665,0.6595777400978851,0.006223452961187315,1.7494276924149732
2026-05-04 00:00:00+00:00,0.007610112968855054,2.835537875050975,-0.020583809322718638,0.37580539064101165,0.1326058368535922,0.5237529855923765,0.009102936539299611,3.386451558991256,-0.02381066645356522,0.45096646876921404,0.15912700422431061,0.6285035827108517,0.013095267924208676,1.7723369167611773
2026-05-05 00:00:00+00:00,0.008475840226737308,2.8595714410367696,-0.012282434175058254,0.3591728941613123,0.15122462779952703,0.5107744479877515,0.010173068115072015,3.420902161369266,-0.013879825870190543,0.43100747299357467,0.18146955335943235,0.6129293375853018,0.016265565496953016,1.801164978963424
2026-05-06 00:00:00+00:00,-0.0014286735614736923,2.8554860469218153,-0.013693560147555517,0.5104598110064232,0.016020050817456805,0.5223539860650861,-0.0017308951693860708,3.4149809383432093,-0.015586696516026066,0.6125517732077079,0.019224060980948164,0.6268247832781032,-0.00423260084914201,1.7935413665440187
2026-05-07 00:00:00+00:00,-0.007390929648640854,2.8343813504363404,-0.020983281656506314,0.2620226786649696,0.0,0.4584080133000424,-0.008474816336463298,3.3860396020982275,-0.02392941846222385,0.2663851553591009,0.0,0.5119529954053308,-0.018117587208700603,1.7610467244232455
2026-05-08 00:00:00+00:00,-6.0202236267126175e-05,2.8342107143406103,-0.021042220652293553,0.166999200606095,0.0,0.16662052095494892,-6.0415956408155225e-05,3.3858350312772307,-0.023988388699929364,0.1714367579702908,0.0,0.17102717440193346,0.0026589146572428835,1.765729197370904
2026-05-09 00:00:00+00:00,0.0016102113312239652,2.838774392547918,-0.019465891743198016,0.1674692829846919,0.0,0.16720131148853543,0.001653382577770035,3.391433111929148,-0.022374668106104556,0.17196815730893303,0.0,0.17167395762110604,0.008907359403730553,1.7814571819415472
2026-05-10 00:00:00+00:00,0.0010502818956916737,2.8417559058983644,-0.018436054521187684,0.1680980278164164,0.0,0.16787514505108692,0.0010786418190791291,3.395091253510284,-0.021320160539732735,0.1726513009752129,0.0,0.17241302474228237,0.008920114042104466,1.7973479831655919
2026-05-11 00:00:00+00:00,0.0011307622114242744,2.844969256090846,-0.017326139103543636,0.18475236521540403,0.0,0.17513406408320967,0.0011040154981363237,3.3988394868717466,-0.020239682829255035,0.20239262613481554,0.0,0.20532806754555089,0.0018573752301380697,1.8006863327894622
2026-05-12 00:00:00+00:00,-0.0026886867930767666,2.8373200248252854,-0.01996824133523767,0.19298595609227184,0.0,0.1901515934896645,-0.002897534176884653,3.3889912332967906,-0.023078571833412664,0.19298595609227184,0.0,0.19602454842589156,-0.017447280823215117,1.769269252666759
2026-05-13 00:00:00+00:00,-0.004453025844566194,2.824685365425433,-0.024332348085067568,0.0,0.0,0.16082157153303184,-0.004453025844566194,3.373899967747912,-0.02742882820114889,0.0,0.0,0.16082157153303184,-0.013639831000039515,1.7451367190668183
2026-05-14 00:00:00+00:00,-0.0052441707528573245,2.809872233046045,-0.029448915849748736,0.0,-0.454033190685789,0.3212052143052666,-0.006296963435539316,3.352654643015836,-0.03355307330842594,0.0,-0.5448398288229469,0.3854462571663199,0.020686537232996516,1.7812375547824635
2026-05-15 00:00:00+00:00,0.0038459754814546,2.82067893276036,-0.025716200176607806,0.0,-0.29732146163673573,0.2666039072915794,0.004765828326644517,3.368632819482977,-0.02894715316900076,0.0,-0.35678575396408285,0.30881357763878414,-0.028796574326070856,1.7299440151437815
2026-05-16 00:00:00+00:00,0.006017596871642716,2.8376526414820473,-0.01985335303069835,0.0,-0.2983757247605156,0.2988438106412949,0.007222311875314302,3.3929621362987024,-0.021933906661775415,0.0,-0.35805086971261874,0.3586125727695538,-0.01429474939664166,1.705214898977081
2026-05-17 00:00:00+00:00,-0.001657207790588977,2.832950061417598,-0.021477659689975503,0.0,-0.3073353432241868,0.30069560906522536,-0.0019885938797933322,3.386214912560088,-0.023878882909021182,0.0,-0.36880241186902424,0.36083473087827045,0.0032113382462684026,1.7106909208002727
2026-05-18 00:00:00+00:00,0.009361411433775002,2.859470472513866,-0.012317309465192938,0.0,-0.2665514685687123,0.29499206776059284,0.011230034063287375,3.4242422213737496,-0.012917009514195388,0.0,-0.3198617622824547,0.35399048131271144,-0.021566502936864018,1.673797300032767
2026-05-19 00:00:00+00:00,0.0015244159817726644,2.8638294950015735,-0.010811670186821498,0.0,-0.22820984482149373,0.24791037427150475,0.001828094327634311,3.430502059155089,-0.011112528698383972,0.0,-0.2738518137857924,0.29749244912580564,-0.00364681019995039,1.667693278966358
2026-05-20 00:00:00+00:00,-0.0024575056387043936,2.856791617869319,-0.01324260608507799,0.0,-0.18665658612649869,0.21539406605682057,-0.0029487357093991307,3.420386415232091,-0.014028496497588416,0.0,-0.2239879033517984,0.2584728792681847,0.01040999427008038,1.6850539564446494
2026-05-21 00:00:00+00:00,-0.0005859886563772676,2.855117570387614,-0.013820834724508568,0.0,-0.18812286183552285,0.18824789211478668,-0.000704389222570323,3.4179771319041756,-0.014723004198416989,0.0,-0.22574743420262744,0.225897470537744,0.0020360081615113934,1.6884847400525578
2026-05-22 00:00:00+00:00,0.014397703430536923,2.89622470642537,0.0,-0.3692400345860631,-0.1925500538367169,0.3736591848090773,0.01728962296387815,3.4770726678139563,0.0,-0.44308804150327563,-0.23106006460406026,0.44839102177089263,-0.027573908773536382,1.6419266158648402
2026-05-23 00:00:00+00:00,-0.001918312892425389,2.890668841231673,-0.0019183128924255,-0.35831001920427824,-0.18806429927302984,0.5410389039354896,-0.0023201685887984658,3.4690052730291248,-0.0023201685887984658,-0.42997202304513377,-0.22567715912763575,0.6492466847225875,0.0026200878980209286,1.6462286079205062
2026-05-24 00:00:00+00:00,-0.008175586187273431,2.8670359289813176,-0.010078215747312713,-0.22676711792616833,0.0,0.373260461945117,-0.00969322826021135,3.4353794130817765,-0.011990906925276379,-0.27212054151140197,0.0,0.4444979268964541,0.008912702060234867,1.6609009530259369
2026-05-25 00:00:00+00:00,-0.002755671670423454,2.8591353192937374,-0.012806115164112897,0.0,0.0,0.18111913716616726,-0.003306251504071933,3.424021184730217,-0.015257513475291473,0.0,0.0,0.2173429645994007,0.01076854819161066,1.6787864449800887
2026-05-26 00:00:00+00:00,0.0019016747904125886,2.8645724648528166,-0.010928793440071027,-0.10109507431887678,-0.10506304270023203,0.10570253998503143,0.002282018583618317,3.431834864704474,-0.013010312820963654,-0.12131408918265213,-0.12607565124027842,0.12684304798203772,-0.019001275746476032,1.6468873608195758
2026-05-27 00:00:00+00:00,0.003846110218383325,2.8755899262811866,-0.00712471656581215,-0.46411088343540025,-0.11541281759470907,0.364411664312647,0.004615662045854618,3.447675054637131,-0.00845470198220144,-0.5569330601224803,-0.13849538111365087,0.4372939971751764,-0.01130659821725677,1.6282666671217105
2026-05-28 00:00:00+00:00,0.010932854143590243,2.907028331521996,0.0,-0.3099488562254694,-0.24023241787615068,0.5517609449521576,0.013111822399781481,3.49288035764569,0.0,-0.3719386274705632,-0.2882789014513809,0.662113133942589,-0.02166631202710878,1.592988133448511
2026-05-29 00:00:00+00:00,-0.000836355228114094,2.9045970231786518,-0.000836355228114094,-0.4991638390060316,-0.11538085926045437,0.5752093503901891,-0.0010073316459194848,3.489361868726023,-0.0010073316459194848,-0.5989966068072378,-0.13845703111254523,0.6902512204682267,0.001555367965749621,1.5954658161610962
2026-05-30 00:00:00+00:00,-0.0036132979785662434,2.8941018486262506,-0.004446631206025287,-0.5130352028189883,-0.11680386396400526,0.619017627177298,-0.0043353926035014645,3.474234115089408,-0.005338357071253963,-0.6156422433827858,-0.1401646367568063,0.7428211526127574,0.005916747807791056,1.604905785031273
2026-05-31 00:00:00+00:00,0.004268861368153631,2.906456368203353,-0.00019675189004553229,-0.3894585849232313,-0.11768911479447784,0.6112644338142811,0.00512210063055174,3.4920294918409915,-0.0002436000428230889,-0.4673503019078777,-0.14122693775337336,0.7335173205771371,-0.007628234894480057,1.5926631867195444
2026-06-01 00:00:00+00:00,0.0077066929382989535,2.92885553497166,0.0,-0.3562712251973365,-0.22861417617800428,0.5425961756376663,0.009238861506393414,3.5242918686923517,0.0,-0.42752547023680365,-0.2743370114136051,0.6511154107651994,-0.019189249970637978,1.5621011747105502
2026-06-02 00:00:00+00:00,0.037049181645623985,3.037367235700616,0.0,-0.33237374535701747,-0.22161259761843555,0.6028003982522014,0.04456748789324494,3.6813607038825595,0.0,-0.398848494428421,-0.26593511714212253,0.7233604779026416,-0.057611440876665476,1.4721062752403438
2026-06-03 00:00:00+00:00,0.020063726645494162,3.0983081416396936,0.0,-0.4496919700298135,-0.11265188261002597,0.55719949276266,0.024078307951109323,3.7700016405897565,0.0,-0.539630364035776,-0.13518225913203116,0.6686393913151919,-0.03576720930811139,1.4194531419700382
2026-06-04 00:00:00+00:00,0.013338148292331375,3.1396338350882216,0.0,-0.4695497847595207,-0.03486432385897697,0.5310067806729305,0.0159488426402552,3.8301288035090266,0.0,-0.5540315428810012,-0.04907565646701543,0.6355660905123959,-0.024054836182338946,1.3853084291714426
2026-06-05 00:00:00+00:00,0.030163914588007934,3.2343374819274424,0.0,-0.44345898134841866,-0.06848260275303211,0.5206503786615868,0.03633113138830768,3.969281716303455,0.0,-0.5321507776181021,-0.08217912330363854,0.6240540562501237,-0.067422082249601,1.29190805031878
2026-06-06 00:00:00+00:00,-0.0006850657677441863,3.232121748037242,-0.0006850657677441863,-0.5592243346769462,0.0,0.533971543060238,-0.0011724371282459956,3.9646279830467925,-0.0011724371282459956,-0.5944560805875988,0.0,0.6024810050370158,-0.0019318620573108847,1.2894122621748347
2026-06-07 00:00:00+00:00,-0.00594338363793423,3.212912008524146,-0.006624377797003533,-0.5639326184544866,0.0,0.5638716280668152,-0.0063320952426958454,3.939523581056283,-0.007497108387379825,-0.6004234922215574,0.0,0.6002524276161915,0.017013541086007278,1.311349730674148
2026-06-08 00:00:00+00:00,-0.0207904824513796,3.146114017793098,-0.027277136238043176,-0.36808811654805235,0.0,0.5116634987968248,-0.022080530840681956,3.852536809127176,-0.029412099095098232,-0.4037538992110466,0.0,0.5473111639273699,0.03913232225090635,1.3626658909185279
2026-06-09 00:00:00+00:00,0.006303445847098521,3.1659453771330544,-0.021145630342085053,-0.4606731251873972,0.0,0.3835212075307388,0.007049227057698504,3.879694215842855,-0.022570204602164523,-0.4959487542966328,0.0,0.4191142322243475,-0.019595546981868606,1.335963707432444
2026-06-10 00:00:00+00:00,0.0005161498872143788,3.1675794794823884,-0.0206403947695869,-0.4085981264081427,0.0,0.4514537880573574,0.0005878752744277183,3.881974992144689,-0.02199559779296123,-0.4432097508708805,0.0,0.4865278265502704,-0.007499755485096737,1.3259443062897374
2026-06-11 00:00:00+00:00,-0.008487409930607592,3.1406949339522408,-0.028952621208655382,-0.1960895595020491,0.0,0.3321322796020992,-0.009533117153015969,3.8449676697594954,-0.03131902833536637,-0.21648442521333577,0.0,0.3671521465155243,0.028072967220522216,1.3631674973364472
2026-06-12 00:00:00+00:00,-0.00021427929227424425,3.140021948064544,-0.029160696553747645,-0.10199744293891093,0.0,0.11744848459473305,-0.00022733705215094435,3.8440935661438367,-0.03153924541193931,-0.12239693152669312,0.0,0.13779685638120867,-0.001837128120885545,1.3606631839936132
2026-06-13 00:00:00+00:00,-0.001128247335117405,3.1364792266694304,-0.030256043410687994,-0.10457004226315951,0.0,0.1039322903168608,-0.001353803463086889,3.838889418961561,-0.03285035093536437,-0.1254840507157914,0.0,0.12471874838023293,0.009776644433559856,1.3739659041373542
2026-06-14 00:00:00+00:00,0.0007215808640208543,3.138742450059794,-0.02955629472861332,-0.10572995435549593,0.0,0.10556028605881042,0.0008658410370272485,3.8422132869571075,-0.032012953080257756,-0.1268759452265951,0.0,0.1266723432705725,-0.0069849740035662355,1.3643687880151685
2026-06-15 00:00:00+00:00,-0.003279560400491488,3.1284487546132365,-0.032738923475327475,-0.026565887588831837,0.0,0.06421398235010593,-0.004120830170339818,3.8263801785233342,-0.03600186330770272,-0.01309811237420729,0.0,0.0739266200313953,0.05622785573346878,1.441084319394933
2026-06-16 00:00:00+00:00,0.0003319649487485421,3.1294872899437243,-0.03241782670163251,-0.025936362871019015,0.0,0.026572032803834078,0.0001609461938880674,3.826996019849436,-0.03584671147668694,-0.012307774085303128,0.0,0.01308039029352555,-0.012778418719633589,1.4226695405514063
2026-06-17 00:00:00+00:00,-6.459060053221055e-05,3.129285154480309,-0.032480323415270074,0.0,0.0,0.02133747533787737,-2.9632600093365546e-05,3.826882616006821,-0.03587528184551447,0.0,0.0,0.00992961176496483,-0.025449889815050253,1.3864627575011448
2026-06-18 00:00:00+00:00,0.002555398141067977,3.1372817239469395,-0.030007925432278704,-0.12921921574860212,0.0,0.11837105350212852,0.0031530618121455856,3.838949013442916,-0.032835337014555877,-0.15506305889832253,0.0,0.13892818385152036,-0.016698372878946266,1.3633110853936186
2026-06-19 00:00:00+00:00,6.369707246278722e-05,3.1374815596082457,-0.029946139776816705,-0.25175499104382054,0.0,0.2517692703840415,7.553233284562921e-05,3.8392389782175766,-0.032762284811314824,-0.3021059892525847,0.0,0.3021231244608498,-0.0014424349686700255,1.3613445978108714
2026-06-20 00:00:00+00:00,-0.003401039093733016,3.126810862168152,-0.033245330878462376,-0.17356351054708144,0.0,0.23221003004837223,-0.004080671083296572,3.823572306737299,-0.03670926378635908,-0.20827621265649773,0.0,0.27865203605804667,0.014342607108688066,1.3808698285168077
2026-06-21 00:00:00+00:00,-0.0007211085841952736,3.1245560920142874,-0.033942465969176716,-0.1768024278899731,0.0,0.1756117648134227,-0.0008654392083307094,3.8202632373471612,-0.03754293335850012,-0.21216291346796767,0.0,0.21073411777610726,0.003853361771666064,1.3861908195256614
2026-06-22 00:00:00+00:00,-0.0008974667712452478,3.1217519067468125,-0.03480947050508054,-0.17641604972210792,0.0,0.17643365688160997,-0.0010781078291800528,3.8161445816414483,-0.03858056585729608,-0.2116992596665295,0.0,0.21172038825793196,0.0039552098032720195,1.3916734950442549
2026-06-23 00:00:00+00:00,0.010002335531489992,3.152976716764163,-0.025155310977255874,-0.33944860950692096,-0.06341894825718358,0.31686508705091887,0.012008260774393431,3.861969840930587,-0.02703559057854077,-0.40733833140830517,-0.07610273790862028,0.38023810446110257,-0.03399460264666476,1.3443641075663302
2026-06-24 00:00:00+00:00,0.018098933640522397,3.2100422331309897,-0.007511661640817513,-0.39981459637884936,-0.0619928178322535,0.41320386430988676,0.021724998026021902,3.94587112810136,-0.005897940704470028,-0.4797775156546192,-0.0743913813987042,0.4958446371718641,-0.04490853791218896,1.2839906810739015
2026-06-25 00:00:00+00:00,0.0020543715028400467,3.216636852417647,-0.005472721881591425,-0.3863235592906842,-0.05683103717618185,0.45461974957318424,0.00242543841142262,3.9554415955019806,-0.003486807384980306,-0.4635882711488209,-0.06819724461141821,0.545543699487821,-0.007959158679386902,1.2737711955003803
2026-06-26 00:00:00+00:00,-0.0033538822910950117,3.20584863104144,-0.008808249307683536,-0.45170461969838954,0.0,0.4455398223515821,-0.004046759197682381,3.9394348758444875,-0.007519456312807038,-0.5420455436380675,0.0,0.5346477868218985,0.008355237023296658,1.284413855752234
2026-06-27 00:00:00+00:00,-0.0024183244038015195,3.1980958490620988,-0.01120527250722958,-0.45252610650551617,0.0,0.45231578773448106,-0.0029060529836606452,3.9279866693696026,-0.010403657358014295,-0.5430313278066192,0.0,0.5427789452813773,0.0035897773874975503,1.2890246155678018
2026-06-28 00:00:00+00:00,0.005454678456553452,3.2155404335919706,-0.005811715209221191,-0.45326845970328344,0.0,0.45206102669338494,0.006546382289681851,3.95370077173607,-0.003925381386608917,-0.5439221516439401,0.0,0.5424732320320619,-0.01099080869231095,1.2748571926184165
2026-06-29 00:00:00+00:00,-0.007469677177633027,3.1915213846014123,-0.013237980750393064,-0.43444117821960787,-0.013682167566741031,0.44754015680179937,-0.008962540228755644,3.9182655695169233,-0.012852740226773851,-0.5213294138635293,-0.016418601080089235,0.5370481881621593,0.0224621800348348,1.3034932643977153
2026-06-30 00:00:00+00:00,0.012662949169796489,3.2319354576689383,-0.0007426634579495994,-0.3804334517773846,-0.03856611902845619,0.4406992700575884,0.014795310919887728,3.976237526884617,0.0,-0.4469940576328653,-0.053419925000817915,0.5185094809856539,-0.02856822562359218,1.2662547747215687
