cagr,max_dd,sharpe
0.4208972381098204,-0.06668183427004293,2.3333298562968765
0.25590194061028315,-0.07648455168322532,1.4556261842182112
0.3415584176621169,-0.0852906828036607,1.8727557279692013
0.2985676793682792,-0.09919642968594045,1.8389742007085244
0.3713931017833081,-0.0774251061751946,2.004842034585655
0.358331477907337,-0.0879479784817836,1.9721739595821837
0.23996666932128274,-0.07997591740551335,1.4506149615811215
0.43203692460717824,-0.07391770705896461,2.4659270829852256
0.356673556196198,-0.07125168256719128,1.9488965674332241
0.40113867980347173,-0.0976255070536729,2.392627680663829
0.14872506461937673,-0.14558153216833647,0.9228030928521753
0.3761860977091096,-0.09054285507457005,2.11547427649343
0.31209082654355,-0.09611805556755582,1.8770969012255363
0.33209998990402734,-0.0905428550745706,1.9966745306431188
0.21186320125223412,-0.11853621644332579,1.3111457982025203
0.1621721581891964,-0.08799223121531274,1.0652458592266423
0.22189321742194146,-0.1165988601176201,1.3673597665550061
0.25449865628463275,-0.112295552977553,1.5188031321144793
0.17671737875857185,-0.09828696608057275,1.1361147924693589
0.38486524284810897,-0.11270441615347715,2.1479851897058295
0.4697794790273948,-0.12125905609456111,2.3231280765747453
0.4818698664062362,-0.07642505527786347,2.680051335426151
0.22519998691665966,-0.09054285507457038,1.4994360147831969
0.29070854739855845,-0.11041580184449984,1.7551097864272458
0.27726345437092426,-0.08791370648772545,1.5793756386699858
0.3259447880667339,-0.06525432958366184,1.8318696214341774
0.28903107255307026,-0.09056128588821333,1.6407471434608292
0.2441494560903319,-0.09228243797176738,1.4790428358896672
0.229970055819819,-0.09103766370560651,1.6104953842807728
0.39388767568635497,-0.0810962505259295,2.119253009428739
0.26358797519374955,-0.08335931999623047,1.4272007546609295
0.19984209727602553,-0.10132335879235232,1.2968077863434082
0.18826363649532518,-0.09679422707624585,1.2690954615470547
0.2919749339323814,-0.12306794538505195,1.5543047852988852
0.2511155633352873,-0.0905428550745706,1.4167048796068715
0.5166028833314578,-0.09079629055278071,2.6203254687732342
0.35860687122447543,-0.13742880033705807,2.064594903781756
0.17476545965441637,-0.1474597299044741,1.1729842727392086
0.18904455390601194,-0.08797497876137339,1.1613377466798127
0.21501768401488963,-0.13144080653554235,1.4146769762792861
0.25810524493455445,-0.09224432576455255,1.515758482668175
0.40407465389412756,-0.12148131541189022,2.049351234723297
0.26125773211030845,-0.0979942467994831,1.613345362473981
0.17662222927413196,-0.1127787227629079,1.2742644304762551
0.30683185067577723,-0.08215363958090782,1.834272771948166
0.18942731470612517,-0.07790862846848257,1.16391744150887
0.2954719323361439,-0.08857450804129452,1.7966836049860353
0.4441858405592536,-0.06594440025181991,2.275953358470327
0.32248842899098795,-0.07447972466139552,1.9110967536327224
0.20402083615892952,-0.10577215419395858,1.2348873298912584
0.3496281786104234,-0.09054285507457038,1.9095440340044707
0.5432559459959851,-0.09398505359097165,2.701100009722309
0.32546179533410347,-0.07655579403920132,1.7919238585417967
0.17428024476795434,-0.09685524014171554,1.1299854950830939
0.28256555794513094,-0.09379146684501205,1.574271283298558
0.23033529532725372,-0.10415129569188064,1.3329339928929287
0.43547317246137474,-0.13882774508924012,2.235294715999138
0.48913880802235177,-0.08026625089337636,2.8003314616001784
0.32362687292947,-0.08549846920662207,1.9419394202427638
0.3136844885410197,-0.08576495707146392,1.8634241361904564
0.3069042676976965,-0.08136044374566309,1.6983720697313336
0.36331580018790377,-0.10260719566649945,2.195173064419946
0.2520297400600138,-0.07278764600308696,1.466001012836403
0.28673984973645505,-0.11083315531302562,1.6529113141735805
0.3646671474926506,-0.09763865049820453,1.9803721715378406
0.40312305750554756,-0.07253995032333471,2.2470981839072346
0.29880158303467064,-0.10276565771754254,1.752608720455175
0.23094710314699474,-0.11083671537720352,1.4918579810651735
0.45710296424879315,-0.09054285507457083,2.3996495566732188
0.29967131797579927,-0.06925872725754545,1.7244844243839397
0.20998066144359617,-0.11862155396657403,1.2708567463156868
0.3819801567570744,-0.09054285507457005,2.044524781881388
0.11439931045702267,-0.09881441419185932,0.8014833252309886
0.3028847238127088,-0.07167938671587215,1.7828796480803886
0.24791869212043594,-0.12744848456438185,1.47425949929496
0.21524224404791603,-0.10707639324017681,1.3156534418611487
0.3786626155977211,-0.0905593496363406,1.987834638036718
0.37030704179430685,-0.09084528645897072,2.0564300178709733
0.37710257691821103,-0.10005837106253501,2.3460211118299705
0.1268121150427166,-0.09712884230889385,0.8484701367174847
0.2823778711159193,-0.1104629473421892,1.6874608694221238
0.5536331923056181,-0.09054285507457072,2.8761670109407036
0.24457249066019693,-0.09160274741339391,1.5251842859131852
-0.002281874808844342,-0.1517237938383229,0.052434979190157015
0.36427865034415596,-0.11312264726793819,1.9279161377260554
0.23807962107573433,-0.10663469330912057,1.5516657815375978
0.3873899012467974,-0.09101600098118434,2.0059613327593886
0.26209876424751255,-0.0905428550745706,1.515304511259238
0.23850994568700168,-0.1098091557560702,1.5483342609190969
0.26456732873772126,-0.15136484656315496,1.5232572659217085
0.22098129576336256,-0.09592906636231013,1.3857081173196073
0.33170578360053793,-0.10446906956310997,1.8160272299455666
0.32858392815517656,-0.11655973024041077,1.9034855101911845
0.3904232943674788,-0.09054285507457038,2.112107548827375
0.26964896440000485,-0.09843910896505947,1.6631398203535757
0.3976368975472817,-0.08090431472110349,2.247150862312445
0.32328849343160404,-0.10439271407493178,1.9557009840955988
0.40060712456404257,-0.09054285507457038,1.9657169560985046
0.34709149593419597,-0.08505495246541983,1.9488692371580032
0.32115394352459825,-0.0913495291160481,1.8076260414025147
0.2638453365431661,-0.08767793549348446,1.6030433450023625
0.275614022213603,-0.07706772071528445,1.614659446594009
0.3235081937183699,-0.0886472700718125,1.9855059658578071
0.17395724890630304,-0.0905428550745705,1.1209146851279315
0.2452010526785715,-0.09238018835217898,1.4436323894828091
0.21134045797913048,-0.1092180052692302,1.3229589642188315
0.30973410881505825,-0.08412277760965126,1.7780634505602615
0.2813497526769051,-0.10035182522505448,1.6069615069779026
0.4623230120419235,-0.06069072251436047,2.390175027876321
0.21900646177327876,-0.09834202084701671,1.3493634295708
0.33242897686037076,-0.07575047063062978,1.8959674200452972
0.27206121310759457,-0.10861738244707797,1.4993818504735419
0.3399522536157613,-0.08084967015101463,1.8860754790799672
0.14505457309214753,-0.08798507991282345,0.9607656451696777
0.26533148635749915,-0.08559534421496895,1.7718328006234159
0.21430701840867084,-0.0948926357570884,1.4248595330043392
0.217803230973598,-0.09645023485372595,1.5196152132796075
0.405879882761204,-0.056041803196580586,2.151956723458952
0.29192895332536417,-0.08296649602872996,1.7724549270492698
0.48895746789017314,-0.10110605965333497,2.550581196529809
0.20663386643265036,-0.10797298268714317,1.208538727227598
0.29296020205337747,-0.08372443300075849,1.632649502981365
0.315041228722722,-0.09049677703950576,1.9155004708759658
0.3923566829789884,-0.07889648939594629,2.201965609019784
0.18195160927602694,-0.0936164986820398,1.15902396121249
0.23001533741439406,-0.11514190538293279,1.6920478328837762
0.22041556752268354,-0.0692587272575459,1.4502013077515037
0.35767086601078635,-0.06826491129268208,1.9072886376133702
0.4807150834130831,-0.09054285507457083,2.2588723491347897
0.3320206825494565,-0.08138671799080643,1.9522821237135537
0.12994787598767954,-0.1300506575305398,0.8682165582874384
0.28482447196360683,-0.10584444809382354,1.687629090233909
0.3813513832804538,-0.09264481071791875,2.0792544192910416
0.31317128355156076,-0.08293856175720082,1.7941584153132604
0.3549571450294471,-0.09493436747859896,1.9891993238478194
0.28963996702034267,-0.07509496156244477,1.766068287208119
0.20255693789267593,-0.12310450347411472,1.3532482811540658
0.45247188048202314,-0.09082919776033715,2.436827947441899
0.3208606188233869,-0.08080853501788632,1.7240776180702413
0.4333060832065767,-0.0953011136932218,2.3538440740940687
0.26380639135575157,-0.12346767213418641,1.4651406611718367
0.23643318906193422,-0.07711942657940818,1.399085040845454
0.16412051142198192,-0.09054285507457072,1.0888901401832263
0.331524332101216,-0.11028383859650082,1.8810884389592104
0.36953914246946606,-0.07505777981930928,1.9390542675257063
0.38109859377097455,-0.0983838473476698,2.1225459327201106
0.16162738256642006,-0.09054285507457094,1.1150296712764125
0.2229740081623759,-0.06925872725754523,1.3615464680925617
0.18499086687075672,-0.10223101818573066,1.1777833553667045
0.21379201584426522,-0.12355120056467195,1.3393732153387665
0.33382188383601785,-0.103892570149129,1.9713505246915786
0.3049054673058038,-0.07992929432045115,1.7954797404195637
0.4125680247053509,-0.07031643125245612,2.3668463450220516
0.2849988652615709,-0.09586867216842132,1.715348442402314
0.393854628315192,-0.09905370976379002,2.0654985781104553
0.16547545879151482,-0.11709001831690591,1.1381535447821094
0.2514571002361794,-0.1042627883957048,1.5078724681645623
0.3533162363210496,-0.10184305670216498,1.9843933230835507
0.3250777106155851,-0.11387514703097656,1.7697681299209174
0.3640677366613043,-0.10579044713446528,2.2538527143309333
0.2670623386803379,-0.10130727465850398,1.6641095340571883
0.3410603543362627,-0.12159390726356223,1.9023808947018728
0.3048511155323348,-0.10764931242450437,1.7699994064860596
0.17282134455449127,-0.1362653255124292,1.0990582244967955
0.27245514530795245,-0.09028382699179072,1.6377751127547528
0.274350010895843,-0.0905428550745706,1.5269283184036242
0.38673072923146856,-0.09712941261167418,2.1649333920633427
0.40211629872923416,-0.08748709959750156,2.20802954222906
0.29926050405613336,-0.08614058169520633,1.71303164299474
0.3355845374974684,-0.07785410740248588,1.9117618617853553
0.38192289988400896,-0.08844389920329787,2.191150692891229
0.4338608252195517,-0.1055254444429824,2.3609431901294413
0.21665681272910997,-0.0938109198506285,1.4038940113728615
0.2272917068511453,-0.12705431374047127,1.384335247327448
0.2904156453776334,-0.09324472177095022,1.7430557834427551
0.4736511206558951,-0.06504293060262989,2.387352118763633
0.45619472832464325,-0.06594440025182002,2.4031434900426
0.11950123305588733,-0.13257287789061445,0.8533775931568157
0.4459666972399725,-0.0905428550745706,2.3017204948962715
0.31434077362825863,-0.11187623125037927,1.7654334419579112
0.1856766572565265,-0.12831670077992696,1.2546849072193706
0.31433483040670973,-0.08492995939093051,1.670037385382865
0.2917317168564919,-0.09054285507457083,1.5863919336008163
0.2233705994031827,-0.1046423120228025,1.389281706476429
0.2727140050339081,-0.07312152368109037,1.573099878254779
0.27564843666367356,-0.1076075486399597,1.5995659915996066
0.32454838646634143,-0.1152358409478822,1.8434852621402849
0.35340002251542946,-0.09572341579362886,1.914173815939336
0.27282221745535784,-0.10816823416216359,1.544855763992463
0.23849552856053968,-0.08100532647638792,1.5024573986126388
0.27486401664739946,-0.1075860696693377,1.5551182989037653
0.4313812322577948,-0.08136050577213794,2.6168016424563114
0.24587172332970875,-0.09434916153898865,1.526230741360789
0.20527516012598257,-0.08139050570222517,1.2952888978590926
0.20877691001512821,-0.09054285507457027,1.3223706247448817
0.31885084029111477,-0.08735212791822033,1.843425468923725
0.30601184253958347,-0.06925872725754534,1.903979376871096
0.3389590525704054,-0.09054285507457016,1.8916752511347414
0.238341974409515,-0.11832443656862568,1.488454886093974
0.17905320534334357,-0.08793935544508169,1.17915048443805
0.4069346025245144,-0.12164426181913301,2.005295880848926
0.17749601484681854,-0.11103247270657246,1.0885042047263584
0.1361745360974287,-0.10010392335035323,0.8648620016953485
0.2905633963809968,-0.07678039963564676,1.8539866937630283
0.23556967103458182,-0.10567498494068195,1.3823522046999963
0.3707786666381956,-0.10502463601904255,2.2166156471164205
0.14617492249802488,-0.11987903586501525,0.9014046738454842
0.13494474782965815,-0.14229629231670116,0.8800233328294751
0.22781462672171227,-0.10289860605708612,1.3858646837218063
0.16795866381077373,-0.09882267322552796,1.03051702854441
0.1997388446496251,-0.10182692944991001,1.1993011996222274
0.28995090229077225,-0.09189964572185139,1.5885498155342108
0.30006276202444093,-0.09256711811707441,1.7535594266820613
0.35119927903207904,-0.09054285507457072,2.0464288541984166
0.2597692463177137,-0.06677456248380231,1.518054694149913
0.2843976579069982,-0.10262109259820462,1.5123236576363905
0.16036847988839797,-0.12467992161006625,1.0011620960314083
0.333487165018008,-0.09054285507457072,1.8042148376111007
0.319463370602707,-0.09647004776831225,1.7934607851495774
0.2889913049851389,-0.0690675192395439,1.6960773518594907
0.4080492367619992,-0.09521229174479051,2.1485866964048457
0.17403150234176,-0.11642646634731668,1.2367715000109272
0.2435763697594604,-0.09797506585362692,1.5283850314859635
0.254212793523394,-0.11398699445861182,1.5247581905483274
0.27542052801310346,-0.0905428550745706,1.5358717366115169
0.07719247074583269,-0.11052367810408115,0.6199204528846909
0.29591735801724917,-0.11003062608818948,1.862542619844934
0.40057827543703817,-0.09242422467539213,2.196669946851137
0.16057136409616546,-0.11327643878937477,1.0429698621526113
0.31880232413179654,-0.13371541676230903,1.9228077514718616
0.3925359576977676,-0.09052039050440397,2.221966652784739
0.2431786943912435,-0.10597797153119892,1.3869340295190613
0.43792112632007507,-0.11345208269304619,2.223182671922091
0.09888453962137667,-0.11082311966197067,0.6840150702828927
0.4537001561356717,-0.08415840413084386,2.4861909994751796
0.35029524404528223,-0.08769606800846985,1.8219628723755923
0.40778966062439803,-0.08651005761764874,2.7223483372823676
0.24747922189710092,-0.12121166113494852,1.3974208079413184
0.369835935817858,-0.0759984083753914,2.036450151627166
0.1771876367914449,-0.0927146234386852,1.1635051314212175
0.2827959201572736,-0.0998164845549383,1.777333882879257
0.3134447211127469,-0.12795798901811095,1.8645488763371107
0.2615115378632833,-0.11687236289807434,1.5819892421520447
0.37830651518592884,-0.10332468984191168,2.258553018003269
0.3017317704900553,-0.0905428550745705,1.7025280382380954
0.4293866569100606,-0.09616769677493842,2.296399644840885
0.2569510493999885,-0.0905428550745705,1.610317843415052
0.33736385464583574,-0.0905428550745706,1.7504137510194742
0.44018896327794255,-0.06936122623353869,2.4640548375866245
0.1396901666812127,-0.11276713535860183,0.9362544711513174
0.25659617359329334,-0.07599840837539085,1.6195194591365454
0.2502122699766762,-0.09054285507457016,1.5120955897418293
0.32078678042463404,-0.08308167397385946,2.064985248847175
0.2600715658933148,-0.08655091998780529,1.5441790324214122
0.3922597180720995,-0.08079193574682897,2.0173860216623494
0.16179031902871555,-0.10828777907384668,1.0615282560504058
0.2817664838934322,-0.1204462568005017,1.6575234671280368
0.24202804752026053,-0.08440743036718246,1.4864385609813193
0.2169009680499019,-0.12000093147546587,1.4127917399189072
0.33583474308321537,-0.09456576271607198,1.7390272054719158
0.5263434763210217,-0.08111115048776918,2.796580369555358
0.4229262527800479,-0.09465147094345905,2.3299103544578528
0.1608346551934019,-0.09685296841320623,1.0047214950469943
0.37110229371434844,-0.07557122332834221,1.9731683784528329
0.24258385248252545,-0.11174777776325984,1.5799762785197726
0.1822681362465559,-0.09054285507457027,1.1668699508403422
0.2743089500492226,-0.10426237410033778,1.5763734367266562
0.3052946722483125,-0.07296735901810414,1.7682714272589248
0.35951093170646753,-0.10504019677983645,1.957238911107755
0.3472357006873663,-0.1078143957947083,1.958795945620783
0.20082863729989509,-0.10581683357263671,1.2816535844236656
0.24973426771290042,-0.105308243567388,1.436383894614433
0.5210972529587268,-0.08022653997020002,2.7669563494386398
0.1956085062134616,-0.11091788669668046,1.2376898823132318
0.39255442702326304,-0.1256727187376464,2.140896663252231
0.3894141310011803,-0.08557466150612403,2.08720022962445
0.3730047499963729,-0.08383040700033784,2.1551081429137637
0.2881324793427309,-0.09054285507457072,1.6599180220517566
0.22109353373822693,-0.11296359250675692,1.3663414940567256
0.34132710128918164,-0.08996441669875588,1.9690386883974516
0.20832372509958952,-0.09268604009150949,1.217278917237523
0.3284735878983207,-0.08502444360722994,1.9058315202361213
0.3205235080525153,-0.08082146551654923,1.7217079269931168
0.22377451626047695,-0.11712572521283571,1.3499053760250377
0.35120436612048644,-0.07877594104044416,2.056477961428054
0.2875731266058803,-0.10199781470406,1.8026312987497615
0.4494878204041446,-0.0920067536590341,2.214780348497314
0.2771605253610865,-0.09054285507457027,1.5554868854702535
0.26650116529597034,-0.09109595829667605,1.6656538970384687
0.2702171990629083,-0.11989991511525999,1.5067331105630986
0.32586866947647164,-0.11100532990711132,1.9515936319967202
0.3063985926298922,-0.09112649244140048,1.9092506889077447
0.29191474723150246,-0.09083731331264511,1.756019278536046
0.19451242794947698,-0.10473666017850036,1.324206383507957
0.2792487336830036,-0.09270075653039733,1.537638133424809
0.3279450976270937,-0.13659961648773167,1.9387725776341818
0.32619117734856884,-0.09849012797366985,1.8516692741545773
0.2849440825230487,-0.1337054938699418,1.6925125493322186
0.2572340224344798,-0.08257380723569563,1.6474550469746474
0.33196961122849356,-0.0993233162993793,1.8096218193518858
0.5086036531894902,-0.11965416541570684,2.3781776244059274
0.4430827909329793,-0.08295388695706252,2.334144505370797
0.24870034910413508,-0.08934340219251669,1.5556040727389435
0.14876925443564515,-0.08117954264992633,1.0806546119319442
0.17837519299715776,-0.14777927538432856,1.2080212293174017
0.3408256519542847,-0.12385478384392323,1.9015241679990385
0.3845944799663572,-0.10394719581224487,2.0984064667963684
0.3056988919391208,-0.09881441419185888,1.7039482025291892
0.42554337864958525,-0.06594440025181947,2.206456209893862
0.2169539133467604,-0.11527277813266978,1.2933797044364708
0.327850045642724,-0.0659444002518198,1.873407095814649
0.10702015838062473,-0.13479301316098813,0.7056854692233957
0.30899041958150875,-0.11100545284235686,1.6594905381177407
0.1320533562098929,-0.11173860838036964,1.046019494652686
0.33909847213604705,-0.08849183938675842,1.9155136189301636
0.331518489143767,-0.1255597409575835,1.735770310492605
0.5074533563557566,-0.1097066189571263,2.4837492321977415
0.26976649020908416,-0.10320602529154932,1.768214605241684
0.2864545352731547,-0.0905428550745706,1.7400604100136876
0.309801842601916,-0.09054285507457027,1.7866672904882466
0.4917928303754442,-0.061166782220784977,2.4626880692623874
0.38391796066801986,-0.10568590328433836,1.9887783335640818
0.5478329406774585,-0.09384409165191931,2.666125483359506
0.28650107999013086,-0.09618560899999407,1.6974014512687008
0.3145416517632864,-0.1349874971024133,1.797374051167106
0.34985400756625595,-0.11080968705055982,1.9434987068077443
0.32779492279058875,-0.0880596641283693,1.8077749611079783
0.32903917681403994,-0.09054285507457016,1.8607981852710043
0.24040538590341343,-0.06925872725754512,1.5722676913083726
0.1602808290032829,-0.10924184710433915,1.0267653672564028
0.2591343767668395,-0.0905428550745706,1.7505124830104388
0.34281075088611823,-0.11138946249062831,1.7144368161589492
0.25167313702436167,-0.12300184574630335,1.465144364632672
0.2849265650881512,-0.11025147992022921,1.8924213723846164
0.20231590860900206,-0.09054285507457016,1.2616882168042958
0.21136280148629893,-0.08656553259151245,1.3146711731794642
0.27078305706806116,-0.06332050854384941,1.788513108724695
0.3706681988346672,-0.09561591589822949,1.851625353436631
0.34837593039215076,-0.09172035162109227,2.029430144321361
0.19686641473564914,-0.10231357075008907,1.2828447970221875
0.2536839774569539,-0.09054285507457072,1.4568773298885818
0.2964896338116636,-0.06998576164203185,1.9027196029139617
0.19887697711881924,-0.07518578433021683,1.2881264557257146
0.3121519019560437,-0.06908535137848393,1.9906590107986866
0.2168315133363743,-0.07079770528160334,1.4115936965417801
0.1993460578091628,-0.11404507937295294,1.308093421132734
0.25473833105979415,-0.10951932483541116,1.4674030331149306
0.24141409056078555,-0.1065680452198069,1.5544893186547748
0.26945881946554984,-0.08057898875599623,1.4686065070658891
0.25965430456170857,-0.11410890109093064,1.5760018873116763
0.34551570837857715,-0.10451075786102404,1.7861745053865785
0.26747468689703013,-0.10734266560392092,1.5865896330956166
0.30577623326868464,-0.10677630117016934,1.6509519456611572
0.32821554194277724,-0.08872845417772934,2.013825925260881
0.2117700580573476,-0.08103641226622116,1.4254801297841018
0.3263361447593558,-0.09523332494896564,1.7916194252935376
0.34563557777736054,-0.0763799610423016,2.10889844136146
0.23256810091759283,-0.076487841255939,1.3778719071422156
0.4994229238756265,-0.09955603774702759,2.463613087734247
0.25728494868503904,-0.09375821524273031,1.5551059091922124
0.500595166956961,-0.0656988706019177,2.4701665664882624
0.23723834934334675,-0.1055272221644673,1.34878371730015
0.2500642509734228,-0.09360784748757922,1.6835477972985167
0.1276386215688743,-0.10828523671401691,0.8370602743243266
0.20978659674980427,-0.08302060511093556,1.2678219619346682
0.3460365862914656,-0.07948407681957526,1.9718382858148453
0.4129459643005995,-0.0659444002518198,2.3165159265288837
0.34597987223312776,-0.07395443775127863,1.791137697562552
0.15921343686329759,-0.13266572997196224,1.0578970372276075
0.30691376699354445,-0.08325030936852595,1.8777153367835673
0.4722393354232768,-0.09134434509221423,2.523792032505949
0.12300704402339879,-0.1214446796273293,0.8702705935394768
0.2658890842117374,-0.11161665748388805,1.5832066331444028
0.27137418582174444,-0.08985173784017275,1.5983026846653656
0.24990427248308844,-0.07752117591707364,1.5690162742566343
0.18358911177906978,-0.07395297309695481,1.200359849982912
0.22948647882485562,-0.09323378522740688,1.3384079293412556
0.3043491707083683,-0.08264733968184745,1.7242635010405787
0.046341230714359805,-0.19025131759488856,0.3830374864909768
0.3723110212927596,-0.09054285507457038,1.8895435756392478
0.22346943757985405,-0.06925872725754534,1.4238321143603931
0.261029178159228,-0.09289863419005495,1.5180930880423777
0.19050064730455696,-0.11254966742687278,1.253045545598775
0.40075566609195157,-0.07148810505725711,2.0932028460382086
0.34668732711653916,-0.07109774360523857,2.0136646524444584
0.13403039555153895,-0.14844002410624135,0.8662048751801416
0.31610927713937564,-0.07508193316508383,1.7413003493702055
0.2023258305862332,-0.1338114294869842,1.3700379261646134
0.3108683480826644,-0.1018163629605302,1.8146642088423108
0.4061562105124523,-0.09054285507457072,2.0774663275070324
0.10444359324461305,-0.09805327136218722,0.7319613171277884
0.2899728029204258,-0.09493857443545539,1.6908313665225558
0.3546705110010946,-0.0718340056800042,2.039887230135816
0.4872231978456081,-0.1049827870908484,2.5133250389558235
0.32859867933416065,-0.09017816080452534,2.010887998683969
0.35258086353613227,-0.06925872725754567,1.9444446581286765
0.3664510463207411,-0.08110689451481023,2.157087009597593
0.280135743363775,-0.09679012203760173,1.7448520071530422
0.2060361351547788,-0.10901904170021304,1.3217942676217331
0.33734537040759194,-0.07990426482649637,1.823616566937138
0.1930492905234371,-0.09054285507457027,1.2643887786196542
0.30357103530116336,-0.09809102101370903,1.6152514563784666
0.22112512393273698,-0.15194298469717327,1.3960420272848546
0.2711736932305997,-0.07005655114419351,1.8163301842030548
0.3429910230937614,-0.10204052209955139,1.7610717863567595
0.34867667990476314,-0.08970546735057106,1.978981738310301
0.1501151890992518,-0.06594440025181936,0.971925750921178
0.2280445156848625,-0.12271672115570342,1.3559602654713443
0.33195999053266845,-0.10846795563676415,1.7757843921472574
0.14694832675479375,-0.09879866432469342,0.9581343034419714
0.3637904689974285,-0.07443846438012036,1.9842316401672198
0.3741620968588142,-0.10037628853730962,2.0784919218434275
0.1420374750976039,-0.15323264183813134,1.0280299875288008
0.34249789970144207,-0.09054285507457038,1.9375170975561051
0.1904383656640929,-0.10096202008170174,1.2485766793995168
0.3032368232438962,-0.08765587647599671,1.9081328610918273
0.37194605631526034,-0.1056006925640286,2.0585809950804705
0.2914577453621958,-0.09299094296736199,1.8293365266815478
0.36441846969683,-0.06925872725754556,2.1994622539703528
0.3260718775304683,-0.12059029037669888,2.0132432885905076
0.2528667870299852,-0.08944498229911979,1.5511253511013086
0.23462077334453357,-0.0905428550745706,1.477194101869072
0.11197913247192126,-0.10593451892114891,0.8377181004840425
0.24352395546290873,-0.11750785001174169,1.4588893109227794
0.35339968663688026,-0.08697143504287352,2.0727920020969037
0.21692468061306136,-0.11388221826797007,1.3670055974319653
0.20761173822628898,-0.11912102150865844,1.2366520925568503
0.3767639749513032,-0.09223383615621394,1.8577766087558547
0.38376725821842195,-0.08730659265384111,2.2398313129341125
0.4201228127837968,-0.09054285507457038,2.2054613235452356
0.2839283632455796,-0.07785410740248555,1.6454005614198144
0.3650492348550807,-0.09437833568206921,1.9602178796507714
0.34499585695110135,-0.09285556485415092,1.9556029843916438
0.30405703136971574,-0.09936402382926668,1.6652058810728358
0.3485332185110084,-0.0789058099203217,1.853940584673583
0.48749132047006416,-0.09087337891074199,2.6363005835850464
0.25059699157751325,-0.11787370655357643,1.4920330096657777
0.2906735686835151,-0.08687454906202308,1.756666103273426
0.224724848592601,-0.1194882143595698,1.513216440808407
0.37045899018059325,-0.09211037577808523,1.932689479335993
0.19171664279686018,-0.08643525275642638,1.2160914262317637
0.3942786734002661,-0.09130752395226571,2.074556490743466
0.3066989093489436,-0.09497028538437025,1.7402655600619783
0.28232524487504485,-0.09450542972378673,1.5939229089142775
0.2936830514900064,-0.09283217232030105,1.7519146124855454
0.3240025931425432,-0.0939137045743963,1.8221758726408057
0.3222746837105903,-0.07515198009828183,1.762613960434937
0.2597575305659965,-0.06743162982576023,1.5320651797358784
0.29229375782128897,-0.0625833500209294,1.7719641569248727
0.2853638365064426,-0.0806194088727189,1.6528433866937704
0.3180757911333474,-0.10248751142573198,1.8016923630843593
0.14532842407388102,-0.12400996744817594,0.9597856456184929
0.27301293888476663,-0.09255161895766673,1.637548054631156
0.35943629913209074,-0.09943855047104433,1.9952435472911683
0.314543065922672,-0.06925872725754578,1.9196338122919996
0.2618269481756481,-0.07447076666560137,1.5374700990545325
0.24233777108274057,-0.14222623392702427,1.5675894184097396
0.16286877843465564,-0.1260347046811362,1.1278991302581067
0.35068131616781395,-0.0952122917447904,1.8810194653386807
0.2686527912909804,-0.11841482386525315,1.4873848022603426
0.13808789553343592,-0.15601888854929058,0.9124144221192341
0.2012076370124103,-0.11245303891185465,1.3369099113676608
0.09569910587480557,-0.11127507267045611,0.7146488019423772
0.14262719554329317,-0.13568104921454938,0.948692366048119
0.4242638455222436,-0.08634962783557909,2.3152422820765475
0.3215985180187151,-0.10134328839580298,1.6790704063251625
0.22615334521183628,-0.10563199153298641,1.3328455131132344
0.19714582471806885,-0.09813603053514064,1.2295644197173898
0.3290708472454722,-0.10419633493110192,1.681635802164959
0.381669386077663,-0.09960307425558335,2.0971213301476928
0.3520041855030396,-0.06925872725754534,2.017421223164237
0.27097715221546226,-0.09054285507457005,1.7148973963166219
0.25695943144988775,-0.08589271532753806,1.6126573438013396
0.23033527924030306,-0.0855709628332827,1.4039481756127907
0.23795025035243955,-0.10736439119673558,1.5198807263457184
0.23417199612300443,-0.09380939363349616,1.439445386793728
0.23861050534698314,-0.10386313134690894,1.511112711678186
0.39476700881215776,-0.0659444002518198,2.162426302133343
0.19932395022691396,-0.09906657502064897,1.352790219911121
0.42420994831682757,-0.08617005037507197,2.2088902069555996
0.16897632898198278,-0.093266729147225,1.1971657295250764
0.20948115643859322,-0.11306870259181712,1.416385006338923
0.2858074671789135,-0.09230195616614567,1.6186855703564293
0.336014657700185,-0.12869450526369053,1.8069307712785776
0.31080141018506513,-0.09054285507457038,1.7753947872817697
0.3336550282284081,-0.0708697147635371,2.039122886682363
0.23008603867438704,-0.09901884939602057,1.4566447719588005
0.4835514112341175,-0.11369029724730328,2.256012075086382
0.3979209899826541,-0.08822957587661107,2.0931602019385744
0.365876962897808,-0.10498278709084874,1.953662557281788
0.28915380836195603,-0.09755343538001138,1.7240188369889735
0.35364901916312363,-0.09225979585639132,1.9260582193957034
0.40137650738172836,-0.0933528447527533,2.2540281785715357
0.32038430160963993,-0.11752556709804352,1.7098885317473955
0.31913070452809733,-0.0733938316166397,1.9726114937013104
0.3070055051152081,-0.10278327479909621,1.8774459264190602
0.34920875544566976,-0.08208656028048333,1.9296132865668145
0.29230611987195454,-0.10006395429493342,1.70288961245063
0.14291245885882842,-0.14176170770310814,0.9904376480339523
0.24044614912544104,-0.08325788999245942,1.4637005913852306
0.38572082200320823,-0.10085526865750749,2.1666724720833206
0.3520383464637502,-0.0727207615440103,1.9520798486730906
0.20907661804453914,-0.09757778813291107,1.3692591672259053
0.34548981228497033,-0.10177624059934554,2.0186800976367554
0.19804341525648228,-0.08103641226622094,1.2126557543726646
0.36829721764723056,-0.059570589181678235,2.1704978132105226
0.26284866669639784,-0.08357193288736897,1.5747882543210026
0.36485757879345826,-0.0742418084861104,2.020447907361035
0.2814848342232861,-0.09269488782658908,1.6407412989954542
0.5016661047811208,-0.11472841194581973,2.504928737279738
0.346473451715803,-0.0903080981802703,1.8352374789054553
0.30821242770301405,-0.07571152457224017,1.8141299737956573
0.2631651037034797,-0.10540096763436613,1.664236131088632
0.20979107506697847,-0.08336174989501277,1.2539014356675653
0.4537176656337265,-0.08139050570222595,2.334536789429977
0.238551284317011,-0.09694635231567317,1.4710185554407664
0.25782402398157256,-0.0905428550745705,1.4349502335427236
0.12131192994833095,-0.09791202635929341,0.8514266175808299
0.3256840026715466,-0.09320389103143656,1.8547818759232466
0.4439189686315981,-0.06925872725754523,2.409496711720885
0.1934665234285835,-0.08952652979371434,1.2411756012415216
0.3604929393590679,-0.09368069119202427,2.017116484279524
0.3194008525979679,-0.09204151498569657,1.881928733717908
0.32020442536151195,-0.08622303418326427,1.8497104043157278
0.2833630121231918,-0.09371724167050055,1.7157969131354998
0.20669242760589746,-0.08161023095849174,1.3324931842373542
0.24535552170011532,-0.12501709746763445,1.4739827425467347
0.4418799713043442,-0.10456390811363792,2.3002672405033846
0.2507938111100567,-0.094167280389854,1.4904792364687707
0.44157905969390265,-0.10259551953772061,2.3977082972299457
0.2677647900251199,-0.1079299365880545,1.6115033701333847
0.1974647075110123,-0.1319019131606447,1.1625519124415828
0.35380423732309074,-0.07933189115452122,1.9911842057670475
0.31222255491836526,-0.11137820157868195,1.7444256138686351
0.21145174068935813,-0.11145514007109347,1.2805441085943716
0.36380667634285624,-0.11336168734005392,2.0783974555242293
0.23979372850986014,-0.11065541374457988,1.3869023141220505
0.1468010597006011,-0.09054285507457072,1.0085195018771327
0.11928603766748225,-0.12549596876940572,0.8373730725107745
0.20420802205148392,-0.11393861304667285,1.2544900441840487
0.32942649732064044,-0.09199853488932475,2.0416499183754193
0.22171696148074838,-0.10195208978515802,1.3421168118705042
0.36288133392685995,-0.06925872725754567,2.141114437834515
0.37768072817864096,-0.08742612083871981,2.175804203197366
0.30276556195590065,-0.09718746018586155,1.6946468642504557
0.18764647006379276,-0.11358039784646712,1.1700565320728653
0.3519076924904925,-0.07557761961589038,1.9653217659025175
0.18933417034314015,-0.10018080464182932,1.283358834811323
0.4437500357314439,-0.07049824614524158,2.598067648090441
0.4100144831807666,-0.11131872341431859,2.1185744868518905
0.28670278807233474,-0.07640462676898818,1.7452060368772144
0.5105373281508574,-0.08293725445470923,2.6289784095160935
0.28484894527360805,-0.09054285507457027,1.6563490342177156
0.18592276011221154,-0.1195231580895253,1.220012585903063
0.2884379959426291,-0.11854744120220329,1.673526486233874
0.3010555742216663,-0.12929358863635187,1.718759539592136
0.1496416571901269,-0.10860150928480916,0.9615787175387781
0.3388993880108606,-0.0659444002518198,1.9755798882056466
0.34865844282013514,-0.0900618108839305,1.9163584770698456
0.44979268967136754,-0.069258727257545,2.3617154539125007
0.3286335050978195,-0.11463658260482434,1.7664643086013823
0.41190511103249183,-0.08886833828959406,2.4042158206644895
0.30694892147910724,-0.11636938735990099,1.8434766742319986
0.3279605403539443,-0.06925872725754556,1.99544538982497
0.31573702020496874,-0.10257375406516434,1.8404726812783252
0.3248183575665007,-0.11159573642486342,1.8173293416965544
0.39853585042425643,-0.07806451446460239,2.3039642822475646
0.17871416624121506,-0.08038791849248017,1.1840959928546035
0.35817541571688594,-0.06925872725754556,2.1712709623654174
0.2121749775401176,-0.08837583447274888,1.3150230298759384
0.4176279804344982,-0.07896159217134524,2.140557603741875
0.2705765131688409,-0.10507143426925003,1.532531964302977
0.038952973694170945,-0.18694393141852272,0.322904190341405
0.3398712565161839,-0.11360707097144052,1.8811534871821787
0.16061269398707356,-0.11431045541016416,1.1484430146465756
0.4792634633800448,-0.0739827674995901,2.511693420019234
0.25479024157221764,-0.0972516972821642,1.4984061313619623
0.10719778352694886,-0.10087673629895755,0.7368565797303873
0.45493480042521006,-0.09839947636698565,2.3926998260599874
0.27800275009601316,-0.09684903663385891,1.6747997495592775
0.3443914069619447,-0.10764811220575043,1.9164455748616058
0.21916900413451668,-0.07842947920955212,1.2558972650650093
0.34491493534013684,-0.1147887034289149,1.838319306174701
0.3827111295149559,-0.09809297511338622,1.9434984518439002
0.31651590594405676,-0.12400996744817627,1.7658537509255572
0.3034862975854593,-0.09054285507457083,1.6619445429336777
0.2503469555855684,-0.09054285507457072,1.4661460911470843
0.37350688064174764,-0.1255560238621265,2.0929266039816734
0.2957675085170399,-0.09924798943399815,1.682858088813347
0.2593398129146629,-0.10164368257625966,1.5556728805523843
0.16155552282709262,-0.10140724220244979,1.1136301068722152
0.31729345834512457,-0.0877142100734376,1.8121638680092367
0.38842052852683806,-0.06925872725754523,2.0190705803250273
0.2537917853918543,-0.09491333996127449,1.5470249430672987
0.24967108844176988,-0.09757142741964497,1.5338992154051472
0.2532817783685346,-0.0961341705811175,1.4426847975929846
0.17882150328429414,-0.10136950381354437,1.1858236343241753
0.25660342960765936,-0.12138001924923514,1.7005054465993232
0.15707108017673255,-0.10223679947362851,1.072484963220062
0.33955818205967403,-0.10079861821198288,1.8044845802370837
0.4629358053177939,-0.10315847698325653,2.3886185575448877
0.2254443296573334,-0.09353732325938335,1.3501035408638906
0.23998733677668072,-0.08242805378681384,1.451842673073194
0.22998418003677967,-0.0850077289570007,1.4445629286683142
0.3065263726660583,-0.09879883222770802,1.913073341961882
0.541358604982404,-0.0730790680255462,2.6779917768345713
0.1812708889246497,-0.08739910439730036,1.110328736414298
0.2455343439726243,-0.08403915925282046,1.4591719676103359
0.3018251653935473,-0.07072520154089756,1.7594415113053639
0.2842225424149438,-0.11568226410023463,1.6169132037005738
0.2638180751354502,-0.10686697159375436,1.434524055887849
0.30332378203523325,-0.08879856616350323,1.8368427492332096
0.21223890929216038,-0.10197102889661136,1.3955124340850664
0.2739968063419762,-0.11305142190508233,1.72849421583195
0.42805372054154445,-0.0800214508753826,2.49053319354116
0.27255916295933247,-0.07641345297553925,1.564514236915138
0.2197260987780012,-0.09271090943357452,1.4103027224769955
0.25096214413035245,-0.09635761057773373,1.5309031682833312
0.29407381499204677,-0.09054285507457094,1.6873239868943848
0.289644000999866,-0.10909420097816791,1.6124776682352122
0.25590894840135325,-0.09836690639325663,1.5207657712208509
0.3865527643447422,-0.12690971465456613,2.1699563698612208
0.26501216003993533,-0.09938525435442702,1.564052630522955
0.46938700513097764,-0.09051362667022822,2.413284138929663
0.22227737528442182,-0.10498278709084885,1.3641601987487955
0.3577713198946628,-0.07545551617505186,1.9762027807924116
0.08827255145030843,-0.10728405122255069,0.6443093342139683
0.23395639125233902,-0.12196252441662414,1.3680974213298005
0.3346950827447259,-0.11238059709710191,1.8244112960249264
0.25926620465486816,-0.0913729631217155,1.4941369747096316
0.3399329919618168,-0.09054285507457027,1.9420033859347157
0.33242505984324855,-0.0905428550745706,1.8085847721012067
0.3237111659397427,-0.08767793549348435,1.9027618937708157
0.1946565795935311,-0.07537921472569831,1.324401508740089
0.393452526615955,-0.0918257332096194,2.064727551912927
0.39425955869640505,-0.09054285507457083,2.147151475814706
0.26774575570072257,-0.1487257220326932,1.6003069085002564
0.22126290246580105,-0.12566648813804693,1.3930484118404174
0.3104927187196802,-0.1091571253688981,1.7246895341034651
0.3301307473301476,-0.10783291521667793,1.745489696365786
0.414783470417009,-0.09054285507457105,2.1144383575682335
0.24837428478391366,-0.08592616267750819,1.50618459112982
0.15774914902884407,-0.1359481853499207,1.0508105237785048
0.5304213033166456,-0.10456712832440496,2.72689394003506
0.2438158678285416,-0.10821973203915602,1.4440662361134946
0.26828166690477606,-0.09857686051046144,1.457599189361782
0.2575809587723594,-0.13107560556555686,1.5311929390994572
0.29916750735226527,-0.0952115261607066,1.6651388630342097
0.28618593198888687,-0.10946887484394241,1.4921602513523249
0.24156303120999123,-0.11598757955275196,1.4646852666457524
0.28602538125582355,-0.07321048394551932,1.686145941030082
0.46901663924950543,-0.06925872725754567,2.387342981368849
0.26731949782968933,-0.09045962983552125,1.5611151260663505
0.4133210219643919,-0.08582700471781224,2.2979168405037136
0.16830580776498305,-0.08802406086794301,1.08430946925159
0.2837093610337189,-0.11879981589787292,1.6185639467727724
0.5073606961948665,-0.09054285507457016,2.8074071467800503
0.22797908313448767,-0.08080845157172378,1.4192325454811079
0.5126600985458105,-0.075589490686095,2.6167752145524092
0.4843440151032763,-0.07932722803580938,2.587438901035451
0.2539033474933867,-0.06949127310338021,1.423267787981314
0.3898486233157814,-0.09049677703950643,2.288843358747823
0.1813568194257298,-0.11379728352826546,1.1400553670617488
0.3224769733419315,-0.09584743097390058,1.7673679450219226
0.24244303325500582,-0.10291777424774551,1.4201650619473025
0.24226330663479656,-0.11403606376313036,1.433590624715967
0.1909415349930359,-0.1217810806840417,1.2267936186993504
0.2620461621213881,-0.08252292926363602,1.6323241831568445
0.24583402246147146,-0.11147235669306788,1.41898996527612
0.3792095343299231,-0.09592772493099533,2.180590652874814
0.28925658631595885,-0.1051732903148157,1.792364073836303
0.25464065921557144,-0.12290721453844267,1.440488941623031
0.20126374866270202,-0.1394380194011866,1.2596443230278176
0.12298307675240339,-0.10579732791502794,0.7968472286363697
0.14523231617570143,-0.11202174399160247,0.9505979999045219
0.2840788513595305,-0.11801619388706097,1.6711559806361105
0.23315947021733874,-0.10941416338407217,1.267784456359359
0.20976285038598186,-0.09452619464721324,1.3596995870585986
0.3379318970744618,-0.10402535847724192,1.9197825619967888
0.3310827155063467,-0.11196695870437556,1.880920603056743
0.29887540703076154,-0.11049232757022409,1.9161296165457378
0.3543254417074859,-0.08495442424074362,1.8265855917708702
0.27659528502393504,-0.0905428550745706,1.57648505422141
0.37125965273566286,-0.10663952654205822,2.018992749570547
0.12909650574691423,-0.10663505137450191,0.9297014207667049
0.3270617616724758,-0.09284963274656899,2.11582427754754
0.3578202452221826,-0.0960862596766423,1.898269939766526
0.37243246934725494,-0.06116678222078531,1.933322286311258
0.27835724244735394,-0.09054285507457016,1.662883856470094
0.17066375426049207,-0.1309470199876669,1.1927477709732206
0.45116638325207514,-0.07943754539862147,2.4629050685232152
0.14587082668796092,-0.10144114430275986,1.0176448837867498
0.2264590942160467,-0.08973382295550691,1.399229711540875
0.23022359754439914,-0.09354532710217822,1.6631069948344688
0.3218712154244763,-0.09154395166877682,1.8503394227088206
0.09159963604435872,-0.11463944834289042,0.7196833304208875
0.29063740383085146,-0.08574816104465799,1.6371728241414245
0.2801030482434803,-0.0998227241369094,1.7943329375564672
0.4548904132599161,-0.0692587272575449,2.4029331376665266
0.18291170750642372,-0.1083144395824831,1.1881125666096022
0.35419026612724624,-0.08147971808991339,1.960605725390833
0.2574334903891762,-0.08292828659747631,1.5776122704581366
0.3537251570048461,-0.11244708544814908,1.8368746920965677
0.3544956483803954,-0.07162932394076049,2.083748121998855
0.19786078973506038,-0.10237804830908526,1.2257760412443028
0.22296007718341282,-0.12306729142529627,1.2886166995760866
0.31407470094230594,-0.1165691756651579,1.7228683730449714
0.35057899900504585,-0.05482570026999811,2.0589298377372773
0.27281208684660996,-0.11542137645997552,1.6901765068992198
0.42318046827956723,-0.09304600366215998,2.269742646628851
0.4138344706124433,-0.07364482839002495,2.440274227550995
0.26046439435952506,-0.1393488265453422,1.483371143643457
0.2590653423903293,-0.10276505979319195,1.5826670042197584
0.22809336632698618,-0.12090104271300262,1.4083978746194166
0.48264024556565155,-0.0938172926400751,2.454368055831082
0.2556465939671084,-0.07950621723731188,1.54819441140634
0.27898649709490364,-0.0905428550745705,1.7221861301519599
0.3766573674229814,-0.09260056221251278,2.0582777063646227
0.23875516521305196,-0.08086563327608332,1.4645695666627423
0.25155272387706806,-0.12582335612761741,1.4759799600449799
0.38443410322429905,-0.12618734628424066,2.141550917301948
0.39661447837555786,-0.07795696708480404,2.257525014169301
0.12363109975526743,-0.12441380222143572,0.8559878701950879
0.3636284758030739,-0.09028492134575405,1.963647673356433
0.18779987963728728,-0.1028246029723674,1.234275724541703
0.34142729908609093,-0.0891533268960929,1.8433988470158285
0.1154285053189632,-0.16266716874903298,0.7861159849128261
0.416523004732934,-0.06594440025181991,2.1742503717474073
0.3294518392203305,-0.0774349700392758,1.9191623296522642
0.32932312971233535,-0.09543076134511952,1.727686994763
0.5048922503136977,-0.11566600482475786,2.291627991289535
0.2854700080785164,-0.10571139107474614,1.6475065152848667
0.17861548529443727,-0.14836275036520363,1.161804016979483
0.40976956942960774,-0.11801460895451643,2.092713872346264
0.3730174939060815,-0.08519513119695021,1.9467171643646002
0.3209980478538377,-0.10050435961248583,1.7223721063740822
0.2222012203219792,-0.08158218686787988,1.4275893710927503
0.36692307314859507,-0.10713069757004912,1.9861387656577925
0.37361608017618253,-0.06594440025181991,2.011007546423938
0.26595394083232726,-0.09054285507457027,1.603953161135652
0.32454752592323555,-0.08904754007117754,1.6520776911719872
0.19159915625850554,-0.10043757616942606,1.1456090042485505
0.4925414560087087,-0.0785639558471386,2.374996384420354
0.23843068880600438,-0.07151219214975035,1.4590632167160464
0.30426384268443973,-0.09525574684946847,1.8696714122925613
0.28587743519965203,-0.08196566801091143,1.8832633723949375
0.17362586979081152,-0.07711503423178967,1.135092385570424
0.42366709448816753,-0.08057047085407232,2.3097534062485363
0.30928155052576334,-0.09753649671662967,1.6800064598769702
0.18988955818717823,-0.0941006899919481,1.1843177631022175
0.29115578988042845,-0.0905428550745706,1.6032399694540684
0.2713921807501798,-0.10077555687532702,1.5749525252540968
0.2093030674100722,-0.10761546689734003,1.3366173106983035
0.4384648274608587,-0.08794614427391845,2.382681973556877
0.21219835371515483,-0.12109165205170258,1.3665639818619983
0.2338095770325772,-0.1210249362170489,1.3585973995242693
0.28242659368636347,-0.0905428550745705,1.5593962597515472
0.3588309711510902,-0.08782875138150914,2.251213392611389
0.10350898438700162,-0.12537117535939768,0.7829676092044727
0.3446996088304568,-0.11379535919168093,1.870066559194611
0.2329397220727376,-0.14001948937671704,1.4642931462773565
0.28897116986134463,-0.09825495620216762,1.6979273035294487
0.37102145836154654,-0.08543581725201232,2.1636521878647486
0.23269730904718333,-0.06925872725754545,1.5122778182125571
0.2556462123090699,-0.10004966289495465,1.479861683800708
0.2531870118953563,-0.10472300930286638,1.5237744921244782
0.34564583015463657,-0.08545581350666909,1.9441655352472427
0.3221578356930648,-0.129664104235519,1.8147536632432921
0.34059877397014726,-0.13087612957301487,1.8716417763145319
0.2687916794395284,-0.10977588518857417,1.64238890585583
0.3478031607627108,-0.11963232359151488,2.1143860757085413
0.36749620096707747,-0.06632784621120669,1.9540585363350342
0.2274409073898358,-0.10975141779277964,1.3581588558770448
0.4643370428419413,-0.1338607856375208,2.4343421952544313
0.17294081925689775,-0.0905428550745706,1.1174242334787354
0.2964948045846789,-0.09390522087563757,1.6791884779837456
0.3247712583311124,-0.11024262117694272,1.8448154911595236
0.2655723361027893,-0.12666716315369475,1.5854275508033717
0.24939722629220062,-0.0959010341695552,1.447863538802065
0.2933882712003417,-0.08628245111967048,1.6958025672148183
0.3723449175991713,-0.0940131644315092,2.078617043927636
0.20986807109810002,-0.10036229166373933,1.3864572786856628
0.32532225095718914,-0.07548005259050439,1.8110197158733672
0.31557270539785764,-0.09557530217700472,1.8033666775728132
0.22802319504398016,-0.10574780862994737,1.469954913419342
0.4043697247860303,-0.09464192797262472,2.2777351710908773
0.38773926346979115,-0.07718508262177626,2.209276207114037
0.3101820296345257,-0.09619042900587815,1.783429017855005
0.3103804014798497,-0.13641658252567557,2.010481504553948
0.3443117248116221,-0.1108176152328193,1.907101347400311
0.3535568112636118,-0.09522251891136058,1.882413558625527
0.12188275805145343,-0.12501381980527482,0.7681003756195199
0.35228036228252324,-0.11927049842458881,1.8679385895363179
0.3373494027903816,-0.11370924749365141,1.8533300488216364
0.26917010627341065,-0.16387289700990548,1.7409613924008842
0.30582378709305535,-0.08318132378278142,1.72250336800687
0.3548013014880276,-0.0952333249489663,2.111192171473639
0.32337214754105603,-0.11999759956921952,1.851437061963925
0.18423631878012303,-0.10431646172989661,1.1250739862026113
0.2038842662479461,-0.09702946587457173,1.3802282247045565
0.4201936533278998,-0.07876764363974065,2.1481546627704797
0.2917682612349968,-0.09149992252923445,1.7339029530617756
0.21452627341391395,-0.11289615756664839,1.2808286702596814
0.28180651366061826,-0.1075829796987825,1.628535518996079
0.22574469007518227,-0.09364606129684716,1.3800276645823195
0.5292013067928389,-0.13798460982494054,2.7669672587533056
0.34639781162234384,-0.10616906397045944,1.8932406465128795
0.3741119779924089,-0.0887276982872619,2.114241792728556
0.32632813460665644,-0.09369072009171608,1.7939899373528858
0.27194403163664926,-0.08259159295252338,1.652435595372471
0.39508167804971706,-0.07158023610084285,2.0070011359141318
0.1900988725827717,-0.09202388504004477,1.2542999641011958
0.23879237394046315,-0.10378986391485479,1.340836117641964
0.3123062237273362,-0.13667184603870086,2.0391861089467804
0.37828006333485487,-0.09848885207022229,2.009239715987197
0.1420269359293329,-0.13027830857882527,0.9602089373348092
0.4905787892971143,-0.08810929323409855,2.5368552729287774
0.22339952210096037,-0.077854107402486,1.4192865759169546
0.32882162462382203,-0.10770231914305917,1.848251129831602
0.23157992357813373,-0.10546002550951938,1.4597875503197346
0.205695696055463,-0.06835605806709999,1.3509762801232137
0.25366261899434694,-0.12137043412107462,1.5165769052044926
0.4834242485935818,-0.0905428550745706,2.4794240729118506
0.3487410580568444,-0.11057191183570803,2.1923342257897325
0.22690039162659947,-0.109601893000431,1.3293592209325977
0.11099447705196308,-0.11437798850500014,0.746839142220235
0.2707743787839396,-0.09054285507457038,1.55112151527983
0.13905497634375363,-0.11425509737544526,0.9473729940764501
0.18602235918759646,-0.07488850374829481,1.2637384361718247
0.30682025853740935,-0.09054285507457127,1.9028467443476462
0.1862901894056972,-0.08304520747122535,1.1653909329668284
0.2502814389890964,-0.10435944289062482,1.5549910429915963
0.3669073916768588,-0.09486648776612394,2.043873603208756
0.42347202655819083,-0.08115892183655604,2.319378076364684
0.33914588436464244,-0.08567588933842418,1.9798706619978275
0.3923344454087705,-0.09054285507457083,2.133624441639173
0.4487982434509201,-0.10438455188774254,2.2383555517514466
0.1554190729787166,-0.15617914475025696,1.047349512354501
0.2880517917321246,-0.0905593496363406,1.6112540301432514
0.35573077660642793,-0.0926699280886627,1.9272864517555397
0.37296078497736596,-0.07800098725279658,2.0081482410885783
0.11973182143273853,-0.12854535928980915,0.8307074426597122
0.15067205694597696,-0.10095193526054358,1.0364319499476617
0.2924665146954044,-0.09654374299564938,1.6998310285708909
0.23366481868717837,-0.11868894415536535,1.436699954986296
0.2730711139106399,-0.09976828945789473,1.5461615058242801
0.26429104711008167,-0.09097323230302068,1.5065209273229379
0.16524865859898008,-0.1294247053503561,1.1160080745632663
0.2795635443969122,-0.07771408902212718,1.6856290584264422
0.27551059069207073,-0.0780959868785499,1.6106504141265352
0.4786643375898809,-0.08502791940717203,2.4246413792163466
0.35774751429529306,-0.07333013076476835,2.0833169799661135
0.21047643875689936,-0.0721303109472673,1.411316394659055
0.27920643573206316,-0.14404974450969765,1.6646716641453934
0.29523521323803337,-0.08361968656003527,1.7697463812591394
0.03793661569695983,-0.12772251182324168,0.34499104364772104
0.38907389915647816,-0.10251297937347692,2.042808151755203
0.43493669770347965,-0.0979638406741975,2.2342317984499003
0.2231666703424553,-0.10009807110266322,1.408681583335057
0.3205538143688422,-0.08130166834807528,1.794892990201333
0.41066675410762565,-0.0905428550745705,2.1750393689094456
0.37296157021172327,-0.09136715665021622,2.0810432715918363
0.37667624364645347,-0.09054285507457038,2.0869484540329895
0.20830656718527463,-0.09897125503070547,1.4284880198116516
0.32085203827892195,-0.0948976253738687,1.7942587009799416
0.38074560120683354,-0.09640502779119198,2.2199749049064494
0.2318644406857837,-0.09082941215393059,1.3732200884623518
0.3804296904559481,-0.10316891048324506,2.0190810027569888
0.19414482705773328,-0.09430738789989135,1.2829435781093348
0.24929556119453888,-0.0812107114081706,1.4940682324069468
0.24503934825006013,-0.11792448218884788,1.4823007521134928
0.3746759686878107,-0.11355796634189919,1.9457632760408776
0.381179226042341,-0.11410890109093008,2.1057798375349215
0.35253364153277644,-0.08759423862805205,2.0112934322450777
0.14068609341676175,-0.12139164443847195,0.898117661508019
0.5102557558657126,-0.06522198040547222,2.5444644196945005
0.15145429679688438,-0.12552185189302068,1.0716011390987923
0.2199851408750768,-0.10910148706565448,1.2876508855696687
0.3423565120707086,-0.0995560377470277,1.8999762454830673
0.33838796523845494,-0.09073074512418788,1.8243536453327551
0.2561305189413594,-0.10885711945853871,1.4414124974144853
0.23175378286698467,-0.11151299851785246,1.4727194572096283
0.3470813852888872,-0.13645416587860892,1.7988649509668622
0.2778028717130614,-0.076688636767831,1.6503997931118657
0.3372661771809309,-0.08672159916066069,2.0569639880206
0.2968031344393163,-0.09378613997803675,1.6080247108542087
0.26589920376469856,-0.10960923203692097,1.499863469559543
0.311250698970742,-0.08513261563697694,1.796214968096078
0.6888864500501066,-0.09495190642554907,3.1708404476829934
0.3919368035963182,-0.06766752066700465,2.3048466598585993
0.3442434410673767,-0.08192383611542708,2.0246214958466995
0.29209922958024714,-0.06925872725754567,1.7711400394870553
0.3107903677143178,-0.06594440025181947,2.0465181735103446
0.37068794996767584,-0.07700814066534667,2.0855492657947234
0.20137644092705398,-0.11352608631980876,1.1667028775751027
0.4540334179297587,-0.09054285507457072,2.4396195083001126
0.17939464839815566,-0.08336333599240653,1.2907543832315393
0.29363116936633804,-0.09054285507457038,1.6887232393741238
0.27376795353781547,-0.09312195245368138,1.6131611529139733
0.19427043124647736,-0.10652764676868398,1.2284687582830176
0.2605500260396052,-0.12076644003887071,1.5163448006505746
0.3785464485421075,-0.0861814136827036,1.9529951518192168
0.1601209988490564,-0.09475273755298896,1.1163750705444297
0.23300790979152164,-0.07678039963564665,1.462644596718734
0.22954402501780025,-0.09320084363573866,1.3116522352041526
0.3134617905871526,-0.09731064419343294,1.855417402413031
0.3060537987694092,-0.12797293389923947,1.7761654568187268
0.2514288535703444,-0.0905428550745705,1.5278898708307425
0.2200838200421258,-0.09169039058692341,1.330564065596998
0.22383440127923082,-0.1283883308536432,1.4327386956271246
0.3409384320614641,-0.10197102889661092,1.9578532130250443
0.3499708181264125,-0.08852488616813992,2.1019598347249917
0.27434337373595175,-0.09058689131811992,1.5928231982205896
0.19205589602584516,-0.09704374881710431,1.1931042576213775
0.24378071650705246,-0.11069829862780756,1.390247392431942
0.38780958621572204,-0.09984167387223042,2.0026835588130303
0.2297396575808761,-0.08117184903512698,1.4356819297045036
0.3832635764772616,-0.08235138432643074,2.07611046384624
0.36852796103196583,-0.09054285507457038,1.9968271631329457
0.2641737442706993,-0.13098007469697037,1.6964751902053719
0.20899415011546907,-0.07242017601772621,1.410711859753932
0.16724560870565086,-0.14514621710174747,1.0865686686574088
0.2501513600589629,-0.088224570125649,1.5470198222766987
0.35976400627431926,-0.1160992798067716,2.0577088994038175
0.27145461089692646,-0.09934197956712731,1.6183857273573108
0.23399363118522798,-0.08103641226622127,1.4462328674102423
0.3523053715251985,-0.06964530274493663,1.8535491347222859
0.2317734159818312,-0.11456649673647934,1.4946232164407858
0.2310927310803641,-0.11257291613857534,1.347283747880658
0.3142412436463651,-0.0905428550745705,1.9046458703193554
0.4173289538109346,-0.12690971465456602,2.178576843992484
0.3759843673140293,-0.08408818187319589,2.034393612115013
0.19024389222483928,-0.10901482426780651,1.3053553844866148
0.3966165600049505,-0.08033661704777795,2.160802917020544
0.13080248455831067,-0.1029430640497142,0.8810107808619976
0.31880310376631593,-0.07426372315506102,1.9276154970225758
0.268989231564867,-0.09315878324890547,1.587230557749194
0.39666900545676054,-0.09618054614539273,2.2510490923689654
0.34459097798339977,-0.1131181918673757,1.7727190553391188
0.23515581721935863,-0.09214876379785708,1.521863729857891
0.29346455336492183,-0.09497659951832527,1.6773661863404223
0.21791283574717513,-0.07458696167737855,1.259137840501174
0.3552834280342736,-0.12613289328481203,2.040863140750341
0.37670870362248476,-0.09054285507457083,1.987491929453206
0.24046218118396068,-0.08913158724541148,1.5213159563745313
0.3552395170227387,-0.11212017034321164,2.007818833743779
0.3601651225428626,-0.08103641226622105,1.9833225058989126
0.28995374872783297,-0.0820277007073702,1.7122940265968396
0.3152439950837913,-0.07930479635780519,1.6592121573705412
0.23772570906914292,-0.10508480961452715,1.4419383001814037
0.4225576891815248,-0.07087990239224118,2.227483416540929
0.2385681819959835,-0.103713016653187,1.446639411438925
0.35604339671519436,-0.0739125806423746,2.0410779660541536
0.31003185506347863,-0.11351351821607791,1.7973734544019586
0.33985213932796565,-0.07940593526021089,2.01222537505998
0.24528244657613252,-0.09349106179601185,1.508262837794778
0.3628622507231567,-0.07781317262174603,2.3300764768907753
0.3866532028427052,-0.1072899759883641,2.08636027561355
0.49429985897559847,-0.08155074090885439,2.527867151036757
0.23368264246115356,-0.08806763665734263,1.5178625612090484
0.5083285298970215,-0.06594440025181947,2.4997934422125354
0.343350538938777,-0.07958541120884677,1.94177159125582
0.1550034073156228,-0.10023990326120291,1.0221733805446118
0.1883715033612161,-0.09486648776612405,1.2585014349706156
0.16884664105941805,-0.12615720079345683,1.1258460414564246
0.147402752197211,-0.1496460177250689,0.9621667204409765
0.2467472040570402,-0.10198942235518849,1.5194858603276273
0.2594470703763041,-0.08126527229736003,1.5354502269670534
0.21453341546286242,-0.12477954172377081,1.3505384360780874
0.3039248256197329,-0.09348550130518252,1.7981416288508871
0.379563882599683,-0.09054285507457072,2.046048950429033
0.1699429535694903,-0.06594440025181991,1.1750371508269102
0.3059903961164725,-0.08494881341751903,1.9359395820801135
0.4317524250109832,-0.10951924720451967,2.2893906134645468
0.20204933330941355,-0.0970240108836744,1.2336313612501018
0.32574248915343196,-0.0956741594228554,1.8270004124826411
0.30819997140021194,-0.0905428550745706,1.7690904429703587
0.3562284607832613,-0.11546917795048317,2.037100735944581
0.4158567157869384,-0.0905428550745705,2.152811325927345
0.19016826693099387,-0.07991948448083985,1.1666673726998085
0.4024830352357702,-0.07214071314226211,2.2209339040456904
0.24423519912679947,-0.09324860190727224,1.502747286403459
0.28455513536855315,-0.10355995226444414,1.766958170359505
0.3312160024869639,-0.09843828248396969,2.0417239008340933
0.18645588497007548,-0.12629059110293284,1.142758615658921
0.16569908772295383,-0.16148244670482226,1.1299637378024865
0.4501245520297441,-0.09054285507457027,2.3910339206666427
0.21282165415153464,-0.10990267296655554,1.24885922204292
0.2534011566182288,-0.09103564141269505,1.5205986562773648
0.19261671876595932,-0.09888358604838365,1.2443031520781092
0.43419331825373764,-0.0721075966128808,2.393561188418669
0.3254110554833316,-0.06280473034030609,1.6949129605266096
0.26777107352229157,-0.11735434978189718,1.51005938844702
0.18663069936263632,-0.09054285507457083,1.2508215338065778
0.31207072605061725,-0.0905428550745705,1.731274169145701
0.37338873710102427,-0.07193990606221856,2.1566613252070344
0.4814889714296249,-0.06925872725754534,2.4082737549406703
0.41718322776376904,-0.09409751030049829,2.1526550294810862
0.306839568063759,-0.1004556334369725,1.7837371637188362
0.16616319587592798,-0.10952358915025495,1.078249280142082
0.3280304374302725,-0.10313374807174636,2.0177221718247864
0.3410755845843685,-0.09054285507457072,1.880629869892262
0.3740985468353575,-0.09054285507457038,2.0429130145413636
0.30416272958705726,-0.10171412911167199,1.9338791928042574
0.23588433400573305,-0.0944115852952151,1.4594046505940814
0.3617568893896723,-0.09054285507457072,1.9284884429782359
0.29427961369601086,-0.09054285507457072,1.6414537068505437
0.39136235549558673,-0.055434042923154014,2.1261090700520056
0.43841020254158236,-0.07128916608621638,2.2094085158435277
0.32913510734845053,-0.07080123111391623,1.9144939143905955
0.28260869380200493,-0.15835992685777267,1.6463871757784982
0.2839628704918198,-0.08316699499217017,1.6928231765299528
0.265326991352151,-0.1012832796865788,1.6018301097957137
0.28030655803044335,-0.07098549682356003,1.6663761201617724
0.3414638964958234,-0.0949530266569788,1.8656818134295658
0.401744647000265,-0.09617300797460038,2.1892073542507506
0.09341463412817541,-0.11352696004682161,0.7207599384218102
0.40597362444248986,-0.08780309859048308,2.0653104457090294
0.29168443216907614,-0.11601681950814935,1.728464323367694
0.19848497969832146,-0.09639094384203062,1.2977842059352864
0.2981926006737461,-0.07806451446460205,1.613335012843806
0.20873609688905237,-0.09977916761422212,1.3269643065357297
0.36661145558529196,-0.11518981573412779,2.057962583170305
0.2461790804077666,-0.07930479635780541,1.525755032500836
0.40053896241040676,-0.07172971145475016,2.2765620805502222
0.3394653918717834,-0.07204725708105808,1.8254153658037147
0.3392777849217572,-0.11751395918032836,2.015131920531418
0.45397836966718685,-0.0692587272575459,2.4146930643020967
0.2493493592357816,-0.09218777043004245,1.5074975664508825
0.45075384697624954,-0.09054285507457027,2.477890292831202
0.23189523636610976,-0.12889849004782838,1.4179279519983865
0.09022468245484894,-0.143629382306104,0.6437658006065443
0.1809396219086512,-0.12405398787885491,1.1327191223087343
0.281482087159455,-0.08058969488731016,1.7481745290888848
0.37648758797146686,-0.08902555807363066,2.0747973547030254
0.12479563153719053,-0.1055538727460198,0.8070611907274234
0.31752346433813994,-0.12128200379759513,1.7578972293128767
0.3352316709426497,-0.09976857012321183,1.9283449391024476
0.17565683643816943,-0.11798819537457361,1.1296377555795463
0.4606730262018617,-0.077854107402486,2.556406890131379
0.3130470716526199,-0.09054285507456983,1.753069716215566
0.21936435975625757,-0.12257455109164495,1.3517093841807306
0.3841325504075792,-0.12443365999962774,1.9397748720654928
0.3822668702189196,-0.10880249250051044,2.247119069137367
0.09017420382587349,-0.07845674429676941,0.6524564328474228
0.19925972791589852,-0.1270819520854085,1.2407573691073364
0.5689104759156745,-0.06594440025181947,2.795330707554654
0.35743279695943975,-0.07321895107490883,1.9521185458584336
0.28772832027441475,-0.07137727424624518,1.7785798663109988
0.10772563091872689,-0.08998899550336648,0.7785160873703857
0.20750080542203553,-0.08793602488051233,1.4338514177051007
0.35868101762595406,-0.10961343547091884,2.0342047780913597
0.287080479332529,-0.08968595087172981,1.6495596212766015
0.2614575445155489,-0.09054285507457027,1.6049937964711638
0.20157711902383424,-0.13711404152839524,1.2723578045385469
0.5079091034092904,-0.0784682642921265,2.6779183456708395
0.43127850186076166,-0.08970916992555278,2.3407897520392282
0.339700395175796,-0.11345208269304552,1.9609217074517233
0.2916488187570063,-0.11257404571123542,1.6146834741392977
0.2081384890550062,-0.09660295462208335,1.2203833770489785
0.32960350545786876,-0.09401066898776189,1.862241864960596
0.15003326913664372,-0.09974819301235205,1.033592266581341
0.5260951254626669,-0.07785410740248566,2.608385377992451
0.4032126437953303,-0.0685895038751434,2.1862143180209572
0.42786274072337704,-0.0905428550745705,2.3136475341007876
0.5064108175500022,-0.0911010382836751,2.545845051549215
0.460374928229363,-0.08249207716086093,2.224768589847044
0.36250149593386194,-0.06791693437587654,2.1908536438164194
0.28530573223608946,-0.13401081449481278,1.628580691892673
0.17386255946796525,-0.09058302287986952,1.0421296061984608
0.3785578571914794,-0.10899957634409829,2.0318141042655826
0.20487001532076698,-0.0920720995474551,1.3303722366343826
0.28897914122129276,-0.10182986551132478,1.6072983442993174
0.2926466276644044,-0.11293262436837181,1.785884682981192
0.49518101249768076,-0.10396045966630163,2.3885551006652914
0.3094464649532582,-0.08419311994020306,1.7107978692594996
0.39139315678563236,-0.06722835603584065,2.1603575706729146
0.19465353269784913,-0.09054285507457105,1.2701990169057509
0.31298880540183704,-0.10157284900019314,1.8905803611555103
0.36490670672607406,-0.07940927107270157,1.9933926671303495
0.5024334653665159,-0.09164798321101641,2.5896678830023787
0.29139225957829806,-0.09974980767354213,1.8303955201072004
0.29148865035599436,-0.09272063294716604,1.7894288829577354
0.4274529914167935,-0.11753365095571877,2.271195789854413
0.2123219303619901,-0.12016788362837572,1.3369358010654449
0.28779971460991494,-0.09054285507457083,1.6687599188699984
0.3468655916533909,-0.09054285507457038,2.082954576077065
0.2856575954184448,-0.08689699599440603,1.7131670784256818
0.4095804510104051,-0.09054285507457016,2.03547522533794
0.36339575766513077,-0.08605210755805937,1.8223819172787368
0.3204668280897618,-0.09725595272827359,1.9489486386230637
0.19453103106177538,-0.12042662737475807,1.2190837047896865
0.14239772837358955,-0.15606385354753916,0.9485901084651683
0.4273600415506502,-0.11041071882396525,2.2609954956048686
0.26267694987701984,-0.1002795666698153,1.4973342027030492
0.23002992851579096,-0.12255987905269639,1.309576037857874
0.36562580698481995,-0.06925872725754545,2.0846018553661088
0.2653337519009755,-0.09054285507457072,1.5353946233227607
0.27855743271307176,-0.1076437759658746,1.6647328005588373
0.3764621215146129,-0.09102871763359344,2.127497689586484
0.2620949845640428,-0.0905428550745706,1.5912384418215808
0.3101017908781454,-0.09634954213730584,1.8254880957322142
0.2968530964301668,-0.11965416541570606,1.6245571854958327
0.21249616344912403,-0.09054285507457083,1.4155228468106023
0.16476200149827003,-0.07930479635780552,1.0792976035259025
0.4247211795843595,-0.07386015552478276,2.2548848664229157
0.22646260336345958,-0.08193102881420167,1.506685796297252
0.2760399652270278,-0.07214261917680553,1.6659526116047971
0.3092108978739181,-0.07887399930825945,1.761836281904359
0.21300736532665265,-0.1681708572732895,1.3829295856529151
0.1862273646872128,-0.12711297654653064,1.2237520068590397
0.29792438123930376,-0.07896559231521971,1.9238094918010606
0.36071983202605673,-0.13114738806881188,1.8937918591260343
0.2866264136578818,-0.08608189369883712,1.83888065130286
0.19182606244467437,-0.09687840797086333,1.215875785116822
0.2581234192379227,-0.08109625052593006,1.6643015349550367
0.16244131931794215,-0.11170649349229722,1.041652555049473
0.4212161049784371,-0.09919050310973287,2.1257688969599573
0.2120623700401787,-0.098547775662427,1.3182558060769707
0.5580762439371139,-0.0659444002518198,2.5733392722441386
0.1694480501138642,-0.08733603124977996,1.1065762644969437
0.2529485420799351,-0.08669831173388731,1.5356722268895138
0.23838407456267574,-0.07480629609076528,1.6765027142995326
0.37605540297925266,-0.09295040374009589,2.0479892604800076
0.28516862114248887,-0.09054285507457038,1.6136626465491504
0.23517564435157312,-0.09538564077964362,1.4050498051164169
0.3922429278193911,-0.08395640794586767,2.1368736031370945
0.4470839030394802,-0.08271387811515485,2.49028527823036
0.3283447664458745,-0.0905428550745705,1.9480489716888763
0.24344396601628926,-0.07213060538581251,1.5597579632124332
0.16151578404636635,-0.11150498046284607,1.1262123178661627
0.18295804807569427,-0.10502541218800077,1.1600939401728296
0.13148024043118278,-0.08270705468187778,0.8501889289969963
0.376385834856545,-0.09990689627648996,2.02852447190695
0.31041100291064927,-0.07895309965478436,1.8447608929163812
0.38871061181989286,-0.10159569550684511,2.0966383974042953
0.2858746704141375,-0.13790904756706068,1.7341354146488495
0.14049710043847652,-0.13328148430534748,0.910244515054144
0.2898180177210272,-0.0742977207704576,1.716821959778924
0.39125422173481605,-0.09466965307239628,2.0650803894791716
0.18064388591928915,-0.10997350305804898,1.1977848820687702
0.2953992540751247,-0.1133875621857876,1.7430330404963092
0.41920599481139065,-0.08832943990953668,2.289664622215621
0.3191868591294156,-0.08559188127629824,1.9368408662285417
0.2856550003225109,-0.08683133635771423,1.5654868919706564
0.35569984085340156,-0.07921775598171887,1.92032777607008
0.3468523668426189,-0.08977387728781006,2.0509256218312397
0.2991112167797869,-0.07937410958924018,1.84780510879517
0.4772997583685268,-0.07281021103276575,2.6189422652297933
0.277434194851389,-0.1122085099866228,1.8111587344371571
0.20896617592793487,-0.09965322166433188,1.2772727693278862
0.37648252173951,-0.11419989738427139,2.0649344151933997
0.358931107908248,-0.09054285507457083,1.8928389212743941
0.21696786039131255,-0.10188620807823623,1.3114562480364669
0.3194097549020627,-0.0793047963578053,1.7374679431850044
0.38170033821687555,-0.09960110583738369,2.2605307177341114
0.5065664751892707,-0.07376284676056355,2.591437044959563
0.1676523054571415,-0.09962579369798963,1.0834484386574603
0.3276078514870726,-0.0780645144646025,1.825647335571744
0.35089527422549627,-0.07711503423178967,1.9960629795847176
0.310189515686941,-0.07470679439811634,1.8572758208298557
0.28059005678765736,-0.08816066834537073,1.7151399246155459
0.30160253595447317,-0.10328236662163737,1.8197507255976697
0.21812665254349595,-0.09054285507457016,1.3995337506663192
0.2570846195482206,-0.10160708038597399,1.5302745190924816
0.32072063186706545,-0.0905428550745705,1.8770589941880031
0.16586423819734475,-0.11921885506712682,1.1282694465578447
0.22814316479549612,-0.14206619035977086,1.3475944734218472
0.32536851932228084,-0.10326125378304474,1.7571203192005365
0.20109634558638345,-0.10512352202243314,1.228830525677743
0.19372425271768945,-0.12292048631628993,1.346881660160879
0.33868477543928743,-0.12986427377852217,2.133728707097096
0.22565075688639147,-0.10933483126587795,1.3749588696774422
0.18888258204646724,-0.10297835131941147,1.2326299777494694
0.3074911006972738,-0.0905428550745706,1.7277558056428637
0.2629875045779486,-0.10291754773672146,1.5482430551280466
0.19999583361502848,-0.08626539523685428,1.3965251273696213
0.40600454706078337,-0.08366335043644357,2.382162915760418
0.2809594838371101,-0.10683219547986011,1.690607726920268
0.33263173398660895,-0.09256711811707385,1.911335113479949
0.28505481821337386,-0.08010692060966351,1.7656838262688777
0.3481547789816051,-0.0905428550745706,1.9907738629752245
0.4837714646042688,-0.09054285507457016,2.4859611239883086
0.2993899305124521,-0.10229830463823375,1.7049356356409417
0.1879700252303127,-0.07128025476749855,1.2034129541643261
0.14214630125781902,-0.07800098725279592,1.0631264003615033
0.28548040066863023,-0.09401618921355759,1.628523481749885
0.31340807687834227,-0.1055411217592247,1.7928674480009614
0.23218364003327308,-0.10145900063115088,1.4550175752229881
0.23655122229500858,-0.09782876730623502,1.4782832461837379
0.2575776524911868,-0.0785867858690057,1.560205976930626
0.48466720123954254,-0.07676965957531001,2.5745476588821545
0.3193704260229351,-0.09065500977814367,1.701361720312955
0.3412952140036931,-0.11446590091121989,1.803091336269022
0.2920277794780657,-0.07491581937252634,1.661074075918304
0.35478858924941425,-0.09129498518687074,1.919326016354032
0.3651001897214394,-0.10491249590559404,1.976801453060889
0.2165805839126418,-0.09249092580402218,1.3949676053378597
0.33645886085176224,-0.09241031892649032,1.9531481406586915
0.2948125077240924,-0.09398610690762621,1.7641287308427254
0.24007948819964153,-0.08905354725048331,1.4640189892189557
0.263992358677253,-0.10014968779345146,1.4900076544926408
0.424849621600464,-0.08470755405366437,2.3127852491307306
0.23819933167831397,-0.10429413602218707,1.4537341322203403
0.33592157607052653,-0.09054285507457027,1.829200683269072
0.578669345546313,-0.08488116211445396,2.8193922433102636
0.28020968182123807,-0.08888144087848993,1.7991457358781602
0.2718313233791312,-0.08656218430075069,1.695133256573289
0.3142804914410602,-0.12063391217178188,1.7741425916910607
0.3390613655926207,-0.13968427189871435,1.7514062139271118
0.2767916616064945,-0.08665934678765774,1.6115824263280631
0.40421957127164165,-0.11667385351296056,2.0880709043060595
0.2656331083466763,-0.09105309876188883,1.7035016374352903
0.3783013107096407,-0.11231973192123346,1.8770678161799412
0.2339067145056466,-0.10336109951286387,1.4243210455827986
0.18430432624107018,-0.09238916582797807,1.1987872768578658
0.36538360735727693,-0.08156815162725839,2.1635699403099378
0.11420084250620866,-0.10944344275919127,0.7822796651807308
0.3695448760455351,-0.09929741511918078,2.147141209194253
0.26312230751195576,-0.10722999790967724,1.579791460098888
0.23830510822255713,-0.07378349383566174,1.5004497912732269
0.14570563576153073,-0.1358099327592962,0.9594753096615362
0.2519049187809732,-0.09054285507457038,1.355825561210093
0.41548071971039957,-0.11289615756664828,2.1946192829305704
0.24391190364608173,-0.09593096766588838,1.386797060626757
0.18711483810358454,-0.10282064271437175,1.1726747050154833
0.23692998581200841,-0.10673962183340291,1.4200412625104777
0.3854826096109316,-0.11268405591143493,2.0947784259027777
0.343119162663833,-0.09611367620168298,1.8652390790379
0.3862183988446728,-0.0905428550745706,2.1581003686443934
0.3347500112462525,-0.06998790651932318,1.8980916245865633
0.19143245390447516,-0.0868218518335977,1.2856091331097033
0.250949342812796,-0.08576357397923973,1.5414253775013922
0.31334441484919373,-0.09054285507457072,1.7153539480260374
0.27711595482587636,-0.09476751367458125,1.7377234307405605
0.12954682138458606,-0.11874351788033022,0.8730112738508801
0.33167641419777505,-0.08086563327608343,1.836461166504782
0.30633524037706406,-0.06661451534587026,1.919026278757111
0.3259516678591783,-0.09054285507457016,1.9135097512199215
0.14097033030812312,-0.10844144757966157,0.9618970978181706
0.2751221460874358,-0.11077267187189532,1.5689249085114851
0.2456043804712309,-0.09336178221819214,1.550451472644782
0.19177043184352072,-0.09293733741863042,1.1716375857371235
0.27753351729450726,-0.09432969840134764,1.5888730527434958
0.26174787679463196,-0.07511024324480375,1.5502124958377217
0.32942682319067873,-0.09657609624611685,1.781381740127104
0.261085765079367,-0.09349870430687957,1.4691467432499778
0.2587225174340193,-0.11650475861721643,1.511525234589835
0.2410743321280444,-0.11131872341431792,1.4428418073929024
0.28272755276808814,-0.09255853766380451,1.643541596511577
0.3729470735290621,-0.0978556250356184,2.040778613280613
0.4397544739577153,-0.0737020937310735,2.413219796558803
0.23965595744995216,-0.1066600801263593,1.4035116980325262
0.46459421407679025,-0.06925872725754545,2.5568336708421397
0.29427639257266214,-0.10728903559691594,1.6313607179302592
0.43730864132542346,-0.08718203538215807,2.4132239111582887
0.4401467218389423,-0.0685902783163892,2.402000326159817
0.16811684226070844,-0.0994197134098701,1.1104328346271137
0.1684321049728652,-0.10405151090057785,1.1809109247577771
0.3006815109125056,-0.10960139385027345,1.8504569424111907
0.27567751596141754,-0.1122829071783108,1.7188594170862428
0.1878639538644944,-0.10824314591375983,1.185639341617827
0.32807671949306494,-0.07114521637339877,1.9428240189141917
0.4667965807679306,-0.06594440025181991,2.4577060983655277
0.35396073435814546,-0.0893205004149713,2.107054912637425
0.14976687023439217,-0.13890060706454666,0.9570780193440008
0.5172030991904286,-0.07785410740248566,2.7405499356997685
0.33443581654627685,-0.10174937199413447,1.8434776312693242
0.15442384467990578,-0.1571283947484443,1.004037456788527
0.21824036227578358,-0.09478715814766703,1.3592450756711527
0.14169017692064978,-0.09054285507457005,0.8822067312742585
0.1118517883058221,-0.08965653042976163,0.8080141009208227
0.3179478695102218,-0.09973616576450772,1.8203468612296814
0.4108818446262401,-0.08483687939658002,2.239382541173721
0.337920975461784,-0.11309607973556479,1.8427239993115987
0.22199686646529804,-0.10869186637787887,1.3792168220125571
0.1993565891242819,-0.09796311393708035,1.2769993028495807
0.31759824926131097,-0.11324056467280574,1.722126316702632
0.4398232096060146,-0.15325234883735894,2.1751241820385285
0.3371731386315424,-0.11599598958176882,1.8743103880538285
0.4438799570860472,-0.09308475995664078,2.2728198341662282
0.27098009830007475,-0.0944863492422715,1.6325645532179178
0.29117143977835047,-0.09666420819009025,1.6000448393901445
0.42477564109984933,-0.07683565802136305,2.377629920255767
0.2060887485760019,-0.11519941544705714,1.3063588780023212
0.2491557791297474,-0.08823124245794478,1.6970590073687692
0.24372581232578217,-0.08577263643869582,1.611364866649608
0.12226468840906879,-0.1442871030664572,0.8312170809656723
0.5226983089235131,-0.11398193534600742,2.5330197319356937
0.308315946745664,-0.086118284962168,1.6817965178492214
0.23800800212268491,-0.11139438965892834,1.4313955606265554
0.463402452185224,-0.10123446944712966,2.4283521750925074
0.289371209370624,-0.09049677703950587,1.7033811954735136
0.43856917616721236,-0.1052832948569099,2.4409425504292437
0.31334071366842786,-0.09590707089150896,1.7125272716019195
0.527711872362941,-0.09054285507457105,2.545565508389102
0.33082419384076367,-0.09920575350956262,1.8202217314882942
0.18151820040296118,-0.10878256745802317,1.205604411048985
0.24704354348051427,-0.104740040399948,1.4827960292610094
0.4026974641836103,-0.06840379725469825,2.197628358604424
0.29177994838194565,-0.07856517643057837,1.6357644576214496
0.33938767142609705,-0.07002183836770837,1.9017544885739026
0.23034927066464994,-0.08331134992581968,1.4773475360705235
0.2490986330184859,-0.08392062817071078,1.5928580422816125
0.2503953338801128,-0.11203017897480771,1.54144346318082
0.2730402179525073,-0.09054285507457038,1.659498652865321
0.14225235741654352,-0.10335672499986104,0.9320966885900653
0.40247457412969245,-0.09724259574661087,2.2191550684376096
0.25158332768756453,-0.11384601394387106,1.5480326053811964
0.20706050004293286,-0.09834827982800687,1.4093733869750031
0.3981604985752114,-0.10135962837207091,2.3741453945025137
0.38706913195200365,-0.1053606322445888,2.0401982330290385
0.2548666472725558,-0.09512150719314638,1.451353796772463
0.29426134000125925,-0.10051023433136463,1.7421970571356598
0.4298932920631324,-0.14006305844950617,2.232286050968407
0.20421485293223096,-0.12861791888050333,1.3019400965848824
0.21182549392431094,-0.08326346109380245,1.2853347794958774
0.21834131528471357,-0.09245158090328487,1.4139462935060267
0.16446114976369675,-0.10797846414268408,1.0856969041128282
0.4215927042032428,-0.09054285507457072,2.0912302684677666
0.3407755708434981,-0.09714826593119108,1.8172401114228032
0.3006715701353344,-0.10182643141227787,1.764815039986715
0.22528376606985923,-0.09054285507457083,1.4088959655194104
0.2872919233714115,-0.08071239228364824,1.6581675253053207
0.45796629067303574,-0.0625227800943956,2.45019873087134
0.5585298216451122,-0.09789511363019188,3.0890986588796356
0.3478992346549006,-0.08420802690040186,2.043221295807576
0.413736578284007,-0.11149373062820223,2.15605557899549
0.4162615683326507,-0.09214876379785719,2.147170230673822
0.27806061855906083,-0.13710430692544118,1.5625877778725559
0.1801046871752623,-0.12343407190333555,1.1574241269468957
0.2560909039890853,-0.08110560402890332,1.6096187108196713
0.2033044446757326,-0.07930479635780496,1.2806659012331332
0.3033753350332751,-0.09254005674855581,1.6611181759529465
0.13594306509403875,-0.09635761057773307,0.8995478192205026
0.25622782137696687,-0.0905428550745706,1.6240389021380301
0.456541264899629,-0.064066756714105,2.3407959729994725
0.38251142335687116,-0.09703114662379109,2.0296431171018168
0.28456604569858857,-0.08967956092979923,1.6610153539549877
0.345068154004901,-0.08335966077162449,2.0413905904138776
0.16027714053191766,-0.08943192009518586,1.0906252178216311
0.26237227694856324,-0.12868508127289302,1.5612763524807367
0.3640519755105489,-0.0905428550745705,1.9890137961632355
0.41612767789517946,-0.09243760761510122,2.213201796663748
0.45082810693603137,-0.09225829415101361,2.2955200632883526
0.2938155155957527,-0.11440660427911531,1.5620919400116258
0.4968657201378397,-0.08412809863577164,2.4388231875172712
0.2632746859422148,-0.09185851370251819,1.5711932543610407
0.19437369127467985,-0.10175996284677846,1.2089353025892597
0.2660679872711982,-0.12275993610102531,1.6071405597579118
0.3626267128343692,-0.0742958276822373,1.965511905467012
0.185253459658286,-0.13204922202177993,1.2112686635156067
0.40786527568315356,-0.09257855573397855,2.2364372778448365
0.23602775345891636,-0.11056454479019873,1.3296062833056719
0.24629471834617123,-0.09322311611614187,1.3437640094199081
0.43245351550858957,-0.11977997163014287,2.093738423058784
0.4856673220770906,-0.09849128970783005,2.5286217182619506
0.3406785064637452,-0.07559576356827602,1.9301994161841598
0.3714498877842505,-0.06925872725754556,1.9555727511915828
0.2858920955605151,-0.1114351897096143,1.6674628144470975
0.3428921973652692,-0.09054285507457005,1.9687151087152706
0.3304961751513924,-0.08341139032126643,2.1252606837790085
0.2529224917987527,-0.11000994051460056,1.6067558084676867
0.3389563675277891,-0.1110528574711045,1.8883020029739093
0.3463315873862183,-0.10851500862327756,1.7858841223856985
0.4060427835871916,-0.08037899959468942,2.3014122596328535
0.24903584597045691,-0.1160168195081498,1.5521156541641359
0.28347217488326315,-0.15857138760908984,1.5301198434299186
0.35469177428514964,-0.09656725230414331,2.0709100888768757
0.23988639689149283,-0.08387402487533069,1.60672224208392
0.1395965479580008,-0.09380928332603589,0.9245149264311151
0.242061310757544,-0.086377547599785,1.5746775970893578
0.44027029548464625,-0.06840226132501148,2.386718738292445
0.3108754724893301,-0.098404050102614,1.7543507481961798
0.2095865511710886,-0.10394719581224565,1.2901890299315506
0.2693092001016346,-0.10880810473875946,1.6912910874943727
0.24093040071882355,-0.15416058554393597,1.4617068806030549
0.25518342524768123,-0.0905428550745715,1.5413644956410593
0.38662641791035646,-0.09797161891205108,2.2640610701342645
0.1547544097033935,-0.10144359900843547,0.9887203957628037
0.31041170495083636,-0.09054285507457105,1.6767087415583075
0.3243162775517363,-0.08239474845728156,1.8861841150606438
0.3603357803578382,-0.09054285507457038,2.0637817892247643
0.5390168983951082,-0.10990431475014129,2.586493027303482
0.3312919626063897,-0.09859003574033198,1.9112202924584274
0.39731697835811897,-0.09947229718108186,2.205265658964281
0.26337102407591284,-0.09054285507457083,1.6289226217744104
0.3338906239013273,-0.09647516949061574,1.86843433334546
0.24759591261692737,-0.08966867044194549,1.606927115736969
0.2436358856289096,-0.08771688489290308,1.4656376132925155
0.3054847592433618,-0.07926992121124043,1.7908313131376383
0.32672234000885836,-0.09493412113695976,1.769847287338328
0.4648776482665904,-0.08877647820342693,2.395212585988577
0.2395844510713543,-0.11654399085379041,1.421206140403119
0.25712208640092005,-0.12051152963309653,1.576054507453743
0.20898921026595607,-0.09199953821270201,1.3798745938088004
0.252128587496093,-0.0715712140910506,1.5488614224362767
0.2875371715410113,-0.12566428132674978,1.5293160055625263
0.5942455840262162,-0.08451690204913564,2.949783737849279
0.36869759301850036,-0.09386039932865997,2.119799816949545
0.4640196902766309,-0.09276561082971557,2.310953498549536
0.14590914285724188,-0.09324860190727169,0.9460488341291863
0.18144227369486,-0.11878530315186675,1.1363622879113298
0.11933985563232352,-0.07853308640146572,0.9147098449481372
0.3082050230437172,-0.07536479082905922,1.6663733094083806
0.4804843029693251,-0.08539269929923521,2.3797595100309485
0.23258117011123036,-0.09761259307431458,1.4462807472503356
0.22710353048194865,-0.07914268564276439,1.485079508543416
0.23727866762157834,-0.11455337423762613,1.4942058523036406
0.2615404423664527,-0.09054285507457072,1.6781889164458652
0.4235090318460415,-0.09381118772517649,2.3113413650603745
0.21060108320946958,-0.06964408713557146,1.3309510314842725
0.4744579418261854,-0.08333882654316149,2.4919891301741948
0.37635057105248837,-0.1367796431488355,2.197552244166837
0.14304079112655121,-0.0911917631244259,0.9027288015790188
0.4289010905941417,-0.09054285507457072,2.4565280229071593
0.2822593341762114,-0.09054867428718216,1.6959915381343948
0.2897865867137064,-0.09722030371644808,1.6639591619836276
0.21045225350878005,-0.11093569709429751,1.2878146669409216
0.4522041314544687,-0.08518950663282243,2.409860265230172
0.21277027033571105,-0.09672065153621179,1.331451568177796
0.16579414093046174,-0.09476751367458147,1.0651472142723217
0.15047971224445433,-0.10142707344619384,1.078484456521663
0.33202246234987887,-0.09362866883731491,2.0011925688944965
0.15260150062047817,-0.08643865957026897,1.0260922645391772
0.19994326788674277,-0.08285374470863693,1.376011699552886
0.34878282604590516,-0.0846921220234983,2.0161175462397463
0.32873590252383544,-0.11482573829641984,1.8389636579654776
0.3728388272598273,-0.0747005528419894,2.054318687555586
0.08566535117938545,-0.09040217266034256,0.6695444653212368
0.1932081494971465,-0.088070277744276,1.3877797754244188
0.12984939817683405,-0.10769238960089922,0.9589424019541081
0.23981082662331432,-0.07540736413646298,1.3999312434968632
0.23192120589651588,-0.09905115838580614,1.4417948367057474
0.13749810407509822,-0.0905428550745705,1.0184258082429325
0.23238397535359057,-0.10781871879439098,1.325832572420052
0.31603143984224924,-0.10601030456451188,1.7744335564087024
0.33740727918905256,-0.10422569474499555,1.824415296199675
0.31806363152705863,-0.09054285507456983,1.898355209069408
0.32369923876648365,-0.07499989375672422,1.8966800960776653
0.47139690077455265,-0.09054285507457094,2.4162799205086993
0.2643439100367593,-0.06769652499432954,1.6121848211702041
0.2101052884702499,-0.09661576169699837,1.2707826391419395
0.2908523695839229,-0.08980379091801449,1.6679083742941352
0.36849922249630973,-0.07481616156855941,1.9447493795125526
0.36153764897148233,-0.09674110675768299,2.1720320053953994
0.20748236357846128,-0.09054285507457038,1.214538708215228
0.28745453115898667,-0.10144384000199191,1.647297014332548
0.2907486135977717,-0.09757142741964542,1.6712937380039077
0.3106004825677491,-0.08415572828992479,1.7682185857336261
0.29459300463098637,-0.09533716019575844,1.7303291389762738
0.17661886795584492,-0.11580240890901505,1.1141696782331303
0.16796262557823827,-0.09712541788587759,1.0507757742135133
0.43997199599110015,-0.08327234808453987,2.228199286768092
0.25579570318871747,-0.0867397926137512,1.5114230972528648
0.307255537721296,-0.07932722803580927,1.8215449355254354
0.4792939186701819,-0.08009808009286867,2.4324631492050215
0.19964452046935222,-0.1193539161779893,1.2096780154565299
0.2833407450289456,-0.0723389665837012,1.836033201321355
0.2023807029733664,-0.09490794150218429,1.2742611605129281
0.1928505355276222,-0.1059261833939864,1.4382374348302591
0.3937814056878459,-0.11345208269304619,2.203697475197761
0.34343531233303204,-0.06635530458337524,1.9355168949624635
0.40318618381612015,-0.09054285507457027,2.1278885287874063
0.1251648068147435,-0.11903223902337312,0.8588649437185351
0.22346564064669194,-0.13813530311745792,1.273282642192163
0.2594545825318013,-0.08870638527757402,1.515807082671313
0.27603225292572775,-0.10253952064387972,1.768005769234435
0.4526779875874827,-0.09054285507457027,2.246938196045545
0.2404570195838549,-0.10697873969942606,1.4453886191704142
0.3233701794965995,-0.11312024366253304,1.752128696815029
0.2857862458669589,-0.07716960475375945,1.7441143506654155
0.2617345762960861,-0.08636992027574952,1.686966319961947
0.2271432550373178,-0.07956196354290401,1.326648803919087
0.21021003037767216,-0.1025292210099994,1.3536729607206235
0.4419511490475543,-0.09711548374671097,2.436230796972087
0.14379382979583633,-0.09054285507457038,0.9645447140904828
0.13776429103559362,-0.10735102460566781,0.9193519620552937
0.2641385132093652,-0.06925872725754512,1.5582174165898037
0.26160170678966654,-0.07491935886906409,1.5302770122604235
0.11656043646773573,-0.10429413602218662,0.8650866646629792
0.31133290831465765,-0.07519888621297599,1.9563684383023334
0.05161607206423846,-0.12311994972382845,0.43901405327204013
0.2766568309042281,-0.12030411782406891,1.510650035726279
0.3550861072234295,-0.09054285507457094,1.9435307401503774
0.35847792607917195,-0.0818100511669263,2.02345383830821
0.33646512445796084,-0.10492339884681434,1.8918404023002844
0.2541435322030927,-0.11354024607508906,1.54055450384409
0.412628112119926,-0.07296371700861648,2.270803279813957
0.33259003986445745,-0.07250519191111116,1.7807479122346497
0.28711803333690256,-0.08783440162954037,1.5951841681097714
0.31509601804967513,-0.102549615581356,1.8437763200908137
0.42769366566761247,-0.09146348985680075,2.2016303893812177
0.4124480792756082,-0.09515199494379667,2.2876475679061237
0.21303464158094165,-0.10851595631066402,1.3732328129536984
0.3109275622037775,-0.09096063631312978,1.8199187418118403
0.3121037263758075,-0.09613443151935586,1.7529203340034207
0.48058269329965664,-0.0625833500209294,2.6022492721876365
0.33937091552857335,-0.10943969923750352,2.0384230618164474
0.1312930480669725,-0.1262326744864919,0.9206280746196421
0.29312480364162674,-0.09530741964885792,1.6573922890816044
0.3232164324577247,-0.11461007404795898,1.8048219400222234
0.2665963646217333,-0.07031568274211919,1.7180919564206787
0.2674264722273201,-0.09054285507457038,1.5334185803267009
0.3008869879037912,-0.11179504785620564,1.680174556960871
0.07962304922033892,-0.10237432428429327,0.6256089635464392
0.4133730668949973,-0.07687988715161931,2.349316923326266
0.23045287513887103,-0.09102258451710821,1.4073433503748014
0.3240023515133019,-0.08836780516119713,1.7846804712638915
0.3628454317757219,-0.07785410740248577,1.9598736285705134
0.27699196701257445,-0.08113008560119683,1.6525907290059294
0.2854026552589317,-0.07217261954020748,1.7453573854956708
0.12669447906450593,-0.10918561530906112,0.8761902695655511
0.2842174909389905,-0.08769511486732828,1.5832235830401409
0.3775437437135083,-0.129803757478266,2.052271471474653
0.2755274802704988,-0.11846234045506265,1.7682499178670994
0.2829968479227485,-0.11388201974307743,1.6732864971704917
0.3472340863508132,-0.0878023371522283,1.989432546617455
0.15527907404800612,-0.09939416775203636,0.9419930610784122
0.3428040125276406,-0.08027536016766512,2.098684593517729
0.3374620580696235,-0.06925872725754567,1.8389525365099568
0.2173784958450844,-0.11274658891592593,1.3267186526169263
0.20090696828861487,-0.13952690929543432,1.2541710817245388
0.27316024245165416,-0.11669926297812883,1.5773345701363255
0.2970558354158199,-0.12373371039707792,1.7005775856716705
0.1331933699104475,-0.11985779623272375,0.901399424457994
0.36743968773636926,-0.09054285507457038,1.9903200157724514
0.23439490732485901,-0.08987622253087257,1.467036922541708
0.16151784095190957,-0.12966194280549992,1.0836561939822453
0.36247773487679846,-0.12313248207153826,1.978367160943518
0.1693919324148181,-0.108420959322858,1.0863394056670834
0.33113398920275605,-0.09177535395516356,1.95443491131775
0.24408625891388858,-0.10728903559691605,1.381854421336713
0.2855960317109725,-0.0905428550745705,1.6117251044343661
0.2305388421569723,-0.13943801940118683,1.3625114637848006
0.17445225082719595,-0.1013158178250938,1.1063082227706773
0.24196549181313665,-0.09637914601631925,1.403825630597944
0.24169943981807007,-0.1297644059862243,1.5272724230337693
0.17478159829446427,-0.12405398787885569,1.1472798797527817
0.3146160365319637,-0.08042133808873941,1.7251351379055218
0.24514961991219386,-0.09054285507457083,1.4142370982193713
0.19150927245113536,-0.09774992532786875,1.207523596229995
0.5119595414243754,-0.08070606263565339,2.732815597085983
0.18879106210667707,-0.10869434150754198,1.2282505981277865
0.23615682589108333,-0.09277194812112055,1.427875529258156
0.20888235727155235,-0.07904535040845206,1.3962734200398157
0.3931290822876963,-0.0905428550745706,2.1550862457055504
0.4033795393160897,-0.07397859678203655,2.2518272625877587
0.22227496198549357,-0.0911876856270728,1.329289505927095
0.20635938396561104,-0.08544059779016555,1.23441551511428
0.4414206222687256,-0.09054285507456972,2.296312792002439
0.29599354349246365,-0.10284880242536398,1.7240115681104433
0.4743581556123795,-0.09054285507456983,2.5969515186710446
0.24210638110422122,-0.0920411687125755,1.6060914903104848
0.39737337012558926,-0.09230195616614556,2.100874034570535
0.11595750714132413,-0.10955251081734929,0.8739673236420786
0.5829529144131829,-0.08791013751912946,2.8965371350820925
0.3580691674633678,-0.09489762537386959,2.140029222162876
0.28422840324086396,-0.11751395918032825,1.6911550430907603
0.43385848168622076,-0.1154765527624434,2.443385093918402
0.24380775152780587,-0.1052751775165679,1.629268583939039
0.28706991525834447,-0.07254975001140107,1.6288930505236316
0.20701004882674678,-0.08493436484709949,1.3187618027254178
0.20321506298157388,-0.09932695534266978,1.2671624408768456
0.17883083033362857,-0.08980708441992402,1.1946600185706715
0.2630212772502938,-0.13379918419869008,1.486252821091322
0.21324106741876747,-0.11398516444782358,1.4456241705523203
0.30753560720574824,-0.09054285507457027,1.755880267501546
0.26355903315169193,-0.10128551186572243,1.6738387514850994
0.21933010539307607,-0.09366457129571659,1.3043643416027544
0.22179978610089446,-0.09105914280723981,1.2528578459826492
0.28817247063061835,-0.10339541715240941,1.7117969357041103
0.36259026159731844,-0.0835141516573692,2.0668011699728996
0.2600466598240001,-0.11742509654016497,1.5837739125191745
0.1908299681649166,-0.16207795261354252,1.3089115527539201
0.11742122893566709,-0.10104949440163791,0.8836688219482355
0.5427162897746329,-0.07387833960920032,2.810732611846672
0.40996246534321545,-0.09054285507457038,2.1312760418732957
0.4229265720386852,-0.08103641226622105,2.1380427801716864
0.32369159278660975,-0.10508510932713111,1.7146024164570566
0.20628009399470826,-0.09334274740133963,1.2708370831682683
0.2833957459106762,-0.07689108310864012,1.5940768308057973
0.3981068242117649,-0.0905428550745705,1.8902727087303999
0.23067214872642938,-0.0977391855956753,1.4797370191303905
0.23715107750062425,-0.08747391385690195,1.5452595146246715
0.33596073339898314,-0.09254913738504911,1.7845544807237732
0.2708107600591947,-0.1080479251244173,1.6873348024267902
0.3332413370375622,-0.1257311508626282,1.8923598693308235
0.36644064727491776,-0.09821140238066339,2.1032101581307927
0.6071059240388932,-0.0820827325526754,2.7507046663987027
0.09985464065881411,-0.12007512983611324,0.744002794992207
0.3552256854329898,-0.07999688152566586,2.065905569842376
0.31495984793264076,-0.0959202396497687,1.9341685439141723
0.307856855178555,-0.0885273162112582,1.6958402697140427
0.21983731530696704,-0.10689847941569353,1.3186081322935972
0.4970498440731741,-0.07593443336131012,2.633295995336477
0.36211613445262025,-0.12314390294912403,1.935061733782506
0.24769993767169796,-0.08011992025203052,1.5041815482610947
0.3096733968353722,-0.08147092043571735,1.9757300469287014
0.4216359380495991,-0.09030061533750222,2.286504343207152
0.32660069270066816,-0.1115037197878127,1.86592824004414
0.21882152892363904,-0.09659263499762816,1.3723006745044082
0.30137684204788284,-0.08922695149390947,1.7853705912064275
0.15602095025087315,-0.11968326213187463,1.0152164044724306
0.31236882731150484,-0.09390478829496574,1.9916284181070043
0.32581203540930725,-0.11118685292192854,1.6384867812504251
0.38284512256037373,-0.0905428550745705,2.0531034912150954
0.19017715718268646,-0.08867999063802012,1.1797645535650971
0.31009438395256805,-0.08305092657109736,1.7073265901574517
0.14325696701194368,-0.08010886111501747,0.9579378007828563
0.339664325608833,-0.0905428550745705,1.8569948549860005
0.4383669915337529,-0.055434042923154014,2.3580534441675955
0.36479738396407546,-0.1077678421526197,2.005214380871883
0.22134671602263567,-0.11391920086357199,1.2492610566720719
0.3143654091372736,-0.08522645942747953,1.7234267689330949
0.32358415830514464,-0.08507555895890473,1.7880908070502475
0.3335698167646941,-0.0934016099222289,1.8884264300174811
0.33852881782868116,-0.08612312238352071,1.9796887722778207
0.2163835044348641,-0.09054285507457072,1.3055611858007274
0.3105887385149262,-0.09864854139580503,1.829403914719128
0.21928898545067832,-0.16134782931355285,1.335960414479255
0.15341496288484913,-0.10471536576725993,1.0251949155083893
0.15752606489375265,-0.10366324630894153,1.0794511711328187
0.3732694141628483,-0.09054285507457038,1.9829161981930794
0.355066298862317,-0.08434082130902854,2.004313764773877
0.5336699733283266,-0.0657909327724282,2.7245354377678797
0.159020122076043,-0.09324860190727158,1.059265078457532
0.18824074276729608,-0.1008113099657032,1.3829903670535235
0.25565418954834196,-0.05833560717836106,1.6343163774411864
0.3109079177512264,-0.09054285507457038,1.7645876620407335
0.28847357623687286,-0.08740181302073813,1.8975246844932858
0.2213871611615199,-0.092635435214245,1.3686441128469695
0.29365467928613675,-0.12234154487815996,1.7630654682517444
0.28988292005369476,-0.09404219967499028,1.6586072363604205
0.29822679717555456,-0.11333260521715283,1.6561731193427125
0.3369518926785955,-0.08857706807266796,2.0570158594992365
0.14557236508003313,-0.11393980938093384,0.9631043528131951
0.4640692745432613,-0.08984486559003846,2.3735427317314803
0.2000483869375722,-0.08040451900817758,1.2266209058291584
0.25208096293761995,-0.08761179649148276,1.4971833071564944
0.2904333854518022,-0.11235909709235703,1.6737288535052248
0.31178042231124814,-0.10299869350394564,1.9018744318358651
0.3187890314456183,-0.1110830341451513,1.788940717612945
0.2980314035086944,-0.12144757499475523,1.6456975619889376
0.1723290693682058,-0.08823103062544069,1.0808255667176179
0.23450513025559405,-0.06925872725754556,1.4338244958497606
0.14721022778068793,-0.12864604516951983,0.9653141522396034
0.3146854027110244,-0.09307732839640914,1.8227901556014885
0.23041327281715307,-0.10249442552519694,1.4187127715031165
0.48926518818476694,-0.0659444002518198,2.5419470331870517
0.1801735036519274,-0.1292123403832781,1.1656585054388402
0.17250148315459923,-0.1336734822516834,1.1059746861899904
0.4182113943837418,-0.07365986177576722,2.1171489122502485
0.43296387686788784,-0.09054285507457038,2.199429932529207
0.29087840554698663,-0.11635519121721183,1.7499952687526676
0.19391990657886904,-0.08845926616723687,1.258353437908881
0.3118923774853497,-0.12472930958196127,1.7124629759011134
0.29330901204696547,-0.09054285507457094,1.7379395407678666
0.32344545181167406,-0.08082146551654956,1.8803236144377726
0.25822156021490805,-0.14243111022773158,1.6082629548381437
0.30531082947869925,-0.1004495100062085,1.742660107613786
0.45749919071078704,-0.1460720883806209,2.2935530812264195
0.47747992133248607,-0.08394220941052644,2.527821444726329
0.38291426529509875,-0.06594440025181925,2.0508706983672713
0.1772919179079826,-0.09068999278291145,1.2035106648645475
0.4521453105734887,-0.07536324972690023,2.2393752828118334
0.1877072391823369,-0.12341636357512054,1.165375772401317
0.3704290869418514,-0.07418702671771571,2.083419582526378
0.3427477015169449,-0.10484531441204004,1.9102583273032003
0.3725270578426345,-0.07450193390708781,2.1398303236245235
0.5609207752531982,-0.08082899480448114,2.7482562982890624
0.4229781775943682,-0.08543571587175813,2.4125188557662214
0.28884379169355934,-0.08253937502616293,1.608123151528142
0.3390290187478904,-0.10026915719715668,1.8735831539047523
0.3727030877355224,-0.0911690763087013,2.1134890988593815
0.3029167439776561,-0.08974095702967033,1.7662993420288746
0.2922551934793134,-0.09054285507457038,1.6797217777592763
0.4193296107516573,-0.10124714750166608,2.2377239375888123
0.3542477360352172,-0.08385055105396999,1.9353174815805214
0.24015991445247886,-0.09054285507457083,1.4908754727350821
0.194367226048475,-0.09631549691690744,1.3131579368763544
0.26137630962210645,-0.10758465318776156,1.6732414880419189
0.22384956694222624,-0.10841467853512998,1.4329255085045098
0.5646607591083934,-0.06374004354078489,2.812424025643536
0.2935978622060398,-0.05540944036413953,1.6231588698338735
0.22578688484413179,-0.09904165383979802,1.3761670064195892
0.4243374251127989,-0.09428464395929925,2.2087690928076875
0.23252210075288327,-0.09771592620380065,1.5745556892293622
0.21622422104604389,-0.09054285507457116,1.379207644171551
0.32502882191156934,-0.08528341235601034,1.8664598387906552
0.4192999548047396,-0.10263465533700833,2.2188617570343587
0.2402178068499612,-0.07800016300414225,1.5752754554918258
0.25105368878758005,-0.10107365132800705,1.4712997556788017
0.386319095923775,-0.09351044923340757,2.026830869270292
0.25784003325444727,-0.10134780543261257,1.405245232493093
0.3011158968739087,-0.09865190818259995,1.6798329327824295
0.3727330598230598,-0.092840540989099,2.0812338438097218
0.17630606267707205,-0.08152816783663974,1.2047146193799119
0.2041826413175325,-0.09943855047104389,1.1698901068254117
0.2886557580774336,-0.10263465533700955,1.7740168545314856
0.2130831075430235,-0.11287055979794369,1.4081677383707747
0.20072412241301452,-0.11417376478162455,1.285222728630209
0.19751401726989037,-0.09547772558975731,1.1476443066226445
0.3048321946754824,-0.1041608715602853,1.7762149462990673
0.2977372631672339,-0.0963576105777344,1.706403119822155
0.2749452154659644,-0.09589412171351086,1.698688166266614
0.22455549760521687,-0.11070600837023525,1.3306656162961112
0.15955799201272458,-0.1073685851204117,1.0539101283228798
0.17944576438342974,-0.08669378442502829,1.244050679570251
0.497989223647584,-0.05521085860039188,2.5506761082228078
0.17572079095643023,-0.11801619388706197,1.0911442949808308
0.3799033178844138,-0.1085883552466711,2.000694860653566
0.33033610483291365,-0.1259336102573554,1.9484227391456068
0.20074443438119505,-0.09079435856569462,1.305838281459648
0.13189311529679104,-0.1120711771806332,0.8758699845776919
0.23905371303780365,-0.12670857397230173,1.3797038905328747
0.23168469715959628,-0.10917556306891696,1.4439666439646626
0.24815351889895787,-0.12061610032983949,1.4243278029885398
0.35844165576550946,-0.09577150576551885,1.92484890728333
0.5435574817790312,-0.08662707373450573,2.6577727152798065
0.47630998499762534,-0.0893233893073907,2.7221060404953836
0.2330223511384668,-0.09054285507457083,1.4888401799259994
0.24235289244069524,-0.11106526949255469,1.3270197592144335
0.2565128530948251,-0.09133890017918944,1.5204621524971738
0.2685129210060664,-0.08060103165868027,1.5266149757300178
0.21293280323297514,-0.0905428550745705,1.2508660907013265
0.1635245310451534,-0.14705163039297775,1.0190359407109562
0.3567185579141583,-0.14872572203269274,1.9289152688136169
0.20479159866468089,-0.13372068321375552,1.3964249979360013
0.2836243086771826,-0.09772187927773346,1.7604639774752529
0.2759313563383494,-0.0793047963578053,1.6170993673868257
0.27927110946529954,-0.07930479635780485,1.7086176269487612
0.30070506073782544,-0.09054285507457027,1.6103548154268057
0.19797146219814188,-0.08626066191784065,1.1641365503562415
0.33218744696233915,-0.09369921911398227,1.9046963214077282
0.32822124092822436,-0.09054285507457027,1.8904901201888804
0.3876292463889097,-0.12673912856651448,1.9756794640092008
0.4184249545108849,-0.09054285507457005,2.1030094207892405
0.32299437893266036,-0.0905428550745705,1.793697035776808
0.21769195396008123,-0.11399326127003084,1.4030738451106988
0.2743323687095063,-0.10765748770895589,1.6086366738174218
0.46499820716688434,-0.08058639059922879,2.3972115978572504
0.24286384130540806,-0.099324370027429,1.507515467806932
0.22013574874394903,-0.1009415470270747,1.4162038736423983
0.20473136272528092,-0.09953471501044253,1.2832596707728838
0.3414427888128948,-0.09054285507457038,1.9821620233057473
0.2722448886552675,-0.08799369398398926,1.5843644665727197
0.2486680841193587,-0.09363449340320451,1.4831242508450095
0.24563525059237645,-0.10380474228609293,1.5428851262123986
0.2571686133438207,-0.12207261982840822,1.5651201382345847
0.36148939987419015,-0.06925872725754578,2.0883722666137947
0.20699587281563914,-0.1126896300250314,1.339610106395317
0.3223297093796853,-0.09337451483612902,1.9241407370398638
0.30096083520437444,-0.10929284869238809,1.8615836056951827
0.2055369420409232,-0.10386863298859994,1.3251268340891218
0.15599690905894925,-0.11419886098972698,1.0451608314140275
0.279548893136947,-0.09907592571728274,1.521795986429375
0.16258610680571284,-0.1432830186529518,1.0281207563203065
0.23837383363447806,-0.10229753941285813,1.3630493650921245
0.3567642158904534,-0.07433360209904183,1.9334325207147642
0.13331321319428624,-0.1207168510092339,0.9100329022904066
0.1381722008344013,-0.13267717366280085,0.9955974936742142
0.19978476150305413,-0.0823351115863723,1.281072571449778
0.23408269802523907,-0.08022277384851273,1.382499526233543
0.200690078322334,-0.07831324664707906,1.2620718024487894
0.3351191347222473,-0.09398610690762699,1.9033034739646177
0.29153898564743774,-0.11012046766345085,1.7440238934017824
0.5381947818466744,-0.09054285507457027,2.749474685924979
0.2486977379369546,-0.16087896267821034,1.4962971447698328
0.22278351629082893,-0.07509185066791013,1.407878343969081
0.16776366356643901,-0.11739905520271765,1.1271087962549569
0.09097594018297661,-0.12298216512413507,0.7160082509948202
0.20716509749844025,-0.0659444002518198,1.3300403160172114
0.35513654117895577,-0.09420733686970884,2.0114395241746283
0.26955326694083603,-0.09986787370173222,1.4563970837690314
0.31170347374208585,-0.09054285507457005,1.7752998935554922
0.33358932965868116,-0.1183403391733977,1.914810610708721
0.2059269746211534,-0.0796218641086558,1.3214650845900269
0.1526390062836862,-0.14191931845961725,1.0347935133270603
0.3718081385976595,-0.08136050577213827,2.1934948092033353
0.45905053908244753,-0.07133159680133871,2.4824873441955853
0.26836493433096686,-0.1103767834680135,1.5869154216961847
0.14833537395625318,-0.09873621128275945,1.0218509567755107
0.15610950658636136,-0.11848956310641545,1.0816495895604414
0.2398327994422087,-0.09811835492424104,1.5538204250653311
0.3082248014625062,-0.10172938860267733,1.9450897848673097
0.22382237181512177,-0.1058395635495013,1.4617090724476915
0.24690901250585595,-0.09937258365037671,1.453895114868651
0.15729679759548776,-0.08839166104817997,1.0404786176852807
0.1974985760172494,-0.10522962206734954,1.2155308476341964
0.14638527300652804,-0.12554190369775942,1.0179422505817057
0.37624465760852344,-0.11225595097176744,2.188351123278624
0.1341707091735984,-0.10910148704010647,0.9437174458868908
0.4365827846297463,-0.06528693393601925,2.6311748812999474
0.19568114809395754,-0.1212216909092132,1.2402535018157017
0.2878113392541233,-0.10739261834940994,1.7318778425880959
0.2812696568013362,-0.09231563534146081,1.5841251742690763
0.3047237865757828,-0.0905428550745706,1.707161526009994
0.20109062034722935,-0.09054285507457072,1.3412333909009582
0.2673206024825554,-0.12324178148090648,1.5092723968704147
0.17600370636284812,-0.13102110634714226,1.1898780805272797
0.3259622617764619,-0.09072075039882455,1.8821090864160792
0.13118459854125653,-0.10246447717535712,0.9364134564336218
0.39350240631697986,-0.0905428550745706,2.0935857080137876
0.5161911374562345,-0.08834894316762054,2.7304047781192495
0.13380074721092283,-0.11017033971928947,0.8318208179460714
0.4221988728767707,-0.060314760878950824,2.393737191643905
0.26394445085902074,-0.09054285507457083,1.5174784441969635
0.24472789831613095,-0.10997225147516754,1.5877204060798102
0.3000754636865386,-0.10034478933052293,1.7728150493695307
0.4375150321095962,-0.08594216803302479,2.377090042297899
0.3019349955695354,-0.09054285507457094,1.7868342366125056
0.19446619540749355,-0.09814557453595385,1.2622755608324001
0.11580411752944486,-0.10564518625167696,0.7839611887271812
0.37792304385355635,-0.0958474309739007,2.118539741672406
0.21964698476571276,-0.10208604820273437,1.2831638653640645
0.3191370688924018,-0.08128215878090839,1.842161740902001
0.23340972766596857,-0.10021959515522205,1.4464378341616082
0.3740707268038401,-0.08400113443800994,2.0529403089187106
0.3585362202369664,-0.06594440025182002,1.8618966696750054
0.26528406814125804,-0.08163785884008734,1.5748542333156663
0.1615281604629195,-0.1220192270841366,1.154234915938931
0.24378078018640004,-0.08071239228364868,1.5442045987236197
0.35786675563917014,-0.0676375092340642,1.9945376300656705
0.2913375712055726,-0.0987370896346037,1.875918928741544
0.38293836940357684,-0.07829627352875168,2.0634744957171365
0.3069210788215848,-0.09225343395396979,1.6963638252410125
0.27315666832752417,-0.09930305549861207,1.5838131502085606
0.4754613998476529,-0.08732175305070655,2.279297980662306
0.46029262116120595,-0.09054285507457027,2.405265500100084
0.45169832442412794,-0.09324860190727202,2.493133356493174
0.2448417547365711,-0.13761272738821573,1.4838372711146592
0.2052413848339345,-0.07620544443531363,1.3283513653181225
0.28783934822364965,-0.09579736880872924,1.6839365553985437
0.3850939815662682,-0.09054285507457072,2.2314163805229024
0.2119084897341339,-0.08510894515524736,1.4285876883912116
0.23701470095921162,-0.10198901927860826,1.4456968689223986
0.3616631392366263,-0.08415840413084341,2.0104171809593043
0.29736376564604683,-0.12148131541189033,1.69670437019022
0.23870075385222234,-0.07810123424976811,1.4959319483528428
0.33185172106385075,-0.10825681602428872,1.8059071446337562
0.2675649256642385,-0.11046294734218909,1.5644212908567692
0.11944429977380677,-0.12536743466613853,0.7744618661040951
0.23242364635604607,-0.13184944498350148,1.4512428882791877
0.3226903817823945,-0.08938740877173956,1.8480566168930912
0.32780260340667366,-0.09496207872538609,1.7802569591661297
0.25836533923061644,-0.1331249756500973,1.538174412120827
0.31766317402121125,-0.07909216233096183,1.9096906945276138
0.34650620642068697,-0.0708889537220957,2.0950190768128065
0.3014204663832971,-0.06310300907569755,1.733458867177081
0.3023026634077899,-0.08260698621798157,1.7228498365161802
0.38245210514164474,-0.081579205998357,2.1046711875614847
0.1707151378973215,-0.11938886618899125,1.0686902774243479
0.3482370645105701,-0.09054285507457083,1.9039489650522017
0.34581003614270545,-0.0902420356508411,1.8947670194725466
0.2513856962581953,-0.09941692179310568,1.6798269857261379
0.26437240234402504,-0.11191767814152165,1.59260011446265
0.3483285997825154,-0.0785888266007353,1.8731777253109199
0.33136128676198107,-0.06594440025181958,2.1646313330961338
0.5022798321954276,-0.07817729362998194,2.7585275686515938
0.3986314140848415,-0.09817585361859482,1.9963289373988562
0.3821956073086479,-0.06507822041609745,2.3342203893439186
0.34018807489151426,-0.0905428550745705,1.859796479853101
0.2762375919925639,-0.09054285507457027,1.6453615846100917
0.3231123703945411,-0.09054285507457072,1.8376356277407084
0.288187050918006,-0.09486385528941177,1.8047422673546176
0.33877068045813585,-0.08569796397269436,1.8833135479937457
0.2046901577109812,-0.08933554101791041,1.2192743750211492
0.25686965997459277,-0.13072921712124586,1.4950277314753724
0.2807052738885849,-0.0903892282444525,1.5570061513453073
0.3805266868109398,-0.09511188961408423,2.1427000746984124
0.18174837899351437,-0.061357230089729486,1.0807480332338113
0.21771828032108753,-0.12506964733598191,1.4552009170712819
0.20223769442278505,-0.12333992131773364,1.3039090398435398
0.28839410632309437,-0.09959644792221234,1.8323055783220383
0.40462723093422515,-0.07040008336009629,2.099490272845744
0.17786796028842033,-0.0816217968194255,1.1292879038386276
0.4420200038181352,-0.07956354997588533,2.377662645833838
0.11072112255335909,-0.11405854720109576,0.7615034268684088
0.14153396408955476,-0.13170763333302515,0.9754570804545716
0.28654588595655395,-0.10357255753773276,1.6415866739887304
0.2567710880664076,-0.09489762537386881,1.5830198349685503
0.366372573626643,-0.08790518613187315,1.9630497728040954
0.224546079646186,-0.10324250463176055,1.4069907068742664
0.2435073448724281,-0.11852751394383942,1.478071279312438
0.4117336395521416,-0.08952735143187018,2.2606459737352465
0.21563775355456927,-0.07247441460728754,1.5097674303337216
0.3933063305229767,-0.09541371783988961,2.1334075430335013
0.5241994836324897,-0.09054285507457027,2.741182027449587
0.3308903011099129,-0.06944050914422273,1.8920480969758546
0.49976874118097503,-0.059489643317035434,2.5818715476388276
0.17408641663671487,-0.12452721112682585,1.135314414832074
0.16256066127080393,-0.09676293897383492,1.1063165002761677
0.29275010267209245,-0.06710342914400613,1.6661952663808095
0.4706596496968398,-0.06651841598006392,2.3903747943924194
0.2769504568185357,-0.09842107662127342,1.5573622936767848
0.35853936460093205,-0.09083399259612968,2.1337075221895363
0.2456857062007718,-0.0947961251773548,1.496182998298548
0.2071648932118273,-0.10408512344942666,1.2947687259215257
0.18754759138211874,-0.10806289325584673,1.144393763683921
0.2442827093158333,-0.0970943516358681,1.6163660369451056
0.3127949053293031,-0.07548653511968817,1.9203821443964224
0.26842413892761496,-0.0905428550745706,1.6526939237145355
0.2598315214059108,-0.10926816103528147,1.6092380615901087
0.43912990482581526,-0.08818985539196933,2.414512553362681
0.13631195851905997,-0.10988105287022987,0.9264094483145887
0.238023065037414,-0.15091737845314412,1.3808957968054056
0.3187511231861244,-0.0975506303293815,1.8451248464012537
0.2736077394186194,-0.08922695149390991,1.6024203105529549
0.35185942683898896,-0.09054285507457016,2.1040856847379503
0.3380099601200126,-0.08283131589227832,1.843379900357052
0.34080632061461413,-0.09054285507456994,1.8958803582574915
0.21646815939710073,-0.07570479208517222,1.4135060197697256
0.26921396943585774,-0.08084628969550844,1.536802334600015
0.33195900080218554,-0.10089349852731111,1.9043228711277425
0.22096529035931667,-0.11683120616350173,1.4119564244563083
0.43266511739869595,-0.09054285507457038,2.6044261406410967
0.214395504869606,-0.08295140538219559,1.3347392450075466
0.27762879911444327,-0.11043801524893815,1.5947320604996917
0.18428740493294038,-0.13375421850360714,1.1465992569020464
0.32822531082514894,-0.10468695929865357,1.9164109132735276
0.23468492360008053,-0.14796492527287552,1.4319203686116908
0.38343299044406476,-0.09054285507457027,1.9567199697373994
0.2214631679652963,-0.08182141724283332,1.4955753822339075
0.2501362215776086,-0.10205936194902199,1.4863318231597298
0.2749856824128305,-0.0905428550745705,1.6995782276438978
0.4476046507241005,-0.09054285507457027,2.4226819177931906
0.4144830699850959,-0.07356938193239149,2.3998253636109736
0.3684671054065216,-0.09542829052358504,2.118400313096602
0.5191251215644819,-0.10240514763989295,2.4735885768951458
0.3147902061233012,-0.09611191754409099,1.7859879168694048
0.3375339269685076,-0.09491556727575279,1.9610629977564298
0.2154893704031946,-0.11828931493134576,1.302664318273509
0.34870378949860314,-0.09920575350956273,1.8694599452435394
0.4806064179230134,-0.11609228028802387,2.4090117288679314
0.31968064086682557,-0.12262788259782387,1.8994517761017338
0.2834011221965649,-0.0919710064346474,1.7712971478565551
0.20823772752266145,-0.08440015078450702,1.3622597071887164
0.20918988998332755,-0.11974755721562425,1.4562441735815799
0.17512256203329057,-0.11730031064249591,1.1259924845453029
0.3048695487191839,-0.06258335002092963,1.8224405103206782
0.30780552582433973,-0.09054285507457027,1.6935780022992164
0.15237643000802747,-0.09489762537386981,1.0879506212529761
0.20089110227600582,-0.08876772597909877,1.2981998207451422
0.3062840031850924,-0.11590741877286337,1.7059701473038973
0.2150576010238212,-0.10384175463080225,1.2356722073962843
0.3127317802430172,-0.08082146551654923,1.7621658873071637
0.22045792471683012,-0.08486234510994273,1.3359363147490633
0.18368572275364747,-0.07832689751561028,1.2011199187807815
0.32026362186884105,-0.09747351202372256,1.7932760289971532
0.351778201540091,-0.10300615772346111,1.892619798368823
0.22142808170834427,-0.12360887438337087,1.4396785693367593
0.27180177131099015,-0.09107445725531582,1.6562728783444474
0.26703231564426666,-0.09661576169699815,1.5895911149663566
0.44364412434702416,-0.060166064079010484,2.293592104150375
0.17263073928706096,-0.13728554890805444,1.0845204105506199
0.39236764611562047,-0.0983838473476698,2.0660097741375214
0.2697999525468675,-0.0904382891471508,1.5692314222755008
0.27544640658918706,-0.14084881419853634,1.577568113454791
0.3041420968656956,-0.11320579297574573,1.7035195240779428
0.2377650222198009,-0.086140581695207,1.38370058628054
0.1866072202121356,-0.09981727934069784,1.197775027160858
0.19936165948148554,-0.09897125503070558,1.2115597258784117
0.13143262889580787,-0.08813750778153617,0.91667398937185
0.22746957413621982,-0.09095166762329276,1.3777454771246818
0.2869314513824648,-0.08578221322232438,1.7242803868207155
0.2821232763534842,-0.10239795810564234,1.5615288592479477
0.37665922100459226,-0.10174830598545326,2.024863057146643
0.3015208938956906,-0.10765531524498106,1.8806148312573987
0.5485203683675455,-0.11298520412696766,2.845791359427888
0.2903062712551905,-0.10763334685065029,1.6797503746560722
0.27784025142170554,-0.0905428550745706,1.7210306030665126
0.1756326223149176,-0.1250925656467342,1.1865351473123915
0.426840790706035,-0.0905428550745705,2.1823980693769918
0.31282180022591444,-0.07688677433300561,1.7634567065929567
0.3779226220268459,-0.07875360643790297,1.934401689966018
0.24504767930846993,-0.10007472748532653,1.4372546622793119
0.20750598451490632,-0.1084128940179584,1.2398843415207967
0.3678728637066404,-0.09811457701077442,1.7959703279745778
0.1933760119710093,-0.16909259617599004,1.2215386775922845
0.19565567686284235,-0.10199841971111656,1.295472845112418
0.3154150951105952,-0.09054285507457094,1.8557012664580845
0.25525469900756526,-0.11750785001174191,1.4677055630895197
0.51362584217722,-0.07785410740248566,2.5666996516286846
0.09988837677181883,-0.12476255186420226,0.6968060363899523
0.1760463916148618,-0.08918316866055886,1.1925622829255056
0.326653031979522,-0.08657093957216766,1.8971563106610236
0.26387846898668643,-0.1066565798672735,1.6360528053395083
0.2655853035672211,-0.07885165412170392,1.7596562213797693
0.4271784983182523,-0.1096455880091518,2.374389299288812
0.14030534329328948,-0.11116654579917529,0.9246250744879262
0.2718938350210671,-0.09067491881503731,1.661292053219325
0.28451103052129123,-0.11537703723996295,1.655319007926842
0.43021433055957203,-0.10744135993104809,2.1573561657025824
0.4223741140755808,-0.09051030682296946,2.26504102962709
0.2918913123447615,-0.10149148274811659,1.7121904300737547
0.36527191881496845,-0.1059779715311987,1.9173536372766877
0.30372015132178487,-0.08698263407357176,1.8179261334437566
0.29823287529414566,-0.09054285507457083,1.717719598146442
0.33401451681085503,-0.10012753122111762,1.820966361855124
0.15145086213108994,-0.12906458991864156,1.0350796897451553
0.1729642018504065,-0.10097631383757577,1.1376916050487385
0.40816524864436343,-0.08544383079654749,2.299767110125752
0.2827545726823053,-0.09100898198237728,1.7430008842897087
0.25280043850717426,-0.07916741269585104,1.5559498240268423
0.2220005790579005,-0.1209330655980625,1.3419129163606314
0.39499628413980425,-0.08740860351792412,2.3071827547495496
0.3429415356683625,-0.07596587345961403,1.954746597221639
0.3274971036825869,-0.09054285507457083,1.8110690327792178
0.24318124973590804,-0.06312620037462835,1.4397771828276738
0.2836185816876484,-0.10357765329357416,1.621982347036762
0.30343349590944135,-0.08267035397716738,1.9022970914574877
0.2583800168019348,-0.06925872725754534,1.5683434871865645
0.187996267485931,-0.10019153191687635,1.2381054240672162
0.44459737639367614,-0.0905428550745705,2.3038760535404808
0.42091008816710906,-0.06594440025182002,2.345872390731747
0.2726870611307948,-0.12225195764024432,1.7600640766346018
0.2656076480007261,-0.09054285507457072,1.5697720208476322
0.5011293967330972,-0.10569244030092884,2.4297748503643573
0.35995589959808383,-0.09489367829229056,1.962943593488251
0.22271853659270757,-0.1311292170265379,1.3929851506200208
0.5320172135994514,-0.05482570026999789,2.668448817526401
0.34938518056159396,-0.0959513996334388,2.0895296321458434
0.3152399946994575,-0.09630963449068686,1.9910107579062486
0.33724530734088143,-0.0919489971660491,1.9403005740650403
0.2959056425318203,-0.08894846036297,1.7576652141649076
0.2743333141533062,-0.09274357149085588,1.643093301273461
0.20009310343422704,-0.12146828457091141,1.1984350557686185
0.4018081801522737,-0.10500459315418864,2.2905860564114326
0.274534256344819,-0.09054285507457083,1.6324922825805692
0.3367879774988489,-0.07540818333431143,1.8208652694041552
0.3453322190204964,-0.12728300676942939,1.8963859260103488
0.2327862827876397,-0.0929597781219409,1.3453627487636752
0.2527184462721419,-0.08648776744902231,1.5799705819526353
0.4052501300286797,-0.1093481453367513,2.322164131185389
0.2609442683438783,-0.1401647460697898,1.6926744721587355
0.3143752322203395,-0.10496360269057003,1.8413437034489768
0.32942895631346203,-0.09054285507457038,1.8510219868117066
0.4507713873399879,-0.08682711978164281,2.2924354074170985
0.30409300963102837,-0.15734630490877266,1.7452813522526756
0.4726612663318277,-0.08115416625873018,2.4229072180590037
0.28219373430305117,-0.08548484821147895,1.6635005290231561
0.16859084264957014,-0.09842341597081083,1.151940500490193
0.36177794387456785,-0.0905428550745706,1.841260122944343
0.2112259158212466,-0.11412819110835482,1.3156910912882598
0.37784697869760575,-0.10402710948562055,2.1369333051390047
0.2680283247750963,-0.09291344073716346,1.4635005319617476
0.37729639102381496,-0.07798142074815873,2.13196566007033
0.32767319299230113,-0.09346915874910944,1.7138623273246392
0.3659626796487936,-0.10578854616528954,2.0400869176385923
0.35665982870119683,-0.09420542109259589,1.9856696582656397
0.5034755550701657,-0.09054285507457083,2.4640212170578137
0.304157503867293,-0.09054285507457038,1.830344210690427
0.28075877386636416,-0.08125640253428812,1.6331952730032693
0.2803943893395582,-0.09418531776421524,1.6294279613364555
0.20756172053167177,-0.09426879519376152,1.38205250443063
0.21743676341098173,-0.10763582726526133,1.3329918390417375
0.282923687993621,-0.05948964331703588,1.687052941262049
0.2973769536283679,-0.08125184177510736,1.586262079396912
0.18185977909178508,-0.13043722168425198,1.1723412884400986
0.29900793385490676,-0.10323686043259495,1.7472587865132592
0.3289221184708313,-0.1360240395107788,1.9721477389907944
0.19087233926748626,-0.0919199265639471,1.3256661675975399
0.30662355452891643,-0.09200279644604425,1.7648811747060724
0.22484601883072908,-0.08480860056065842,1.3370653415967702
0.2289496054409843,-0.07181405224600035,1.4514768312670845
0.3331482745700687,-0.0979381181226665,1.8438263478154095
0.27487918869018957,-0.12630224524498368,1.72027714843506
0.4523778130178939,-0.11298087039205107,2.3385907651979037
0.22572898990475188,-0.07384854397466944,1.4422438198391823
0.4312337926190497,-0.08019467755927934,2.23658523864501
0.4242639819460512,-0.06925872725754534,2.3960092548391825
0.4393369057133445,-0.08152816783663897,2.4896315416910495
0.3039387363195307,-0.12380006915062947,1.6975374123549112
0.23034944005896918,-0.07785410740248566,1.3860695599681256
0.32986545632108744,-0.09012234865866076,1.9222792125442667
0.1656887033882426,-0.10149430311715646,1.07694048795961
0.2615875537066019,-0.09874780378399217,1.6237945100024151
0.268164923457064,-0.07888570633154413,1.698608049980447
0.13257028986893937,-0.09489762537386892,0.906681760695248
0.31979396529968795,-0.06594440025181936,1.716353469221816
0.14766212929650302,-0.09435726656601762,1.043082624866278
0.23116986175002263,-0.10246649302759114,1.427398940307175
0.39509943339376985,-0.11105959740032845,2.1110787823981387
0.3862584567439802,-0.0905428550745705,2.144860637311778
0.30080915556007737,-0.0980786490003086,1.675901692664503
0.30534246712178414,-0.08965722794784614,1.8769130120776076
0.18765596177049204,-0.1177354121235521,1.1889840435606218
0.3953083851181658,-0.10769516313321492,2.0679618515914258
0.21572158009439124,-0.09054285507457072,1.4379456707856733
0.25400657061321397,-0.10738763016161046,1.5790680776757207
0.06340135182342199,-0.13169890113172666,0.5179193973862326
0.2627442042381243,-0.10850688053103252,1.6179930986901578
0.33820978085015607,-0.08790916994757803,1.9499364400982566
0.1657741197415119,-0.10086694589022938,1.1726137611609593
0.3185677714981836,-0.11047686331929274,1.7191898327253081
0.47045243107609314,-0.06925872725754523,2.533326535078863
0.193088301266936,-0.09373162351414321,1.3366465792864652
0.3768155549367911,-0.10220884232577021,2.072722637708033
0.43934144325923485,-0.0878571577896009,2.3658176297232307
0.4138275063533863,-0.11321450188319993,2.2105644953814565
0.5626962838254503,-0.0625833500209294,2.9944714825251655
0.2046430143593727,-0.14914756790458605,1.263263141937338
0.23140494258618327,-0.08140419049497727,1.432822066785682
0.4270457953349822,-0.08199890870622584,2.280226326092596
0.3047794679949032,-0.10689847941569408,1.7015169150528588
0.3614001458436815,-0.08123308183382383,2.0003552515764778
0.2330599526004522,-0.06925872725754545,1.489936668681401
0.39780073167775587,-0.09677598402290177,2.2050515961428583
0.20134795854761256,-0.07832689751560973,1.304027208682688
0.23963071707459127,-0.09216175294667983,1.4930118365815048
0.40986875719085436,-0.0659444002518198,2.1482167304371815
0.3154601672827084,-0.06594440025182025,1.7907443091326793
0.3201038872949793,-0.08361958782639367,1.7377205608426305
0.19884125515150086,-0.08782487779281478,1.2070212029726732
0.16280695919067334,-0.09942221771313209,1.1246030202948416
0.2415387750890623,-0.12159390726356278,1.4079522397654483
0.264186484772307,-0.10482215287011265,1.5104434542973808
0.18679333302316747,-0.10443222447114853,1.3052507829123297
0.22511831370614477,-0.13982376737653346,1.4564484138363165
0.12966088473648862,-0.078046972396831,0.8515207522667747
0.4337068716746957,-0.09054285507457083,2.1801472668665176
0.3285756220611742,-0.084735002075777,1.8010047349477178
0.21127708499877906,-0.10203348332763129,1.4083526798891473
0.22353901807490772,-0.0995350557200052,1.369000979255211
0.23759973183870975,-0.07477943388073705,1.5643739309997364
0.28774789316955984,-0.09531708349175083,1.6722094468856705
0.20747318010229066,-0.11497705481702769,1.3097422745508724
0.23362906360636404,-0.09064610289898245,1.3927993695218939
0.28059293450623257,-0.09386039932866075,1.6861112288668485
0.20412565370507618,-0.09977914908465424,1.3081829312272746
0.33854586036476597,-0.0905428550745705,1.7570184105499236
0.337863191816858,-0.0905428550745706,1.7911636844239576
0.2980596961647437,-0.11876517694509181,1.6150999929230994
0.27267259335675775,-0.10064876515263987,1.6223847736643675
0.2895121959325164,-0.08842788146678393,1.7064818649158557
0.19327801609435613,-0.09209470237029693,1.315106303660354
0.23000937628176343,-0.10036620419646913,1.4503914138403786
0.33756963742134793,-0.1114727447051218,1.9619485355747914
0.36212856750234046,-0.10226109202022382,1.9535588948223526
0.37271808857454225,-0.09054285507457027,1.8899568339687949
0.2855785492990588,-0.07875464055414028,1.6289814361177788
0.31245398350921305,-0.1068764646563658,1.8870166142362896
0.5110008809356015,-0.06724824562848808,2.515264579063199
0.24087863808627308,-0.11331848510829123,1.3683284175112755
0.2534311059148302,-0.09758926104368348,1.5450352294217982
0.29037131296814844,-0.11364776905567187,1.6331648622390276
0.15419257123612318,-0.12325406493427271,0.994622295642677
0.2393003261676656,-0.1144067368094458,1.3637805268253471
0.26664414273795467,-0.11783643206108452,1.6232622953651692
0.18497984664620648,-0.11613971919489652,1.0995057295502197
0.32326965694099474,-0.09696634123993753,1.7589076900975387
0.3679950185726266,-0.08091546703707342,2.1299071315001723
0.3083544762122663,-0.09054285507457072,1.7993071649969654
0.28572304591118325,-0.09382678324040405,1.7834475355249544
0.3096817908396907,-0.11294720087054644,1.6773018296316893
0.48829607018857835,-0.09382185359510031,2.648739038741688
0.37587003200172564,-0.09972625887975739,1.9861035737689896
0.4402575876957726,-0.08202205879079982,2.209808510245698
0.2701952042095783,-0.11686470475756905,1.6663883894473583
0.4871799413893849,-0.09055934963634094,2.291618754554721
0.2840484470257061,-0.0932486019072718,1.6105688019796234
0.2677120162870026,-0.126171313719328,1.6192931257336127
0.3172640322575835,-0.0905428550745706,1.7770770144875685
0.24565411101400203,-0.09054285507457083,1.715045705258632
0.4130892186507764,-0.09121542676607519,2.255713605048233
0.30571016967209785,-0.09539878279153369,1.8656712294363873
0.41878618625799957,-0.09811835492424059,2.216825627531167
0.43182521811672925,-0.07448719148810601,2.238376055640948
0.3530164662644437,-0.10673962183340302,1.846621887306079
0.3539939860111383,-0.13515687803018983,1.8865825456784366
0.28050653808225845,-0.11289615756664872,1.7378724695215588
0.26737287892349104,-0.09054285507457105,1.4227058978625189
0.33384330623102243,-0.09646169041859753,1.8419408862426083
0.263485168646463,-0.0712193515575209,1.6624494604237716
0.20350003538450046,-0.11286027251955577,1.3381048768988826
0.2523557399937515,-0.07791427183679411,1.4730832041107873
0.23325060137398057,-0.10134489436328997,1.4626163741157092
0.29514722514108316,-0.08740166066671073,1.8543284786391798
0.10127134368599089,-0.13323572300573994,0.7716100170921427
0.26200311752554506,-0.09572341579362842,1.4667715906368124
0.2227711311718299,-0.0901429047462573,1.2936486854257938
0.24001202986346182,-0.10581599300379152,1.4570460908829594
0.3176775303446151,-0.08514117649238029,1.8224282038089712
0.2336515146862801,-0.14006305844950606,1.4316103688368595
0.2626322327238346,-0.09104116755983294,1.6173423467730925
0.36362359168052794,-0.12300514634935689,2.002432836191307
0.15239714747005206,-0.11742633169521888,1.01628223407998
0.47020202872884953,-0.08758450804635443,2.371120254325344
0.24097078077997058,-0.07060046319646762,1.5427884167858623
0.21398479142463844,-0.08033114540562092,1.3548055588721108
0.3795806038266605,-0.09523332494896641,2.0241299614406083
0.23589252706569752,-0.07686894394224153,1.5366090519355955
0.21395986858342764,-0.12241514863051006,1.317106638074955
0.4250475742041424,-0.09996988193857304,2.3058488705287545
0.4171008261744813,-0.07785410740248555,2.2529721122253084
0.42189225357204574,-0.08411144677583804,2.1795175162669445
0.28039948610012244,-0.08394220941052655,1.644935441736696
0.3171632741705561,-0.1474597299044741,1.8618078526635775
0.17464053251059752,-0.1032853864108797,1.115967321904637
0.25404930816306703,-0.0926486922324713,1.474821207677917
0.3171536822538925,-0.0905428550745705,1.8386294560221423
0.31258235608862694,-0.09054285507457072,1.6876743558994791
0.27305539094160913,-0.08190980336736964,1.6371005644261964
0.4384784661312311,-0.08602471422618319,2.371684134556017
0.31191988933196213,-0.09823265812938797,1.7885642665237587
0.3285348820198293,-0.07778176215125332,1.8128538526499407
0.5337844246341525,-0.11294720087054722,2.5927794650710503
0.20804816220018085,-0.08295261252626074,1.2957515500779662
0.22358033245369624,-0.13401081449481234,1.333416752995953
0.2732993658775069,-0.11238412609927972,1.5558561963549644
0.16671882614356193,-0.0956032084274171,1.0691463184270449
0.24169306330677887,-0.08614120272652703,1.4846412263176616
0.48865596832113956,-0.07770542871711539,2.3734454222432304
0.30252686052756905,-0.0810033443633511,1.7716394646690685
0.3708062196334698,-0.1157127600647262,2.0489965576500877
0.12000090024912957,-0.10151274094181639,0.8367348534257867
0.3485889364005905,-0.07551660602468158,2.0922500906206976
0.38419921053368067,-0.11876975301532877,2.0417074255020395
0.3511079369935861,-0.08625480614276959,1.9241675409536463
0.2305996013486269,-0.08377560233739278,1.4760813361279295
0.38557404604717016,-0.09584754674770823,2.197188507355465
0.5024618432934753,-0.06258335002092985,2.8189564853439175
0.3488741929524568,-0.0905428550745705,1.8024583338897124
0.3501144981117472,-0.06939530841056196,1.9323988707829598
0.4787625676411831,-0.10973400861079174,2.5482397120605245
0.2868088690266086,-0.1150164690523342,1.7880992741112338
0.3618552392689196,-0.10334031862131954,2.109635309207125
0.23980290622088352,-0.09487558328210477,1.3851078599989814
0.19981276440518125,-0.11822526607454575,1.3647590384696358
0.1352627260733943,-0.1332864143104392,0.9133954633537538
0.11494367260354665,-0.13212547677547892,0.8367693557019752
0.18947577062148757,-0.13940930650503325,1.2623840280399392
0.3579488540765099,-0.09054285507457038,2.024969238595737
0.36060593475063496,-0.11041780228903408,1.9235690334431268
0.4258322626187312,-0.10720218834116746,2.4099023613033155
0.38411507522816146,-0.09663283027376368,2.164297196605593
0.2540434770940885,-0.14176170770310814,1.524776870725662
0.2596986003320356,-0.10890323507184752,1.5893071357683557
0.40712545931487876,-0.09583929876775255,2.307060567470004
0.23553853972979244,-0.07635271083395334,1.3595801179568459
0.22145288889321413,-0.09953519044558445,1.435273407832832
0.27039771254033984,-0.07806959991895912,1.6713662998092935
0.35831587786015473,-0.06359513156134489,2.048007991409231
0.23286021526856326,-0.10957578044920846,1.3274140952166316
0.3047343500561779,-0.09077764533027177,1.6929055835544127
0.3535802588036696,-0.10013831349170466,1.939531407786387
0.1763214776182278,-0.09054285507457005,1.0809985263279895
0.20884582629904336,-0.08469582908194695,1.2740190014441968
0.2809668359822248,-0.09982612472893593,1.6282763344519968
0.2583616332868617,-0.09472254650409373,1.4464235827524017
0.09914374897358313,-0.10954040987169089,0.7106556322298566
0.42013005036424755,-0.10654817576815223,2.147897647567081
0.19650584547040073,-0.09297963090715189,1.3361422799658476
0.5246626779054064,-0.09054285507457116,2.465002308914405
0.34562273548474876,-0.11504280220906249,2.0263809516655935
0.2952115779893336,-0.10250338211383103,1.9097414343690315
0.23726779198764647,-0.09664182753178419,1.4369716570176203
0.2658204978701757,-0.08488850426683847,1.6495416613617735
0.26841766638864506,-0.10832019671153614,1.5234822308507994
0.23629015350196103,-0.09064648362885785,1.425225890878727
0.2692760553478244,-0.10700062974489732,1.6666071880859463
0.3059070932879071,-0.08786421883832118,1.754413542957869
0.4674459937746225,-0.07968252718510127,2.3969268663019467
0.198473400677456,-0.08727701068226434,1.3264906416747069
0.33295070548518324,-0.08272339728290712,1.8741090284789648
0.23308753980807562,-0.07165243377325536,1.569775359583835
0.30665589595343246,-0.10912019133032225,1.7661045197547955
0.294907485897665,-0.10431296651804611,1.8603010713559358
0.3154891767724828,-0.07134841380618318,1.7093124182755832
0.39131265353838307,-0.09054285507457027,2.3855747674079515
0.2699630609027168,-0.08607225379397199,1.5435354616225065
0.30264284254229534,-0.11686258564190832,1.7486981291609474
0.20074320266722356,-0.08757031809995197,1.323912815217822
0.33543896383623295,-0.0811346488164183,1.9909984841759973
0.22428799434181257,-0.09707615678011461,1.3778660060719892
0.3824437643977745,-0.09605631801433001,1.9638772549408692
0.12762991446479122,-0.09379050729825278,0.9313680361866485
0.27943574560723583,-0.09371893056581171,1.5935914354779157
0.4085645707657095,-0.07097875096645812,2.2031141446899456
0.22327827445722437,-0.0833067632558403,1.324197133183059
0.29162166522049904,-0.09054285507457038,1.7508398235282612
0.20503702915491684,-0.1013432883958032,1.2457707138705798
0.320677322954084,-0.0905428550745715,1.8842761321847832
0.2209721908708573,-0.1008113099657032,1.512839245381813
0.15546950023875228,-0.1416369149125859,1.0319741557968143
0.16651892978027383,-0.10754201149797105,1.1349645994593762
0.18194019878015033,-0.12866720922645247,1.1001910963535795
0.37989128164914265,-0.08134914761074052,2.085483113075792
0.38816823495820074,-0.06594440025181958,2.0058834840655204
0.25918555929007825,-0.10282624337263302,1.4998815433709538
0.3595020343224018,-0.0884416593550097,2.0575054537008013
0.4109308702692689,-0.0611667822207852,2.1247638199200076
0.4968827261519453,-0.09054285507457038,2.5822103858948817
0.12199357164729885,-0.137841608101416,0.8364751072443601
0.381472168018151,-0.05839044384758951,2.1661927543322363
0.4561734393886472,-0.06925872725754567,2.6046927740026895
0.20947320117411516,-0.12652181879606772,1.2744164037110397
0.22972706485682615,-0.10599982888294246,1.3685788994855599
0.32164543675410306,-0.0665834735935319,1.9260663191428269
0.4489710161861111,-0.11712572521283604,2.3325939058462515
0.4696499753067853,-0.09284479811139879,2.509907905186494
0.30055597278833734,-0.08592460087212905,1.7779214579382856
0.2919068300309291,-0.09764013823931583,1.5944112018578551
0.35437643111643813,-0.07860953901526901,2.040185591880418
0.18198717504886952,-0.09788475591356804,1.1858314110498316
0.260463392424384,-0.1016070803859741,1.535980531206059
0.1973326317657258,-0.08712081818967299,1.363208218255361
0.3837000971761664,-0.0905428550745705,2.0909258338799233
0.4814805897717842,-0.09984296261914716,2.4158450125872726
0.2085161933898203,-0.09167411187036834,1.3200129670642695
0.3216700690181771,-0.09054285507457016,1.835267721049117
0.25435725388654906,-0.11771953497322041,1.6138536570907016
0.32684838434774743,-0.10858320214792716,1.940341271958023
0.3266916468015748,-0.08846827215443098,1.8347390848013647
0.20663584978039484,-0.10686697159375469,1.1985038319468957
0.25032081629772907,-0.1103952532152046,1.4610177287596189
0.29032078679418727,-0.10954040987169089,1.7691156881228443
0.23502686095530656,-0.07639252162193622,1.468600372152872
0.2519734272541707,-0.10778252809639444,1.5315245834340552
0.33030141924013057,-0.09668414658906666,1.8865663116487565
0.3990781074721559,-0.10605599755362805,2.233853265814652
0.33627468962946594,-0.09306757502359886,1.862339327618213
0.3546177931514438,-0.0965015799179012,1.9732183888905348
0.25204356389816374,-0.09052069665905627,1.4886082164805627
0.30624369999603274,-0.08948627094785411,1.7174833806180287
0.42829468907411106,-0.06116678222078509,2.320422336316303
0.2878672092157768,-0.08011227166135337,1.6253751737148843
0.37990620284199283,-0.09888775674311112,2.043136404514599
0.2320360588386965,-0.09793480933914078,1.5240841017137434
0.41634606455935685,-0.0904607557452598,2.3262404890572923
0.37245825974439173,-0.06961493988874268,2.1333957481667034
0.3185333206300818,-0.07400737127138546,1.7465314749797334
0.32373202017043723,-0.09306145027605006,1.9733741533713358
0.43594465218664324,-0.10433455543519154,2.362876464870281
0.16585565552956183,-0.10849328808924907,1.137002846736313
0.22014683322823236,-0.13178664194645306,1.362484732878101
0.414449818137548,-0.08844712532364407,2.391470436541597
0.3858893818458633,-0.07014765402536449,2.3067454137760777
0.345896261770148,-0.09054285507457072,1.9540875264479858
0.32406096532579554,-0.09948539542173596,2.0740410753981315
0.22102393687042876,-0.09375645280037803,1.3450392827709285
0.28858490134658843,-0.09861726803739979,1.6385852276264872
0.3722082416408752,-0.10332023431327375,2.0333384820643943
0.26312164269786953,-0.08165883178658562,1.5103412742277713
0.47331500356401746,-0.10974243159746555,2.665208372280895
0.1788024517905038,-0.10989878555505861,1.1970874534232399
0.259429572617087,-0.09302000885284056,1.4969738038688283
0.32803285128293447,-0.10173970802476995,1.8836754134141747
0.29423739926217385,-0.09798880777404573,1.6428654289018874
0.2869606358370156,-0.10809768711977163,1.603832968439167
0.234534883654679,-0.1082972405787922,1.3862193976889896
0.2782027568761687,-0.07023183510877484,1.5887258511672466
0.2377597854331901,-0.08557396209542711,1.5006694342032754
0.23759687410888408,-0.0995775153054348,1.457414246202421
0.34722799976835783,-0.09124106961965961,1.8640341867603338
0.1585932003344639,-0.12922439144637132,1.0673254678453519
0.37851781263579154,-0.12068712703266893,2.1553000647489617
0.1155188918173009,-0.08468514158426466,0.8698166091459283
0.2812073402899973,-0.09815379835342775,1.7334240409764563
0.4390318442339767,-0.08169156765496988,2.19063845977592
0.22235685618710388,-0.09377027273459493,1.3550079240137625
0.317479220826399,-0.09054285507457038,1.8740855991105039
0.39922885673679054,-0.09796783726001601,2.0099300933895234
0.22935113684469566,-0.10758606966933759,1.3776965432044872
0.19511521264237874,-0.08780870862547485,1.392158931830245
0.3236589484443837,-0.10877896871322124,1.7912334612229273
0.2624797816320188,-0.09054285507457016,1.6399302253639514
0.3223124270330755,-0.11909072855276959,1.732356407507774
0.2764624464708594,-0.08773930475318248,1.8244648524726492
0.256472869355453,-0.09054285507457072,1.4518805359622344
0.2969708536566149,-0.14617142219736134,1.737355121627746
0.14581420644136167,-0.11605130188251644,1.040395358876532
0.341752371787853,-0.09113450688913027,1.9496902954722293
0.24215251374534108,-0.08134359128684132,1.5890579420226798
0.3929353623390739,-0.10096179890397172,2.19070843773714
0.21704160384514304,-0.12317403234401714,1.2142468043121355
0.2516394834839677,-0.06479680550333045,1.523715038419429
0.43824656278155993,-0.10707652681702862,2.1037924902629226
0.5482100904365839,-0.069258727257545,2.5029916483797416
0.25156670916056956,-0.091492805843439,1.4922827276113377
0.3512394521486444,-0.09054285507457083,1.8470998256997726
0.5214241381419809,-0.08188014537825439,2.8399173491100966
0.39529677393035056,-0.06483056946659216,2.225835496433588
0.3186910653335122,-0.09143768942595909,1.9823550899135425
0.36032216778371606,-0.1076523508697742,2.0695630320679226
0.2102767220907773,-0.09468055139121101,1.3489609739950477
0.38797012078176185,-0.10168702611557134,2.2156878873778565
0.3405603055009516,-0.09315755179627283,1.9259884799906448
0.12697634402624258,-0.10186348605000761,0.8551181298520115
0.24856763721206288,-0.09646551215279164,1.5908863463541991
0.21108318468060183,-0.09054285507457127,1.3005830925309938
0.3220437633466755,-0.1303426537956489,1.6957630368831313
0.3323639257230273,-0.09486142276878295,1.984658289236288
0.311801764301604,-0.10638162759215708,1.7678826899316644
0.3772755033115449,-0.07488832619816532,2.2427258615829406
0.38911531034206703,-0.0793047963578053,2.1392330793204164
0.3293500175954247,-0.08154876012810441,1.994665427409273
0.40328006801386307,-0.1169755337738948,2.2626356559275287
0.2109338923754267,-0.12047121813868933,1.3001711917267103
0.26262998165039453,-0.09559092966735228,1.6546109552000563
0.16651436167398703,-0.09410819360146094,1.061896356784413
0.1401495062808078,-0.09838384734767092,0.9245124358482568
0.14231646819369237,-0.11027554644693005,0.9431807838813393
0.3252873254120121,-0.07151575151118039,1.8497548579594152
0.29868637613559157,-0.12980375747826656,1.80201106432781
0.2379511614824601,-0.09476751367458158,1.4937632294117444
0.26929338648458834,-0.11551508358437534,1.5153673930591978
0.3302098835699123,-0.06925872725754545,1.8713671298016579
0.2259565845725775,-0.10816574790714095,1.4872899802884323
0.36304950815743786,-0.08127032244684751,2.1299252314570394
0.4553539419024246,-0.08553887238882096,2.4644822832904407
0.3546207083188302,-0.071049442244703,2.119289072989335
0.2196294137200343,-0.09054285507457038,1.3030455192291837
0.35779283615696467,-0.14329378720880837,1.9066192238612492
0.2695335889183643,-0.1159793154194807,1.590170341627169
0.29095374257545625,-0.09648625200309224,1.5851021240076462
0.39016461213815457,-0.08800820171840962,2.308832280557566
0.2341918702001744,-0.09284133955673679,1.510987748491872
0.3413497388767326,-0.08532281105656414,1.9459080503288289
0.27141408409709,-0.08713708801479692,1.6230686267594117
0.3144290926153097,-0.1070388528696522,1.8392012427425457
0.4098790613232437,-0.07548310498067246,2.2537882692819915
0.3178443035131473,-0.09084104876674381,1.8050260593634337
0.5566943782405811,-0.06227146569444675,2.9540264050913203
0.28786198320034506,-0.103676499640868,1.5399973728196803
0.36974585740938726,-0.07505034878636363,2.0870832291201076
0.25686167731610743,-0.12263979477987708,1.6011838110549665
0.41040367582583914,-0.09402317867217047,2.1655164248342027
0.25549822372134146,-0.11075251949248244,1.522418258064476
0.2349365545579818,-0.08193859293805239,1.3888355153311025
0.23549511849150861,-0.09517058390641742,1.464749528328031
0.24163605506776742,-0.1305534483808214,1.490572710261755
0.4511892071894048,-0.10997372785577253,2.1434087721515978
0.18171488302179384,-0.09496526890803181,1.1068685293684872
0.24677188997110866,-0.08343812556075236,1.471082442524226
0.28693370242046146,-0.08506986439407294,1.7323627412403249
0.20418536776418206,-0.08321936977263322,1.2356271549014948
0.3028429702926527,-0.08233366601952918,1.8173155659003977
0.2523896111229793,-0.08180323038541004,1.6764083534121614
0.35228201364674594,-0.10508469440534085,1.8195756264443605
0.3750523551657907,-0.10590965808149821,1.9298729336079774
0.32154440778659454,-0.09277194812112066,1.9544097505903455
0.27409923204426945,-0.10842722145030526,1.6233105379561823
0.3650285622044327,-0.06594440025181969,2.070926345003281
0.3449046011799419,-0.06032620921114318,1.9875428618625022
0.2689120606523774,-0.13244277480449118,1.6559474046783382
0.46767509712978517,-0.07508647780766264,2.633130190338996
0.18542889177238653,-0.10311659777964721,1.2502832526199452
0.32460702238490047,-0.09283325350940241,1.857388625902567
0.44644105724177385,-0.08415646001843247,2.3870702175464436
0.2515237939172241,-0.11665957047325337,1.381370869401998
0.3480630393763835,-0.07200064064587552,1.9498633197178143
0.3019531269398086,-0.1254694941947715,1.7452987962049111
0.26397999039737186,-0.07588266184177606,1.6127880439264786
0.10481821949555425,-0.15493341548615147,0.7510128845964729
0.19697356046788572,-0.1221309797437915,1.2312821021051414
0.3430093641411682,-0.09054285507457072,1.8390361399989466
0.21538471631590883,-0.1049707839418067,1.387077307824626
0.40797909839354496,-0.0899715358511024,2.1057582130833485
0.3557354443792058,-0.10607182631129297,1.8989084640871443
0.43276748404634047,-0.13981314181252313,2.391852778606388
0.39210739381116233,-0.11231239914633873,2.0268689704128793
0.2854649988241411,-0.09054285507457016,1.566589373286533
0.1790295230103227,-0.16423140718508777,1.1272923228568579
0.1236936055218707,-0.08009808009286834,0.8889342022458044
0.1434004098771129,-0.0846127224035691,1.0459333809259652
0.3018566412434278,-0.09054285507457072,1.6644079700055037
0.35996990719229816,-0.08630856126258157,2.0010158668285527
0.39420755000897456,-0.08611110965489421,2.1690951304576718
0.2501313709681887,-0.0988838223008589,1.6217108340989812
0.242933846700772,-0.10448880563915375,1.5351259626279794
0.2990878644615562,-0.09054285507457005,1.8502684998492842
0.22078099100594306,-0.09811457701077453,1.2868575227153987
0.4133707750528899,-0.08623005033126396,2.2983895801693706
0.21024721381058087,-0.08506350437772381,1.3553910315036444
0.2875505986645326,-0.0905428550745706,1.58351299386731
0.20391147348916183,-0.10682908184828266,1.2268531651730874
0.4574062788030284,-0.0905428550745705,2.4445914662878643
0.19342082859457577,-0.09791202635929352,1.1759745914146913
0.32556288520139653,-0.08832070324745356,1.7172421513078233
0.3663381563718624,-0.09054285507457072,1.9598373251929146
0.41688583981623895,-0.10584444809382376,2.124732317235213
0.41940701073281406,-0.0611667822207852,2.367422514270783
0.16264253920436222,-0.08190744152795704,1.216496092982508
0.2653765824600067,-0.09054285507456994,1.5237863970201404
0.1814074712682925,-0.1000523468693525,1.1317068272107806
0.3438296241323364,-0.09611943350463015,2.0210003592740327
0.368528343859972,-0.0905428550745706,1.7964380544851652
0.38593911154569915,-0.08187617574339645,2.056262063030741
0.238179409860926,-0.14329378720880903,1.3682464313503495
0.32253055471288583,-0.11337042246187612,1.8746436924226817
0.16196514255557348,-0.0721793280424774,1.046548625741407
0.0928533012667132,-0.08309215604471709,0.6663391281949637
0.0746888832048287,-0.10617047892435505,0.5391881634082382
0.36128539210091604,-0.08557242953027988,2.11697793308485
0.3075501492534225,-0.10834282833507236,1.7036662656384687
0.28828097891104054,-0.08781233535619182,1.6360393803187012
0.35111797660465327,-0.09781968788153983,1.8680147076354083
0.2605261163639052,-0.09054285507457083,1.568219332849649
0.29711005125772494,-0.08620094200360073,1.559794306602966
0.3042129342301656,-0.0905428550745705,1.6448878598350472
0.1817664318997041,-0.0905428550745706,1.2098902836591778
0.420672925572648,-0.09054285507457105,2.2258822377061915
0.3745459668418849,-0.06840226132501148,2.1893574485969114
0.24018407942977626,-0.11994363297702437,1.5127491725267765
0.3261493125932915,-0.11775555756455958,1.7995672251507702
0.2322585583197192,-0.06925872725754523,1.51781919179729
0.26861872106774975,-0.08229641206188243,1.698656853220774
0.2503003333219469,-0.13476291628114467,1.5679371691826332
0.2527562922654938,-0.0900441603226283,1.5609038364215888
0.21895449874051787,-0.09280484517207443,1.4530936899021707
0.30840576056646296,-0.11935086421914065,1.5775512643307446
0.2826307434147741,-0.12746574751811846,1.4838447642462511
0.28482018070553816,-0.10663469330912001,1.525384556576335
0.2896235291122904,-0.11289615756664839,1.6475434423236788
0.3641357633121931,-0.06934259448742075,2.1092002047890963
0.4483327706951812,-0.09054285507457072,2.454955468707887
0.37515312882919694,-0.09988021585749784,1.9609058731609297
0.3044535783597839,-0.08968790913410518,1.8281300817957544
0.1605395533188143,-0.11363525043223943,1.1431238598906623
0.12132382065654967,-0.10592207720464186,0.8399082596149802
0.4178486506515191,-0.07402551167536531,2.324681276903477
0.37941897658249957,-0.09564645196359634,2.100178756006961
0.2860934267623203,-0.09943474405813968,1.603073020156127
0.2946734495107808,-0.10453544451132102,1.737927935473707
0.2621559601896346,-0.07733334111367507,1.6672316207273614
0.19629895311116607,-0.14972228947909094,1.2781528317353794
0.3752587341824851,-0.09054285507457027,1.9662580955493245
0.28657633058407916,-0.0905428550745706,1.6262930479925233
0.1007889908183639,-0.11131228512702085,0.6825399407592876
0.3824861470142935,-0.0827883390390095,2.184344482481709
0.3858301142282681,-0.06925872725754534,2.393356576649202
0.2524082344982437,-0.09598360226742753,1.5760954057710233
0.2735561841217564,-0.08984257920541194,1.6380158210118503
0.32121224506095514,-0.08710474633460696,1.8971142657957158
0.3080469968402404,-0.08043762841604107,1.848848072830217
0.32884846155109804,-0.1459465588604193,1.7801908525201982
0.24626561751490783,-0.1208798916781354,1.4389228138270684
0.5942248646646673,-0.055434042923154014,2.915645991605452
0.1708657831119913,-0.10435611562183866,1.09863926765156
0.30994045975141526,-0.09031744815277798,1.7386158227192365
0.43673130833534657,-0.06704617077801989,2.246245859202479
0.14699103748258735,-0.09365680707367041,0.9780358994725242
0.3008483698361184,-0.09494252257526237,1.7619272274936855
0.26353522718612377,-0.08773009264224163,1.5810252909503841
0.38960570834165,-0.06726813514746732,2.1042322702314884
0.491032024638979,-0.06333683826507908,2.3997960603145385
0.299876127653558,-0.09760857388786015,1.7913784635344714
0.2328833211739405,-0.13150346550473502,1.352696740860909
0.181251276045848,-0.10083629929934668,1.2068201234871634
0.24162171456779968,-0.1166390905092729,1.453343523236279
0.3322948829182619,-0.07972758022452742,1.8344431887022303
0.4025938750679132,-0.0692587272575449,2.2216647713504245
0.38727703556936777,-0.09275737543771045,2.3268772618323172
0.4058597302059448,-0.1258479579927102,2.188415089398549
0.5686235464865299,-0.05137454385105489,2.8539579888677227
0.22544187846625952,-0.09054285507457027,1.3794655838523102
0.39903091076535047,-0.08506854180613388,2.225799966696463
0.44416979857168193,-0.08605156580948825,2.4133748804166655
0.3060400006581663,-0.06925872725754545,1.7618344539083277
0.333611282608528,-0.08774947223282414,1.947462707355633
0.4207059334522205,-0.0657455666701603,2.2345393169595082
0.350368058927776,-0.0950243258417488,2.059448821677326
0.4493592443335439,-0.09405549443325956,2.3622076971616925
0.148100450480406,-0.12575499070525542,0.9827069975815074
0.33892182222821154,-0.08032465455354121,1.8664638896722485
0.22317703495803842,-0.10994964396223761,1.3226222703985628
0.2976438032976445,-0.07372590414906455,1.8317695971744472
0.31937424673026493,-0.08126760829466706,1.929314426718076
0.36618891856952196,-0.09054285507457016,1.862343751730472
0.31014325768667605,-0.08769506396821714,1.6979178058309692
0.27225248488112785,-0.09054285507457094,1.6070379763944143
0.24412117778935016,-0.0905428550745705,1.4596401953245421
0.12025372096553122,-0.1257766230705828,0.8356928312534472
0.3166033129599639,-0.0862548061427697,1.8578590030989712
0.33046856535081437,-0.06925872725754523,1.889829513070233
0.26665791411897555,-0.0813499264684947,1.605751304641445
0.16062830179804477,-0.0905428550745705,1.0303822910623366
0.30844499599050046,-0.08532281105656425,1.8096544589655472
0.26511819205566733,-0.1049187797749408,1.5240532994789617
0.27841078305109224,-0.06097050985224406,1.6336158289408704
0.3314749560326873,-0.07087990239224173,1.935373185205447
0.3770480845091273,-0.08133970688171266,1.947495624168315
0.28149061889632954,-0.106666108604905,1.7447811722591111
0.296955192878265,-0.10138895602411424,1.5950421892727606
0.4374617766161879,-0.10068432864681709,2.328623619290123
0.2802947040440149,-0.11862533396849562,1.5619776875688938
0.2903189264833361,-0.12538874408102418,1.7356008395075322
0.39600596375428565,-0.0915762507921426,1.9606640211198416
0.3336141577711773,-0.10616906397045944,1.9915083249635912
0.2657615552014083,-0.13149433728467919,1.6610531690500725
0.4610894432579691,-0.08929878396007751,2.396599027243558
0.30234131029479716,-0.09897766916179307,1.720763259714785
0.393242715595417,-0.09542061165899696,2.1179742187772845
0.2055465901787321,-0.09472634694250137,1.3772219752073473
0.38412172620693474,-0.08393979643101868,2.1121065981239098
0.16848482017752975,-0.11120356279594201,1.1073714088164321
0.259659068384237,-0.07601574098019215,1.5854283409333003
0.2843801347985935,-0.09256384584234023,1.8251228199716354
0.5070146956518815,-0.07928942561256513,2.3254645903842444
0.20114971372898438,-0.07531182341991871,1.1835751306147768
0.26284911799144894,-0.09768420379776643,1.5563212616044448
0.15783332377699022,-0.0961351209272513,1.069107406185118
0.2959145650547115,-0.1141190771769125,1.887443590594816
0.27012162147621277,-0.06925872725754512,1.6721735763254317
0.28283678282359914,-0.08251508319318057,1.5777135380506784
0.04771461774153507,-0.13523881674511817,0.3756955656085307
0.28160006736995125,-0.0905428550745705,1.7247160336648122
0.2657784084803738,-0.10773470076389136,1.5149056831980834
0.23698581878307023,-0.10864031650204209,1.4346159494281188
0.16749201892341192,-0.10333658341212582,1.1837558982273604
0.30283886903792334,-0.09274573098979533,1.7149080234309884
0.3176447864027103,-0.12883703513425238,1.7350339307557716
0.31241570278513886,-0.09054285507457072,1.6653455024177786
0.282487391928107,-0.09964267933093818,1.7542105084489443
0.2389127218120899,-0.09128501986452286,1.4710798082442007
0.2631868478675907,-0.09054285507457094,1.5982195754414954
0.2293298941930053,-0.08801562525718587,1.5190743545526335
0.273799051830923,-0.08938169511701755,1.6754365115042706
0.21992373486829564,-0.11566223702260281,1.3338389842166671
0.4233376626074101,-0.07919243178139079,2.337203975622767
0.3462479070212132,-0.09536640429455046,1.9921624699367162
0.3825219538281588,-0.08620788601399987,2.2072237059362894
0.26748710445173707,-0.1117586795110378,1.6349292469017178
0.16939799927407106,-0.13159067574107275,1.1416805420325922
0.31494499128717357,-0.11292838791785753,1.7788232626078109
0.2873964990192641,-0.09054285507457094,1.5843971476185856
0.49777046067886044,-0.07473830884908828,2.503224786139086
0.15140662505360658,-0.10885647273513344,1.2000462943767674
0.31139527681847556,-0.09424171449763674,1.6748092338329752
0.2506374683488972,-0.08928423416852505,1.430120789227428
0.21255544276488636,-0.08114679186037932,1.4612191831087662
0.4156293894431846,-0.09054285507457038,2.2876154370016226
0.3742415720251533,-0.09763755452707779,2.047708476723403
0.20711152684275635,-0.13427142531050873,1.2203704314882917
0.2765081178652866,-0.07997013834776612,1.6814299317405403
0.37112253882635726,-0.09246761246097945,2.0600090401019724
0.21695519391989349,-0.09500077283247488,1.3901109697614755
0.3229596852302583,-0.11600780567449853,1.7847303354429653
0.16817904839297637,-0.13835678555098196,1.1159586559334467
0.23079625873264176,-0.10341877413744138,1.413423345285867
0.33731042926605315,-0.09705910727095801,1.7697933748294923
0.4150592921842915,-0.06594440025181925,2.328298183120962
0.26423825792216915,-0.1012359258821427,1.4645824690173284
0.3042821634880162,-0.075712544016179,1.9265893090767714
0.23295981464581406,-0.10978139282837363,1.38754114413891
0.19138920200394804,-0.09054285507457016,1.2536725898937617
0.33430061597390504,-0.08240158353328797,1.9563243093693428
0.3537804885884881,-0.07964543705929394,2.0499716775562487
0.271388930334314,-0.0921594541344668,1.6107762329474375
0.2328383549336075,-0.11457050975730021,1.5019274628181412
0.4279059089354713,-0.0659444002518198,2.184306766283937
0.36790913936642444,-0.09643574853202752,1.9683847323499855
0.309066745433745,-0.1166450338923729,1.883590691498693
0.2351951950675999,-0.0917892111596218,1.4457775094278942
0.20229935148735034,-0.09052069665905638,1.160566104151204
0.21857524292412567,-0.08196009014804995,1.3430612757224314
0.3402976105170026,-0.1142804680945807,1.91849133238362
0.19435706604581005,-0.13087783610754278,1.2808459509439525
0.2590570960094978,-0.0758624184759562,1.6077634618500947
0.4046313612616257,-0.1247026284712568,2.1554003360912124
0.32661147065340135,-0.08746148343847204,1.7694705456580244
0.2560639749895286,-0.09584743097390058,1.541733826978484
0.4717706290537127,-0.10041520993091746,2.18289941845742
0.24837902839407455,-0.0923889954801812,1.5061174871093124
0.31853490264926254,-0.079879498567476,1.80375626734627
0.31717114756484577,-0.10026002281034829,1.866816346742056
0.33765454504363124,-0.09123147363334982,2.0397163817917354
0.3106589632354877,-0.10788673532841198,1.8025433197717893
0.18660139962978395,-0.10442952989229237,1.1770599081466182
0.4346004238094312,-0.155312070285193,2.16259791114313
0.23659080120614373,-0.09536501868845948,1.5060777024054695
0.4050429846658563,-0.09583212143825426,2.3521033828210474
0.3078514288481011,-0.0982144339458475,1.8440903521710659
0.24504938160176515,-0.11054565189823096,1.4772919363500954
0.13668825477857682,-0.09953960699564479,0.9563775482190492
0.37372182123403497,-0.12905526932747124,2.075916064218413
0.3863594651622517,-0.09151922813968516,2.1859769174833956
0.19560438227171617,-0.11901336208576774,1.1509296304104708
0.308986283597106,-0.09054285507457083,1.7691800783112734
0.221254059006883,-0.12511222310146708,1.2641048556241723
0.17726570127489083,-0.13512443398835505,1.1946951336814509
0.2656632005249753,-0.141610462664425,1.457761177413369
0.33433249247555286,-0.07736191518735158,1.8259518507507115
0.3632018700502524,-0.08767793549348402,1.9607235612043517
0.24899061874815742,-0.09969952905584245,1.4481174064811295
0.2593519395412256,-0.13941175944266437,1.6801973993665549
0.3270136391665823,-0.07212014336822559,1.8734835036336777
0.459868769154389,-0.08248303120229217,2.4655978631573245
0.3120587788178588,-0.0859550304765655,1.8530284263334675
0.4487569573356178,-0.11084806371982225,2.277935677930149
0.2526254415769251,-0.10866604739614927,1.5941235139429384
0.21426546966382087,-0.12359311041574805,1.2771802407479511
0.23693059414289608,-0.12765863349958673,1.400300311340751
0.2872439035539962,-0.08023290766161273,1.580540850917338
0.44398673119122223,-0.0903877253548786,2.318730238599033
0.21374910272412584,-0.06948131154996606,1.4152732374096988
0.35931735854282065,-0.07770755315831002,2.156379334489505
0.38131693724677707,-0.08556965948484851,2.2477150228730287
0.28582020329450186,-0.09630302963788062,1.6550372167786844
0.41749190133198066,-0.07147278866577345,2.1090748260478285
0.3367768508245115,-0.07956136201158259,1.8645386538969388
0.3665883277754547,-0.10548010824944543,2.1612607765013037
0.1350176109661656,-0.11366879779318029,0.9614487504186447
0.3253456711259146,-0.09228295494293359,1.9391014406914393
0.4586542264143523,-0.09133349267458646,2.5997272722141354
0.1704064597355739,-0.09318608753037871,1.0628329574509197
0.33124229859256427,-0.07505156740260399,1.8885072879553026
0.1931097079593902,-0.11227145573896102,1.3596891376286246
0.15031775143198334,-0.088950486670344,1.009724017092241
0.19570711555730114,-0.10935444317849685,1.26611773799634
0.486164165112299,-0.0905428550745706,2.639577203917209
0.3137197435021244,-0.10092478001357108,1.79647127794372
0.3526378187616377,-0.11511917855569731,1.9461147960552756
0.2784674573633492,-0.11857407483107385,1.6854260644496013
0.2535806380605732,-0.098719980722342,1.4862068953447676
0.16559160778290583,-0.13620519922638596,1.1701473119238952
0.19277047645670642,-0.08642157807835549,1.3246176114788706
0.242673069049113,-0.10922071721647897,1.3680831178184916
0.24160960163559908,-0.09959157213024095,1.3966417544744858
0.27142197773542853,-0.12901061450677154,1.610569289299104
0.26262817956564133,-0.09129462775509689,1.527180691150731
0.44256116983487526,-0.09054285507457005,2.2552725344686313
0.2487178338270979,-0.09480806668769759,1.4609042118634472
0.37838971440079683,-0.10185316629192465,2.1632377620298504
0.3436560316206241,-0.10093578152503035,2.003021253352909
0.39331278681906356,-0.07149318059128074,2.1811315675381207
0.31372451591627604,-0.1460203874645224,1.6525282741463836
0.30116512364523174,-0.08185503050929255,1.8099569261199961
0.28352240782277516,-0.09629728937657456,1.6624490058049075
0.1394227604733962,-0.1039964352739734,0.9545277417163558
0.2760224304165477,-0.07666619288829069,1.6584336072327568
0.41148751784190885,-0.10517329031481626,2.3417295086107046
0.2613782488871006,-0.10916070497740082,1.5183245169497739
0.35874077289514084,-0.09323378522740622,1.8605843960961899
0.23518902636929417,-0.11432225564335752,1.4237063980095983
0.2578669975359502,-0.08395953868293071,1.6379380854462176
0.19351350388615263,-0.08082146551654956,1.255607907420728
0.23112080853619021,-0.11101207409944192,1.3776062859802465
0.29405455659219326,-0.08694726770067773,1.780001225838647
0.18969545947853717,-0.08238502647585488,1.2585442317525093
0.38072165605962494,-0.10967836587434365,2.0762365249091466
0.4483659591240021,-0.0800899335547024,2.2531308020372585
0.2725962172317111,-0.10419633493110181,1.5931617928220947
0.3240420065609464,-0.10413021057243466,1.7818528673049936
0.30576334960176776,-0.09054285507457005,1.7802580060121247
0.1747735004107447,-0.10497158934529349,1.0879261841821923
0.28044187009845434,-0.09368464715583724,1.7529523976351873
0.2773898288591192,-0.06979549272126284,1.5456377983343914
0.3308509408162612,-0.06699445279861871,1.7710924865104285
0.25649885325455424,-0.08760089258014614,1.5360708968597692
0.29368619793996764,-0.08528209155331945,1.764860614526617
0.30478558864137484,-0.09785195030433014,1.748400887246053
0.42305237248100847,-0.09143062424551784,2.320291026317644
0.284876263622972,-0.08053848523108487,1.8586463958218182
0.22540375303955584,-0.1269658054613645,1.5395412823862402
0.3568392132044953,-0.09517671882676038,1.9504091840065167
0.34276494331281904,-0.1255597409575836,1.8865747303804503
0.30194521128958396,-0.07204725708105864,1.7211458561117583
0.3512095240345394,-0.08724873353279972,1.9891652563997564
0.4467946399667124,-0.15544533848203645,2.315854283079204
0.3270835821952358,-0.07831621949827838,1.8023295538054591
0.35510676029569255,-0.06813798120056958,2.0253817278520043
0.19279342893128737,-0.09054285507457105,1.2077908878985915
0.39476206931892244,-0.06594440025181947,2.11485889069819
0.2705784819676431,-0.1262387180673461,1.6362081565592395
0.35723524584267463,-0.08595573097751097,2.0447380835304374
0.18053188842627366,-0.08818732833333853,1.1945881848840578
0.2706368810996844,-0.09774803151118017,1.6673426854912552
0.19597251893249523,-0.10185428199860769,1.2710255033381137
0.18435943878897842,-0.12735238322049303,1.1423058221212428
0.1836255033207128,-0.11264952407576967,1.1670861744786825
0.3238740229939907,-0.08255727513260025,1.883312071086512
0.3186714572071696,-0.09380031603538375,1.8804786513630805
0.48224115459955197,-0.08076980937143963,2.429386446956998
0.1402966727808319,-0.13563540493775084,0.9441876376025008
0.38498628410481395,-0.08103641226622127,2.0344791029331013
0.2548484450459372,-0.09320942528549214,1.5374054067464775
0.22212374398599244,-0.0905428550745705,1.3312493224794775
0.2868420050796314,-0.07733895934468793,1.7025461142719394
0.32013367652905145,-0.09546616982008471,1.8615842836351864
0.274937874720353,-0.10756278045459255,1.5489067045480445
0.18001104418866198,-0.10159296508508475,1.1529981156792068
0.3741729292122056,-0.07444364186715058,2.117455394833275
0.24772513251092576,-0.09627961478447722,1.5818461449135637
0.23381236401132055,-0.09446805916083179,1.4080875696148212
0.1829527089736629,-0.10360338557539395,1.2620117040784693
0.2934102368059355,-0.07141798914363573,1.718566044876855
0.5130854304874779,-0.09054285507456994,2.721355607990926
0.36273092616675817,-0.07930479635780563,2.016005914199225
0.23890291784441575,-0.10659302923784242,1.319526212687484
0.49779886747019586,-0.08920633003078515,2.621288869849938
0.13523825660451583,-0.11105285747110505,0.941532550822467
0.24544828271669572,-0.11653646767109216,1.4698040217466772
0.3513489966905392,-0.07555067817637895,1.9890387227128088
0.17271569634490236,-0.11089465371351404,1.1271713715968614
0.22993867618616082,-0.11098069905511798,1.3633774120486117
0.14700992384186096,-0.11397787430078676,1.032279130869667
0.396674375245327,-0.10620793056026556,2.1963845288529935
0.21782827710988717,-0.13965210802320271,1.3257834282304195
0.177369813485716,-0.11107300792429253,1.10385371059115
0.5051635330668385,-0.10664918028188264,2.538172516639122
0.19908627757302222,-0.09278683643876828,1.3031711122896226
0.17524865052114813,-0.09480191745423339,1.1380957992619805
0.2786217417813679,-0.13016788449840122,1.5254948926148215
0.24398341804171264,-0.09054285507457016,1.5562251447497004
0.259306367670042,-0.08144005424741829,1.6143033747153523
0.3255863155729428,-0.09151922813968605,1.7458255055588434
0.21614025208236054,-0.09140157100197532,1.2825447105163403
0.34763860968236227,-0.0733988879420504,1.9123221049015169
0.18308084742496744,-0.14139039783271035,1.3081501842865821
0.26331816334071534,-0.08613307679819959,1.5673181612227964
0.18798140332154212,-0.09355407363641921,1.1342792230066654
0.31172808930153706,-0.10954995690195801,1.6981747103082896
0.2204932634775063,-0.13156759598188894,1.3691746059496237
0.24091393310744014,-0.07700417229708523,1.5575433086336246
0.24906360435594244,-0.0729964779231973,1.6098526659146088
0.2514065677301103,-0.1074396002360466,1.6138908652276334
0.15324716819255468,-0.100098071102663,1.0930434632549677
0.21936344039760813,-0.12817748414841657,1.3485416977848625
0.3196114703903403,-0.10633614714565709,1.9104275236178634
0.17236694649160644,-0.12615629374064286,1.123761928794504
0.26526872079591723,-0.09111258639431408,1.7301593351917122
0.5184960492264594,-0.06925872725754512,2.720228036031822
0.19003950098826605,-0.10255158691860422,1.1447589725508858
0.20301269319256887,-0.11597931541948103,1.2528551389941898
0.2899338361094306,-0.07996748120747199,1.7280616914074947
0.3292728481382523,-0.11103247270657313,1.8595682878946553
0.33970700358856143,-0.07938572726761817,2.0317129426994534
0.38856413766099074,-0.08040122222328028,2.2070209546480744
0.3437528553012674,-0.08303014090529659,2.03925709518737
0.47525361549416334,-0.09218705280641537,2.3431416159372938
0.28849524483939093,-0.07699224564178897,1.7909364596296442
0.2859265580716248,-0.0989210151150397,1.8723001545642888
0.3953503474660227,-0.09153544183177209,2.025794857184087
0.06052020668274971,-0.11362595649560914,0.462949166757239
0.2607868154708828,-0.07434914786591551,1.5350852077381765
0.18606334984093542,-0.09495399272467109,1.108428032708528
0.3354162845014075,-0.07035514720118619,1.9828037192844048
0.35911097643071144,-0.09680694574561954,2.040379267995551
0.29997390727068773,-0.07623437141003575,1.8634457666825426
0.22783634155544008,-0.08701667267443414,1.414533527825601
0.24696662201595432,-0.0763013392749291,1.472362137225453
0.38450029468752644,-0.09054285507457094,2.0003611603941867
0.28153268778010054,-0.1046914057469478,1.8668821700318632
0.4094921192336818,-0.10034536106730207,2.2102110015586973
0.25754559551425493,-0.09641364834963873,1.5415569229138724
0.2461136550525116,-0.08219521822843479,1.4899106462623424
0.4217155314723282,-0.0925419360198495,2.3538432624978243
0.20432018374685312,-0.08169463010799116,1.3132002993149907
0.3277257913424265,-0.08310359413753443,1.9515374131911203
0.35499794109357596,-0.09054285507457083,1.9316604542052804
0.20906689678514967,-0.08937062178166377,1.3354605629069127
0.3197167862636783,-0.09713533004693342,1.8340576671764135
0.34055912627541574,-0.09749794461391503,2.009248004127829
0.24756382784340558,-0.08927754951869726,1.4538430287690747
0.217125911617029,-0.13464392407794623,1.3923976453012996
0.20474580348247984,-0.11533574878317931,1.3029845224413752
0.48132607580660314,-0.08467031316706908,2.526017079789358
0.32965541240275975,-0.09054285507457027,1.8515367669701828
0.15781205482790717,-0.11200910414965592,0.9672734397138203
0.29127719239305705,-0.09078040150029909,1.716962630754605
0.3593643679795393,-0.09178901228139902,2.09041586002047
0.20876446056035225,-0.09846364349721903,1.3237817376820606
0.4361396615989399,-0.09327639176745484,2.250713081096061
0.24886009162448475,-0.08617537894788396,1.599537421599867
0.4202023345931518,-0.10066693658669623,2.25561704965314
0.2874561408614227,-0.06925872725754567,1.8385385132969556
0.469536951383968,-0.06842600430985102,2.5317573269922673
0.23991353212921762,-0.09352187483028995,1.362711406739561
0.46361723219298256,-0.12344770834506313,2.573522248366914
0.207359055194825,-0.09929207978735377,1.3668657852777517
0.42320569477709724,-0.08548484821147873,2.1381680993646013
0.38592135452226883,-0.0905428550745706,2.0363876658980073
0.315402678569904,-0.08434783183746086,1.9979712466232795
0.20102413671858166,-0.09275899596645354,1.3151702313935587
0.2593551087516299,-0.09352600267686029,1.5734103095476544
0.2683160011240109,-0.09146003324440288,1.570060477699075
0.4129293055591916,-0.10904580723526214,2.1949004344656466
0.34828401111161655,-0.06829218842584628,1.9748617649929217
0.37529768557058363,-0.09369081219603725,1.9736654055646705
0.20344470556044936,-0.12246698564838643,1.2653023569178825
0.29575111890655403,-0.11738939139224158,1.7772176309453407
0.3935650020347887,-0.06932036323490387,2.1514898923774677
0.25534900124611704,-0.08936782322861747,1.523986126673805
0.31999953228834,-0.09272063294716548,2.001779768535823
0.1851369473699529,-0.08110300289407746,1.1882019368803456
0.1872904986083519,-0.09603929052746041,1.154159221175333
0.2748760468893092,-0.09983467256003165,1.712457488907181
0.23627180359551114,-0.08740002752792164,1.5656384992952508
0.5450237233794724,-0.09007296286214239,2.6831598550724745
0.2794631424477454,-0.08823234058295226,1.6466798170386305
0.4104040575426544,-0.0659444002518198,2.3980716652149914
0.40682933303866897,-0.07869993340595349,2.1388312813594026
0.35211828917834476,-0.08152652733797427,1.8712110729620652
0.19903908242238666,-0.13767054758569996,1.3039034571749895
0.2348317192667433,-0.09494252257526181,1.4186864264555885
0.2814426916324293,-0.08898638700413053,1.640651670355855
0.4165033169555492,-0.08718318686585891,2.1765442169574145
0.24526586302561237,-0.10101829391854966,1.5166465726230167
0.2533915092502552,-0.07513973981745259,1.5870393476267497
0.31667358478389596,-0.09312664130068693,1.8835519744715377
0.48508404819145445,-0.07589930382650856,2.5439646769297086
0.366548804894254,-0.09036915081923136,2.137159945172804
0.19448651693270036,-0.10520292576804968,1.2643831949549067
0.17978281250252248,-0.12473084754443842,1.2721936814133055
0.25293382662353325,-0.11962820625355242,1.5626653999307778
0.308395710947553,-0.10406209766988461,1.659858023838044
0.15713867512554547,-0.1049827870908483,1.0861818145440072
0.38657765871751226,-0.09054285507457027,2.0761528979164985
0.2449624103950634,-0.09236297387556625,1.5650268444150022
0.21567365019672247,-0.11231239914633884,1.3003199685381757
0.23788858733017637,-0.08682711978164226,1.4744800313730704
0.18789066277792776,-0.1381616393451669,1.1835941767535914
0.3320295145946881,-0.07807353140510664,2.0079652114811037
0.33713682322017346,-0.09143108872690109,1.9373116821879763
0.34799173605315037,-0.09046075574525925,2.076447797955769
0.3377676257975064,-0.0934222640343223,1.8790864508606577
0.3968655413045248,-0.10371207550916561,2.182873041021161
0.15868006212232055,-0.10134132235768711,1.085548885610396
0.34682616136858124,-0.08001003367845261,2.0172518094743577
0.2692780153368646,-0.09054285507457027,1.6337144279565634
0.27117591079680414,-0.10993457358131531,1.67297017408698
0.23188773031132048,-0.11367026769427724,1.4409641469685674
0.25783626328368237,-0.09460214400133449,1.4902842713636868
0.2731397437546834,-0.09489762537386937,1.6656070675133188
0.09452532107413769,-0.13582232714574927,0.7267811066253407
0.5086048646467596,-0.11332493154774037,2.5358441881877134
0.3288787605348584,-0.07605166632486371,1.7623313910331595
0.28331025266024756,-0.13197699648222028,1.6928111590612513
0.25502292065886234,-0.09952859380271528,1.6703605702580107
0.5139176723357077,-0.06594440025181991,2.4485639084755073
0.2452110344137146,-0.11341412734446477,1.540133805578401
0.3134589989462424,-0.09054285507457072,1.7645382594255952
0.36273030538945017,-0.07965569143685314,2.0537777759912084
0.47529700436033284,-0.069258727257545,2.579733307922755
0.34786829948931164,-0.08576495707146436,2.0503676295041315
0.22815210637486616,-0.10385647813258225,1.4051733783223603
0.23903185572276375,-0.09541371783989017,1.4173557241829717
0.07041325355168149,-0.14182924900323057,0.5704066387308725
0.4018402840186841,-0.09054285507457027,2.2401572732355803
0.4873682665954868,-0.10890452538196782,2.5096307535889877
0.27515249252328844,-0.09777719045944966,1.614943312003288
0.2201076146795653,-0.0906351035621421,1.4117802442154026
0.26706988279112664,-0.09054285507457116,1.5504776641562124
0.16606682697434216,-0.10687610505341072,1.1022608369075064
0.4535388894224066,-0.06925872725754523,2.3714145753167326
0.3796768514705897,-0.09037565710980167,1.9166198380726063
0.26144636549255695,-0.10693555933312926,1.5574662411899631
0.4013611392021781,-0.09380773370286655,2.126313057603645
0.2965036962890588,-0.12182306832526091,1.7831556332135166
0.3728998582593832,-0.11482573829641951,1.9551783472942064
0.3869770843405349,-0.11590741877286315,2.1966939349012713
0.27759885727436395,-0.11786727234389927,1.6109329029086317
0.16937303565442208,-0.11763093707176864,1.0538150968220745
0.18091027552544592,-0.11454814483274856,1.1600981321623667
0.36605741633339584,-0.1038258759777968,1.977305323664245
0.2621442990119427,-0.092852248478965,1.6084298719642969
0.45123865654142237,-0.10874368844518423,2.3080493040956633
0.40995492849462645,-0.08932027039883117,2.2274251227812436
0.3576902009021494,-0.10123446944712966,1.9914500750697943
0.25195490695986056,-0.10477057268963419,1.5064941623628954
0.32239030192304563,-0.10539608486097496,1.7817118863999921
0.3323127384682727,-0.08427058894701778,1.9013019011256511
0.33460888051194493,-0.08477946810684434,1.8384946591679956
0.3121373382083694,-0.09472254650409373,1.9109507135497632
0.2382059725503296,-0.09936569199981504,1.4758412274873114
0.20408022218291122,-0.09947367316899636,1.1774053294955618
0.25958183669726864,-0.12201325037245958,1.6133063799469884
0.47549666498343224,-0.08187255389922532,2.4730139619499383
0.2785073797307107,-0.08454322967371597,1.6025543395093647
0.3274887302555409,-0.08937178700676585,1.9545215572026295
0.258383902232183,-0.12708195208540907,1.5133085948553202
0.26202398518463266,-0.07586706348981043,1.5737835967061125
0.30431935141826827,-0.11615232064566494,1.8831441108164284
0.38355180735517913,-0.09054285507457005,2.161127596157415
0.23611948922911452,-0.11377028607841433,1.4628875856340764
0.31366901155522076,-0.0905428550745706,1.6595173850630913
0.24288624561821925,-0.12954697864327547,1.5260774792522818
0.34859922760983464,-0.11398193534600665,1.9240416317363074
0.32883206253660346,-0.12324870924557485,1.7605230251892368
0.38022279795271574,-0.07673835557239495,2.0983537917950836
0.4067368283118771,-0.11960824250442625,2.035157708259851
0.2968100047913371,-0.14604202060117166,1.673636836263657
0.428979911674336,-0.08378782977309662,2.3365136621859537
0.314437957975952,-0.1053807752696947,2.0022415240972604
0.3057891975656113,-0.12369772074588714,1.687735932557819
0.1790518759815014,-0.07585580175842033,1.2448764846483824
0.23459045364156283,-0.1296165832467734,1.4488869294262232
0.4853355417194616,-0.08082146551654945,2.4938354515679952
0.24460030649635356,-0.09847070077246745,1.4094984632072123
0.33603820002811147,-0.06884398322424834,1.8564080256793445
0.33483861137100046,-0.0939826473996187,1.9264152139774922
0.2617933481056176,-0.09221426579811776,1.6064488348925805
0.4012513916582101,-0.11206744748177788,2.1597017965307184
0.2640935461451661,-0.10918785865474345,1.5263373779806106
0.23611845963556877,-0.09054285507457038,1.4281250351376211
0.21773459427785458,-0.10951828195983748,1.281817769803509
0.30102189308463867,-0.08359677997918302,1.6922345297258585
0.1939731004554468,-0.0780454332417394,1.2909177777874195
0.1927868070397194,-0.08636992027574897,1.2607654991818091
0.3431481975037909,-0.07589270295819561,1.9423284519041355
0.27534410495940276,-0.09117404578527499,1.5862652789190173
0.5145954168855256,-0.09060708387125482,2.57342009171324
0.2176099877611004,-0.12259019238455904,1.1839894855924369
0.25938573565805045,-0.08291006655829192,1.6269772906818263
0.15563170235707147,-0.08024312371037112,1.0166801907225071
0.2317252601762374,-0.11711620597560368,1.3496495680533773
0.29604177066408766,-0.10030629051090922,1.6489104213701726
0.20079940232723836,-0.07785410740248577,1.2497615845402676
0.14088063675133244,-0.12187289449133598,1.0008235051695076
0.3350347573585313,-0.1026827833020183,1.85191582663019
0.43157417066055936,-0.08031450413250718,2.4242328573737346
0.28335720423286115,-0.09324860190727147,1.5792973368009227
0.37220416572211024,-0.0887276982872619,2.2395484546323137
0.11965370432335143,-0.1123509436769825,0.8494197643749075
0.2767009856191782,-0.0813460592866534,1.588438311580497
0.26701148746938674,-0.10405972517970041,1.5232949703848362
0.3704905760340895,-0.09426327016988023,2.056085940101139
0.3230154722302583,-0.08403871933122464,1.8326033428377104
0.37400547967742415,-0.09309090216950844,2.088805613791664
0.37723317995472816,-0.08209123925059725,2.128841992408653
0.21585344003578166,-0.09591888684090522,1.3103914190208568
0.24433494964703506,-0.09051030682296923,1.5140929108687076
0.26385329540452873,-0.10739918835149243,1.607191291780643
0.21045000570939587,-0.09421292356417144,1.2524865197993498
0.45950137568942884,-0.10498278709084896,2.459308148375351
0.3865686555707215,-0.09423536217173689,2.228710567179299
0.5224632752748255,-0.09360786417034839,2.5314203805044246
0.4743525359816947,-0.09242422467539202,2.474311730436727
0.344828757785441,-0.06680419256338277,2.015691856942267
0.3347112399520533,-0.07009790594206156,1.983299300054589
0.30112512144770864,-0.0905428550745705,1.6542574746087624
0.4630766822596546,-0.09917994948223818,2.5304133439990544
0.3545299756551974,-0.07182144428889559,1.8869053969102125
0.3881431999153555,-0.07276207590021744,2.1258906072376482
0.4662879265331725,-0.08420398110138738,2.4143769906240267
0.3751131670366885,-0.08101525676895815,2.067956889791395
0.19170068545525054,-0.10930955033453993,1.1867964816233407
0.21330004732332042,-0.08658793562311584,1.3612676687800092
0.2524600226750833,-0.07745764786904275,1.472945345844219
0.36969431720485835,-0.10604179083585974,2.2082802378075925
0.2470347431434956,-0.09440805650437223,1.4557674298424328
0.4856259145118318,-0.07123207051845648,2.5200711054845812
0.14256099822912915,-0.10160708038597432,0.8993630004077261
0.22847283158437293,-0.08953092744690327,1.4138288767285963
0.3431020337894328,-0.09454248214003602,1.9113858954669392
0.097036831146184,-0.07977391031741099,0.8203643320634698
0.3485319096998245,-0.07045928384826072,2.0306593802070667
0.3579217575680982,-0.0718311038370042,1.988009704520612
0.32797912396123974,-0.12654900818775305,1.7581686518560498
0.3915158864870887,-0.06594440025182025,2.1145678856102346
0.3000007911405116,-0.07536660709896859,1.6278061051861576
0.2149666593888162,-0.09200119991863487,1.3449576064930215
0.49735370139628277,-0.08515455313653064,2.6074682859721574
0.22815020625245763,-0.07072619512392142,1.3698531442657207
0.28726890672490946,-0.09974348931594501,1.7294332280427664
0.3398758735415124,-0.08469839054485573,1.9521643021841324
0.26492587554917213,-0.10207835957489053,1.5459260872540768
0.24504546367572644,-0.10207358661824872,1.407937340666868
0.21403055251012648,-0.09355229381611807,1.2989501421776488
0.14749806946681443,-0.1037884903887879,0.9742005220001926
0.2504346610935295,-0.11013120092468442,1.6329330829885405
0.4412989865863255,-0.12448274360340861,2.218561203055677
0.28725450724091806,-0.07838068141068721,1.7446551650189488
0.2033245018908325,-0.08779156210412453,1.3270808547846153
0.23695984117242297,-0.07580371800274088,1.4440366027869411
0.19741509590469009,-0.10578685587665992,1.2926296500165582
0.27581923039748313,-0.11066541108249395,1.617470129138056
0.19755400458771222,-0.0664951741345714,1.2452008068675233
0.3367682088127888,-0.08057898875599567,2.0146294223655365
0.3852337208969041,-0.0905428550745705,2.053027826349256
0.2818812039625991,-0.09223006449578464,1.5405383192411453
0.25064388162199625,-0.07779016945122685,1.4483846496028776
0.28004746182013274,-0.1015447026618238,1.57508740732854
0.22470894508320294,-0.10373672272445811,1.427466961233554
0.32556514511673873,-0.08663634106850537,1.814398894842826
0.23308106567830023,-0.10382643745939235,1.4375433766459584
0.26109512592649,-0.09174482609079604,1.5021801123825462
0.21335879741362596,-0.11182332787053328,1.2636421358059944
0.2527221472056629,-0.09951915232323605,1.6573267701386043
0.31519755665827276,-0.06594440025181969,1.7380970715485162
0.2941804205454195,-0.0870135153638647,1.5902956115791935
0.2738290102660945,-0.09478319525402346,1.615132312104367
0.33327760106869886,-0.09030994031130701,1.8476528434780193
0.32983932920208425,-0.08026068348003534,1.9253970591864937
0.317839009770873,-0.07981941022021244,1.888395826649661
0.22087833701108783,-0.13762953106762288,1.3373953424784544
0.3023382741491947,-0.0905428550745705,1.662409263068606
0.26159514519250515,-0.069258727257546,1.8332982792690051
0.25306166709440614,-0.0918856419121874,1.5156402737386045
0.126312998302478,-0.11307447081677635,0.874147298775047
0.3205211470741238,-0.09326611149142705,1.7412610354302147
0.27622654540719993,-0.0793242555364736,1.6651847265547761
0.5178622982354919,-0.06594440025181947,2.9646081051996793
0.34532171278703094,-0.09054285507457105,1.8696281709730567
0.33942360632797985,-0.09054285507457027,1.9107661276852452
0.2837166036133765,-0.11587455446721129,1.592240987476887
0.2035952068797542,-0.08312762079112956,1.3088845102767155
0.30638101199473655,-0.10096459867589269,1.8234159060608008
0.28988707004734304,-0.09054285507457072,1.7645366114202807
0.32507435096460346,-0.0905428550745705,1.683779518309097
0.25592393243112754,-0.08567292051107522,1.47580470667054
0.23272618604599526,-0.1321871465951141,1.3800610981425494
0.4025849668314745,-0.077854107402486,2.215396032879787
0.2798452835069869,-0.10801177646341664,1.5580209426942953
0.2434543562344742,-0.07932722803580938,1.5192089676417821
0.24596560345136043,-0.06724824562848808,1.5772365262977495
0.1873539402232154,-0.10902315729722933,1.205407923981214
0.2208199028742488,-0.11706403631098428,1.3562338662680684
0.47763154428696497,-0.08396488183209505,2.724734080087465
0.2738972984849881,-0.09860680676365541,1.8000666417205717
0.2656948210726555,-0.10894853633784696,1.5953424455289076
0.4317202067673145,-0.08896988514673276,2.6261963389547125
0.1414187907492701,-0.1107108620534234,0.9216561782383124
0.1886751497072061,-0.12497668429843678,1.2552007763563016
0.27459915923153977,-0.13294683169169164,1.5816279822279968
0.24438365178612975,-0.08534668665620615,1.572993475514378
0.3855710980184581,-0.10512116154271478,2.1452229496077697
0.2843596041214562,-0.10458164862167352,1.7436322897836085
0.23119265405338307,-0.120923353586736,1.3443165199665936
0.3193669326134114,-0.10549735703629204,1.9068761638448202
0.1468687303502907,-0.10474173395409525,0.9994980496011673
0.30981626910694837,-0.09054285507457005,1.6294523183340395
0.2071159397269915,-0.10960923203692141,1.3126348889640846
0.35994238095496556,-0.0905428550745705,1.9809888815588799
0.281076213207742,-0.10275455979786396,1.6123990525824883
0.3458671012389103,-0.08961769061438762,1.9235000531343223
0.4453792059848969,-0.07824360200484992,2.408044701981676
0.22031640651889006,-0.1226734176313592,1.4096041971090134
0.3042795321318388,-0.09285497827148648,1.8278290391209548
0.2274416214916657,-0.13441895174537055,1.3789757019502242
0.2766149852671429,-0.07608101146618207,1.680943737422716
0.27490372183193634,-0.09291157452804444,1.6272366376480842
0.2540876307711488,-0.0890574456450407,1.6249536195521344
0.2611495151185479,-0.07631034755964283,1.4866617351996525
0.5312789113140741,-0.07319559467872272,2.717141123214755
0.23259631312140572,-0.1414748392888493,1.3642059228132768
0.23285725516546218,-0.09468454885914279,1.501472138275742
0.38626213908270923,-0.1257721511674308,1.9633882849230901
0.2599033993840272,-0.1105551837739055,1.7510155582433946
0.30260863511556413,-0.1327106642301643,1.7090708327365483
0.1453942862723585,-0.12364187358725987,0.9833671287261021
0.39101947704021955,-0.09882929665324858,2.141008409358994
0.4039874031059387,-0.07597645327827496,2.2577761329828485
0.16008831176044303,-0.10741255696761653,1.0559265454894422
0.30636030112761525,-0.06594440025181969,1.771916803329837
0.23182873964532869,-0.10498278709084863,1.4880170465695977
0.3037896518915131,-0.0728414979756733,1.6682017625267394
0.34976376597461023,-0.09834985984734046,1.7620721094553193
0.27098014946772775,-0.08580298236827733,1.640679013325436
0.2949231156986649,-0.09556678057777213,1.7234777200461324
0.31486145310950775,-0.09054285507457083,1.8172265834279544
0.37595067943080096,-0.09112600215924427,2.1729474015501866
0.25974971150491033,-0.10313374807174547,1.5115109238651905
0.3563279668559629,-0.12708195208540896,2.056822586240926
0.47453299482935196,-0.09054285507457105,2.324264951261742
0.4079066848544952,-0.0905428550745705,2.192402429855202
0.28732909973111687,-0.1254595884192986,1.6488062342698233
0.3916309145749588,-0.10100999969825664,2.244501300619149
0.16027947060666747,-0.1214241241820605,1.057934176222476
0.36465479546209423,-0.08443020859784678,2.0899968803065425
0.3615254395628251,-0.08225346052767935,2.0806898815528263
0.2835045939324681,-0.11001983038439256,1.6418216325135393
0.3577972636495792,-0.09471556499789568,1.869027356470541
0.2027192080770308,-0.12395083722512246,1.2268973786897077
0.35510770166485317,-0.08607790078676159,1.9309489621891898
0.21139618650641356,-0.11228549736427784,1.2361055989638445
0.28728310681284386,-0.1110120740994418,1.70924972950285
0.2633243955822895,-0.07096241091118971,1.622839026376963
0.3776962972125999,-0.09294412173865274,2.03388976282535
0.23342154971499895,-0.10183159132014208,1.5838285898929718
0.46825089464418257,-0.06594440025181947,2.402711371399241
0.2487290273611522,-0.08931482465589569,1.5168336311507187
0.342412094754055,-0.09054285507457072,1.8211996438212257
0.08662331713826155,-0.11687224876302349,0.6425773494769812
0.22095553450079053,-0.0900441603226283,1.389880260866005
0.44875734700275793,-0.0834368004970708,2.3769701821607714
0.38833827507914354,-0.07517164024927192,2.0565792359603416
0.3764923932891815,-0.0905428550745705,1.9636512930436356
0.2519305947994612,-0.10307253505736835,1.5468193194859283
0.19503639208215384,-0.09949131013371593,1.295601332025157
0.12629784598368765,-0.12616424324929465,0.8408147715347769
0.31556068713982066,-0.09777672084024225,1.8116594905903216
0.38955417977967377,-0.09842340429966479,2.2540676669508475
0.2585747545417292,-0.10102214397815057,1.5288683613982068
0.2924955108791534,-0.0905428550745706,1.7005212519034185
0.32671071292621834,-0.09054285507457027,1.7447757806266344
0.30679217480121723,-0.12720130218661996,1.7854352158962192
0.32418386666875665,-0.08412257197625861,1.7683527114235233
0.12552845131518287,-0.10839524883124252,0.8731741088706425
0.4022565977411885,-0.08270980522048299,2.24990377901759
0.42361786630323817,-0.10476814750811292,2.2401958859005897
0.5958239321909937,-0.06925872725754512,2.7248272516730068
0.3111692648890867,-0.09054285507457083,1.8293306427959726
0.1320082303247052,-0.0905428550745705,0.9315945038067742
0.3029206687108965,-0.08708899992104269,1.7435165399115984
0.2836469981664682,-0.08709277720200814,1.8766941736519025
0.4039348467772437,-0.09054285507457072,2.2456542835724433
0.17653101308106978,-0.10107476245184932,1.2195364086401577
0.33880283616173457,-0.12525566101782992,1.9308352777716933
0.32281928347015665,-0.08563423302966033,1.8086646294938937
0.3503779528801718,-0.08820141004364679,2.063301684874914
0.21649918512364774,-0.09277194812112055,1.277176670808234
0.21772225544782997,-0.11408443920102174,1.3309449821092394
0.21297488308981793,-0.0949768862812711,1.3152293229723042
0.16651597108178473,-0.10528329485690979,1.1041866451243785
0.332270889930552,-0.06594440025181936,1.8296180977442797
0.315540401506349,-0.10071801809108749,1.764269704304842
0.24399717792665565,-0.07967943127957577,1.521811004499306
0.3342938515955838,-0.08798745446098877,1.9032793737379412
0.4029020699467243,-0.09292973313799968,2.179876727281624
0.2397383072447019,-0.07836461239192472,1.4449583818445868
0.5599976939715865,-0.07917975563005708,2.6531245684845084
0.3689428667899508,-0.07007423906188237,1.9190163693876567
0.28860852735936904,-0.08632457526145265,1.6843415123915126
0.27366741722582,-0.10945416232662264,1.658642677268452
0.36988739278742466,-0.08657776504776371,2.1284084516596997
0.20518523577682735,-0.11571106631420358,1.3064751492204958
0.3572753586151727,-0.0819238361154272,1.9730362700401989
0.23671632824774536,-0.12306729142529638,1.480744818246181
0.3212414266959325,-0.09360786417034817,1.9333077533699485
0.2570563954541649,-0.07707336330172232,1.5990592082284008
0.3065544117770407,-0.08235138432643097,1.7892480034059308
0.49411178355729524,-0.07100164337253057,2.488869002154478
0.24671312062547113,-0.07464971759453953,1.4835163276025203
0.29186882228313027,-0.10625187782129009,1.7821401421143657
0.2849928260317569,-0.09588618189983866,1.888097237894541
0.1863767068468858,-0.09619042900587893,1.1974495956256286
0.22725593430505264,-0.0957692306704383,1.3896355913259886
0.34292901297222356,-0.08381429737199064,1.9678088524633288
0.36820221832707345,-0.08293379209199792,2.0590057598294917
0.3068326846853353,-0.09468431949945177,1.7094373013212545
0.15558051736896394,-0.14644520473565115,1.0209962982113545
0.3489638321911164,-0.09326492526745611,1.810763690808633
0.3165274199429424,-0.09587261111116518,1.7076373066440422
0.18581340920368739,-0.09637914601631925,1.1048717361124327
0.3253682395949853,-0.11095795249244211,2.0197127953113028
0.3673752243222299,-0.1022367994736284,2.065258694161694
0.362282786401372,-0.08721196692528077,1.895376434177632
0.4370568220592368,-0.07323054248774585,2.3246331772085904
0.5121265130102046,-0.11304226882794055,2.5920342417427276
0.29945337609796496,-0.08755286818446995,1.832119790884182
0.2406934811283643,-0.1289402232342527,1.4967215351022747
0.25082086808191173,-0.08702070982504795,1.4769535387870654
0.15911849051483684,-0.10775641692327365,1.1493812601100155
0.28987938696786353,-0.09680115191626959,1.696000090493223
0.31046989994283414,-0.0898205929548963,1.687340987144585
0.2699312648221466,-0.07527295495939557,1.4942271205635265
0.5238268788816034,-0.07399419061390966,2.665871581755961
0.35974395282146165,-0.10297835131941102,1.9993136354710719
0.24454386526923244,-0.08415840413084352,1.7415461105104777
0.22793474894854016,-0.07805756429383226,1.5580609824945948
0.35614220462599344,-0.061166782220784977,1.9704230650631935
0.26037920044224716,-0.12263837647483944,1.5156674326147144
0.4379626585491372,-0.05543404292315435,2.4760876525138498
0.409018209338069,-0.09054285507457038,2.1441150482109803
0.12915064456435355,-0.07858458451306172,0.955497373850737
0.19286985349975372,-0.1388249087911223,1.228577803859233
0.3964788368520913,-0.10665488506955334,2.1140927847848827
0.27274344031105446,-0.05799930125066055,1.5916173747933635
0.17847137550025738,-0.12145660190606444,1.1734458477696035
0.3258963360716318,-0.10261871782046428,1.847433483374129
0.25975263075097366,-0.1157351750354556,1.4819302509180274
0.4572633642204482,-0.08065088649045571,2.3427991708902898
0.2426986203876711,-0.09476751367458158,1.4299981149159744
0.3799697123254182,-0.0905428550745706,2.133875039931965
0.21387768905352966,-0.0978627550564104,1.3823136697665266
0.17834596308263584,-0.11812738659913746,1.0605937347879113
0.31458672999535264,-0.08933002261161538,1.6321783160213101
0.23854451359637552,-0.10103403666024646,1.4358570372496056
0.4356803110118934,-0.07579948379347179,2.32843604181859
0.0888416758928654,-0.13025645819207987,0.6729819880680722
0.2701748361018683,-0.07930479635780474,1.6148334431955076
0.23698522623189833,-0.09942221771313242,1.5052721899755506
0.40447229227622516,-0.0894189698909712,2.1866221534817347
0.18274596316256364,-0.10787349907957433,1.2391053358595623
0.3647898580080029,-0.13092017293394742,1.8587667505545367
0.2926418355368321,-0.11891936143591453,1.8038356159894486
0.3044858526590424,-0.09315235829639834,1.8085923133869022
0.3326943158190194,-0.11777368183517156,1.8225165777960586
0.33678781785296685,-0.09362729764163547,1.9831858955291393
0.42853014468582096,-0.06872374931411829,2.240554975911426
0.43353071698172707,-0.09054285507457072,2.104478393146778
0.2195600728021989,-0.10671569372800793,1.4564322190561825
0.2958256954340297,-0.11575372173660192,1.7088019213363785
0.23451579801705824,-0.09815235563381719,1.4446723170652447
0.17622196329563145,-0.1019710288966108,1.1042920448496454
0.3900917155801722,-0.10229830463823453,1.9339446594534189
0.25630417268365946,-0.09054285507457038,1.4813386460643296
0.4580669873677039,-0.07077380000612832,2.4845255669570276
0.27089303427295275,-0.09563707708796942,1.5507831740363367
0.16850018312068915,-0.10974305671155782,1.0877253649448526
0.17379857578096947,-0.12778721246944935,1.1456149721757107
0.191038578063643,-0.0993030554986124,1.2740031834597318
0.4058901977413949,-0.0932902054978273,2.238685032724343
0.36135419956913295,-0.09171947804679548,2.138220377949646
0.1255726186446675,-0.09953677420162621,0.8535403954290502
0.3340039990690338,-0.09010737059543472,1.8947969964857814
0.2466214652618921,-0.08692263728822891,1.4232561343190009
0.1957325607220104,-0.10025885783470734,1.169544950350633
0.3150935129361687,-0.10966548195014547,1.8712762733575425
0.4088356788665193,-0.08295126690816967,2.248765072914072
0.2550274502486407,-0.07716409378322953,1.44013021666555
0.261452491168237,-0.12193314836585845,1.6604057361722637
0.23783718031356038,-0.0790619681979512,1.4698190539418061
0.2748628174762018,-0.10162737837887081,1.707878237581215
0.1835868966587868,-0.09575048890697924,1.2405157642828848
0.3624711439496593,-0.08050426477023509,2.2548270834936037
0.30110783087055926,-0.0865073408340492,1.7777016442720441
0.4153402840558513,-0.1279579890181114,2.021466128458952
0.2701812730088211,-0.07711503423178967,1.637506730978452
0.2849506964621611,-0.06594440025181969,1.763909802490659
0.20533124318532292,-0.09504836325946164,1.306192877651556
0.3435940674540927,-0.07964963046209883,1.920215680060553
0.2878382434241924,-0.11471192288297127,1.8206109236954569
0.41028690227443887,-0.10138332080459245,2.4023453740276497
0.3781170465911521,-0.09338061676445597,1.9958717458935273
0.29108983229043806,-0.11224929844609566,1.7277684409490934
0.2316617341059115,-0.10629109968824291,1.407517968668172
0.23182949776038542,-0.09839973268835212,1.3791781426266188
0.3503397373116557,-0.10150266528141716,1.9326578798891139
0.3238327219128041,-0.11523247435282435,2.072656164565546
0.36911386559956183,-0.07496546843059038,2.0556230304834906
0.22956462318441773,-0.10291817415812221,1.3281074857280393
0.41863583280035677,-0.1108990948318821,2.1553459716352386
0.2731943829994923,-0.12230068028452934,1.6340044399557565
0.19378629170312944,-0.1364541658786087,1.2880642902713766
0.31434762000206273,-0.11864748580778717,1.887307865839971
0.3572010754723729,-0.11360268364716031,1.9250652911634167
0.41906278118496876,-0.09336115218286367,2.297005478987996
0.251638785415923,-0.10804002014570546,1.4649141558112886
0.36706506733009614,-0.06914142623248065,1.9909063488794387
0.4203244834423716,-0.104600291417553,2.3083385932824014
0.3168571220815104,-0.09400489065358486,1.783162165595216
0.14240922923473764,-0.0837015977687513,0.9715928195480571
0.26607691840626946,-0.09929982777059954,1.6021637949271395
0.34261676374073624,-0.11245153922738915,1.8315598425982844
0.3215707239520529,-0.09838384734766958,1.6661571243783904
0.29337840162639006,-0.08789883936617371,1.6548842121314076
0.4144790082372216,-0.07668656343959002,2.384974819760262
0.2314864505328431,-0.10240784008318604,1.533338059019304
0.2734317854445647,-0.1115058193571713,1.657745106296154
0.45739640901938805,-0.07479911347920898,2.284748677542836
0.4297079131660886,-0.11451610952132285,2.1531973133210776
0.42734760104099445,-0.06898494220088347,2.3157005615263717
0.3044109166290072,-0.10666610860490544,1.762029321831638
0.28608485745922985,-0.09942134704886241,1.6510009510192067
0.3664189429211644,-0.11738939139224136,2.0960487580946525
0.3986528808373335,-0.08037812706148084,2.199651287245605
0.45219269883762436,-0.06360886896456774,2.237100370076199
0.2502970611225179,-0.08033161042629722,1.4432980771604038
0.29634553969105926,-0.07785410740248588,1.7364240400006654
0.24839299562274153,-0.07129736579151669,1.5147647182778339
0.28285259254235995,-0.10179611100152774,1.56632311665584
0.21316270579669339,-0.09054285507457094,1.2431911646244094
0.17385705858039757,-0.12428010446989102,1.1299839717194335
0.4721041640391568,-0.1129592586662509,2.49632136151898
0.35139843001088344,-0.09054285507457016,1.966717351208169
0.14569060459113636,-0.0980665620858231,0.9311136803918055
0.2502785486449528,-0.11103373326615007,1.5215272585003172
0.37912815809383993,-0.1349837140952913,2.227693481681404
0.4905273406061741,-0.06594440025181936,2.726863396602751
0.5001983818897058,-0.09326249096204908,2.704358747241974
0.2723166698916435,-0.09054285507457083,1.6178398566191656
0.3267895133660197,-0.09567900796414341,1.9999474826204813
0.43620479386533106,-0.09789736325114362,2.109457896459326
0.2397589159315776,-0.09054285507456983,1.5255271414974838
0.3350344844478055,-0.06925872725754556,1.9211813449313908
0.5051774249201986,-0.06651734534253073,2.79874175603195
0.217785064480432,-0.09938411848515027,1.387362230249235
0.24995766147358922,-0.13761272738821617,1.5343939005572513
0.25583028868035385,-0.09820323872591008,1.5154870875291286
0.28220426661013254,-0.08285064198583914,1.846427554993614
0.34328185963806424,-0.08343344921441465,1.9259514213553377
0.3279112587511883,-0.09074650953077601,1.860196446535666
0.3604221354692281,-0.0925486460895536,1.9520363387627695
0.23575866451684901,-0.0905428550745705,1.4069106826561564
0.2733889149511346,-0.10092040991179485,1.7809712905256354
0.34964628096909145,-0.09690104111020625,1.8837802688056227
0.36697958963567,-0.08651550060393387,2.082281495000327
0.22936570098152176,-0.09360609655657015,1.4434487952954997
0.30774214736120675,-0.08037425586681257,1.9125454757255536
0.2026571158971866,-0.08804338737778494,1.2506532954056193
0.22708758879203694,-0.1024052094833573,1.377675479242028
0.23261398380843912,-0.0905428550745705,1.3875936966447713
0.31489664010376983,-0.132067731706363,2.001772669892547
0.3117522837147175,-0.11987421853466795,1.679412581409441
0.28930723016167126,-0.10089375805534495,1.7561325655564173
0.26034011247172617,-0.11614145877280391,1.7571269953022886
0.3320086061095615,-0.09197728678827966,1.8113075030218675
0.27021723126276775,-0.09054285507457072,1.6430768108714418
0.43484294278629587,-0.0905428550745706,2.439579408422502
0.3128966833703757,-0.08802998829840114,1.8203452160592353
0.37488840103092813,-0.07345332147914485,2.0748690583111173
0.25438323301856913,-0.12624607182817205,1.6699598322360099
0.3022275868875506,-0.09693355440627316,1.85673322126943
0.3283161450922514,-0.0838374660330371,1.7965205639759831
0.3154428928438482,-0.07009015147985853,1.9411624100571359
0.5045596372382575,-0.06594440025181947,2.6001221478215655
0.153288173447387,-0.09054285507457083,1.0390347967535942
0.33389049842250595,-0.10584444809382398,1.9695599732262348
0.25034931545810224,-0.13392148197419051,1.5904986663013747
0.3344472902690925,-0.10717893425134006,1.872764341475446
0.4072484824496059,-0.06594440025182013,2.256771594441401
0.36463454938628415,-0.08235422508366808,1.8779448551314988
0.22045660227333697,-0.11643444270651959,1.2963039143521589
0.2507853397972244,-0.09054285507457038,1.5380526869720188
0.2892116790045498,-0.10319253210413182,1.8458455056096408
0.34536194820756294,-0.06594440025181936,2.0910900091005495
0.284872437545155,-0.12230323596397552,1.8879225332384078
0.2577066362015743,-0.10229830463823508,1.5202564884641827
0.20439475343444835,-0.07785410740248622,1.327298613677917
0.3896497020328342,-0.107148130853563,1.9711648392733525
0.2740427946817521,-0.12486535862289883,1.772192343136122
0.2268104102498305,-0.09535243838715712,1.3868318212723514
0.2533438053144079,-0.11536749449753148,1.4669673436372275
0.27866348741076163,-0.08874952547905779,1.5654309607698003
0.48253006128494413,-0.07401230079768051,2.5165621959591946
0.2810911512687604,-0.11891741540541234,1.6928124163669311
0.23324934506568007,-0.09058486452109227,1.403983644220581
0.31276663103344426,-0.10815072795547398,1.7972334733365096
0.31635511960207485,-0.09054285507457116,1.6697670272969096
0.3852511984536995,-0.09054285507457027,2.1409117733638072
0.19310214185693453,-0.09476751367458125,1.1922999093404234
0.23184778742158607,-0.12751620855844714,1.4926804644449192
0.31614308030781557,-0.10962265081338496,1.746828923874847
0.5067418777034018,-0.10904580723526192,2.499846210837864
0.22335835970174145,-0.09286312005495412,1.447264827763135
0.25198806794659734,-0.10448294694179727,1.4875875096849547
0.31608344061080906,-0.08019569055441433,1.820054082964836
0.30616917501694596,-0.09219849400320268,1.690324848490212
0.37066482115819066,-0.09054285507457027,2.0610897167362965
0.28805096328386526,-0.09762555916070903,1.765689473512294
0.3075244348481694,-0.08570001825571705,1.7876545507646469
0.363714659337256,-0.09099669950468525,2.110144490643945
0.14464110027156418,-0.09054285507457083,0.9944771596631814
0.33020441365571473,-0.09345183010627456,2.0027693441499315
0.3069308153792545,-0.08134605928665362,1.7799311623885181
0.19458200052811891,-0.12290221665429668,1.2461707528914725
0.27387650460838264,-0.11876975301532877,1.5153671591267577
0.4886768533213006,-0.09054285507456983,2.6621806134682173
0.45900342217748635,-0.09662181057679398,2.4771368913294984
0.27237098085000877,-0.09178901228139924,1.6762303804680851
0.4311690636855301,-0.07416536890992254,2.3206299578849845
0.24778023716918574,-0.10815582448401939,1.5406130140560732
0.18860567242372928,-0.06925872725754578,1.2380867008052892
0.11303626276367007,-0.11659285245890283,0.7815326919855577
0.4578648863166581,-0.10498278709084796,2.367814974227473
0.2902841526172433,-0.09989114019808365,1.6478649429296417
0.39645822410553544,-0.08566128500298065,2.1242539111213996
0.3794688163643454,-0.07972046372159691,2.10033592443919
0.41973019458280736,-0.08599446090565888,2.214235692593216
0.3620192940647988,-0.0905428550745705,2.0560252140510786
0.32589812361795545,-0.07732581126061489,1.8108281194385274
0.4496779862644329,-0.08460246015058925,2.169361246405817
0.39354271589240164,-0.08770502591193996,2.2425049595218107
0.22392620829284948,-0.07579948379347212,1.3152622519638015
0.3769606829294414,-0.08014041300212038,1.9964454650523937
0.3891728697819794,-0.09054285507457072,2.320623108534656
0.32900182818222,-0.09768029752312746,1.9722900890786343
0.26970143127408264,-0.07785410740248588,1.5845985388198487
0.28266845861312073,-0.09060497751612406,1.5736176891197524
0.5019329708366436,-0.08082146551654945,2.586095427419573
0.35825267296882624,-0.10667359401898269,1.9872950769548359
0.2113676377735021,-0.11964182238069498,1.2645620086185603
0.4348865276902445,-0.08794185636268415,2.4300913926983383
0.2336350300268386,-0.12334645070734096,1.5360302791306992
0.29798126816611026,-0.07703993270177911,1.7912805134471472
0.2733848669704051,-0.10240941180841634,1.7273475359619417
0.20464336870794142,-0.10752029512572936,1.3077704218042392
0.24589839880658793,-0.12691157373637008,1.5941283066928855
0.2920448799326898,-0.11145934264344182,1.763843847367764
0.19361894338884844,-0.11511822752931877,1.221688646572922
0.22467205295444326,-0.09157990850937614,1.3561924047460976
0.37261645176413394,-0.11411146874522582,2.2491172644059976
0.3477901637725218,-0.09204172768226526,2.1662178212278795
0.23993486866117486,-0.11993080233402764,1.4292919805504023
0.23966535872619588,-0.1253290083528763,1.3409082638058778
0.38754405230232836,-0.10732338657102103,2.3745397919931914
0.37308008370512025,-0.07485490346384349,2.0139764812971315
0.2757011468818522,-0.10193747582002421,1.6970460759990296
0.16258507349926155,-0.15489710358600506,1.0576125275437418
0.19355142073087528,-0.10076195514292718,1.1681307668197993
0.4199068831918351,-0.11016954771655019,2.2153207866048668
0.29196996464376745,-0.11089465371351415,1.651920781550656
0.36041753704392576,-0.09054285507457116,1.9317344317594696
0.3351059265371048,-0.09112918382572988,2.047241531918152
0.37795555610041665,-0.07711503423178956,1.9939105848052352
0.40825936959523323,-0.10606760107063673,2.127444870805308
0.2323853426930076,-0.08994459802142496,1.4957164334708075
0.2791779812776425,-0.1093456430710179,1.5970813357049338
0.39088973064903043,-0.09054285507457094,2.133971289667855
0.4685882264175738,-0.07785410740248577,2.335030036440694
0.3152522830262665,-0.0905428550745706,1.8678530139859515
0.1749451189882929,-0.10927082750960593,1.2344391414073324
0.3672309162135645,-0.10076195514292641,2.068362681487641
0.2877208412085621,-0.10811595897366189,1.686791252603653
0.23729280765405458,-0.0870495674229953,1.5208092071844042
0.3504146096919136,-0.09054285507457016,1.9240120583560976
0.5013318195122032,-0.08239474845728179,2.4345494659867395
0.3671873127369094,-0.09178585664471917,1.9359930103088059
0.25872754516738317,-0.0740254936993835,1.569628176862437
0.2873657379291139,-0.10660985365111786,1.6208420420552263
0.10302566172100192,-0.13721350221241313,0.761586254607624
0.21515079470058285,-0.09995961636791928,1.3147276254071227
0.2991504175848354,-0.09054285507457016,1.874790860871665
0.25202763975544973,-0.08680234729752911,1.6216436525381641
0.48371956312374786,-0.09054285507457027,2.321143363157799
0.27398313920511996,-0.11295925866625145,1.6232736676688329
0.18735433976444926,-0.08075250560081126,1.1504514141574225
0.2911235593984489,-0.06959878522740282,1.6895734294451201
0.2641534336334532,-0.08605211823013426,1.7086904909887295
0.28992394342262173,-0.09391184063037683,1.752816890935055
0.19757004875044948,-0.12182196963439151,1.3583796973231848
0.29714487228622,-0.10427825432560878,1.6021980390355999
0.3662456603461537,-0.07177374966098304,1.9136121554657086
0.05501030549120545,-0.1253290083528763,0.42474557866243967
0.22119145293657616,-0.09909177254176138,1.4011372899663312
0.13909797655446865,-0.09783104163614931,0.9436810767686226
0.3327254473825705,-0.1400194893767176,1.9161990188815785
0.40636212210497713,-0.10068808466187107,2.197272478945913
0.3160455482712803,-0.06925872725754567,1.8567296247409015
0.31382494745489087,-0.11259564050934934,1.9373306698536386
0.21537739767205033,-0.08632457526145132,1.2975271339851528
0.3356072903869327,-0.09054285507457038,1.8649282369949773
0.35302752409112537,-0.07211311287411126,2.020184944238394
0.3638224319347607,-0.09282947712697664,1.864133505497134
0.14347586499242104,-0.12392188908806079,1.009509742074469
0.38365079189679774,-0.09525160315304104,2.1919748532881105
0.3257338432575758,-0.08356855018738019,1.8450489766758411
0.2790482635792091,-0.09054285507457083,1.661875718293921
0.34915198246413404,-0.08762767125613746,1.82490595022802
0.2100699173390006,-0.10974305671155804,1.288342899612646
0.28911195546871693,-0.10268278330201897,1.672486686102461
0.4323372044268683,-0.09054285507457027,2.3373389055176426
0.4014452907419599,-0.10670883390044361,2.05835524026321
0.2471079703638026,-0.0951613563714726,1.519913970626717
0.2943022784403351,-0.06925872725754578,1.8328506210195683
0.17898983052815587,-0.1139670058086445,1.1424894851974157
0.3427930192575537,-0.0945660297965476,1.9271657910258766
0.2519489679533886,-0.09937674641974292,1.616176307272437
0.3154041066123705,-0.06788588257196093,1.9641328383748886
0.4098125840341724,-0.09054285507457083,2.090552010647438
0.21231323146077052,-0.14847531184710216,1.3409567713171926
0.35754507818061243,-0.09054285507457038,2.021670074040014
0.23965058535943462,-0.13770953909618422,1.4066472136514387
0.28365689663116345,-0.09992436010708061,1.5768928678601206
0.4680193915860631,-0.09054285507457027,2.3296111421076033
0.22291207406530922,-0.10197102889661158,1.414721001486384
0.24783404566040468,-0.07912170175900335,1.4593310956561585
0.3585163271773353,-0.06907140514198606,2.2385903718788067
0.31313615998919997,-0.09054285507457105,1.8069405136890235
0.2608006111588328,-0.1137092231263499,1.637331352703028
0.1999197332555569,-0.11679140034833291,1.234914139540345
0.15450790175698592,-0.09868539888169314,1.0342296026567588
0.2362056694931236,-0.0802008587285028,1.5008736600584753
0.19170211506197443,-0.12262971797998523,1.1727468648888475
0.3771556886784382,-0.07647853773389046,1.9901325103772944
0.17113587482460013,-0.08268219515115605,1.1846363992992175
0.38856538715866384,-0.09063033659296593,2.107414893217571
0.3896863214351498,-0.07915763771132689,2.1159491803244053
0.23112447459512908,-0.0905428550745706,1.4373514358246637
0.28929467899555084,-0.10325129139393419,1.7104926168595105
0.39809780850733967,-0.09548640991734547,2.01197439361944
0.2346140825890779,-0.0723359520075415,1.4090626044151602
0.17254790058382263,-0.11559286232262467,1.1282524588008536
0.28122071002815896,-0.12452721112682608,1.6402391648460355
0.3308783431879667,-0.09307732839640881,1.9463478320747893
0.2767434528372843,-0.10135962837207113,1.6830694781107947
0.1725054160390651,-0.12737687109155427,1.062857417292031
0.2034965882890718,-0.11928136758196872,1.22421380136044
0.23034412357125778,-0.0659444002518198,1.4936496979550407
0.3287223796963552,-0.1115294854844271,1.8329758079625698
0.25249126531964183,-0.08398213448529601,1.5763015712508543
0.18285075454761812,-0.09883074235411371,1.1980395054349373
0.2818199431277708,-0.08484615872845913,1.6135318442818576
0.5051144437155282,-0.07690513044935843,2.717458324993323
0.3008823924536932,-0.10528644490231931,1.6806599931899697
0.4169954440002821,-0.08012050142892813,2.2254599409338502
0.2910306684022004,-0.09878190287630217,1.7717882656487873
0.2913014403727534,-0.07226124527453404,1.7054662671655674
0.30513904971286254,-0.10574533235543182,1.696669302799757
0.16836812668289158,-0.09024868308863343,1.1680646035114595
0.3460835038673822,-0.11362595649560958,2.2335636746617613
0.1850069642726606,-0.08072349046565375,1.1829856010493407
0.31669835740860597,-0.10259313457419339,1.6871704842587207
0.3403796725949164,-0.10001700652334378,1.9872729316477602
0.252770267515358,-0.12280312737627452,1.4968258547833009
0.36246162162277673,-0.06258335002092952,2.1331434469540658
0.3475394215615082,-0.10018590961710372,1.8862642737095654
0.18027557529536598,-0.13254034661731784,1.2650244751991602
0.3292020726196929,-0.10629071300705206,1.9469305724801491
0.28459920761273283,-0.09054285507457083,1.5418134102605376
0.28312086238740974,-0.0834662694329773,1.6548076580472058
0.4243728659319814,-0.09189711732059203,2.2111135552478034
0.2775515197701355,-0.08820265572017216,1.7209422724144807
0.27310332162486195,-0.08225421959775858,1.7074339235144713
0.34537057557573236,-0.10268609282876706,1.9385687440094046
0.2789012314700148,-0.11341464277485891,1.6927250887205338
0.26675797375713817,-0.09277194812111977,1.772700840255471
0.3700447441194603,-0.09759915692521615,2.1333680453700476
0.31913583221586617,-0.07526994650677288,1.8295339684774812
0.3243670488054835,-0.1015605644851808,2.0597791187352454
0.33411538259027673,-0.09055549670468033,1.7932817664875702
0.3827041235401365,-0.12451532015218836,2.0534630665123026
0.28354827947024486,-0.07255371161580593,1.8025550958622751
0.4030657177902093,-0.08841474181445563,2.1785894657455334
0.20263692132088607,-0.09813770828789092,1.3557351086861025
0.33226804283667555,-0.10521754677548856,1.9666288226956707
0.4579223021646275,-0.0905428550745706,2.4265923597252996
0.34509686019039165,-0.10207835957489009,2.040001601331413
0.1267557799967356,-0.14872748804032732,0.8755142351952934
0.35410446747978064,-0.06125590995255492,1.9870397937214022
0.2174326207883439,-0.09600546242729513,1.3300864735796878
0.28337945886832916,-0.0905428550745706,1.6873482221367677
0.3315520891791288,-0.0919189824488319,1.813054544413676
0.35026426817095024,-0.06594440025181991,1.9680053985021384
0.44844957365813354,-0.07312238697709483,2.121575205206361
0.32334620601334785,-0.10983264066703813,1.9093285544046763
0.39251733075281847,-0.08036127550706473,2.124518990651336
0.3981170610053675,-0.07560082974070781,2.260856298063011
0.2535186329100627,-0.10290488051647595,1.3956925310498252
0.2953920524907072,-0.08529849654343535,1.7325676316627092
0.289304274423803,-0.08089117963865744,1.6708448038194967
0.47036130867732573,-0.0825674560137154,2.4260396026548436
0.15356259224728097,-0.08881461050127426,1.103583345491479
0.41514512807657766,-0.076506178215063,2.3104444342987227
0.22850071755293766,-0.0905428550745706,1.383651842151986
0.19893675821736956,-0.0905428550745705,1.3604518379984167
0.3011422167302442,-0.06925872725754556,1.8951380229303334
0.33142147039187897,-0.0905428550745706,1.7773569902585473
0.35533613609952774,-0.10334031862131965,2.126046539677954
0.2842336835101913,-0.0870911854889942,1.9447978386461773
0.3570877128546084,-0.08173789620611172,1.8744766814488583
0.3047943963264006,-0.1121299583656249,1.9635416343603411
0.2511500663740558,-0.10081130996570364,1.5783306301168676
0.23060010077697224,-0.10903450603442943,1.4702801563913461
0.2677493056785367,-0.11745563339493625,1.5363092229745752
0.29918464842919557,-0.08150020043298056,1.8008376115708773
0.20313306844068424,-0.09054285507457027,1.2486694130144111
0.47288197533648724,-0.060746922436547335,2.3276165532722457
0.33141376649257537,-0.0840263304630623,1.9599233776191995
0.3313706547504349,-0.08770625981214619,2.0311596146758895
0.13223070831240635,-0.09892195967484185,0.887430965267257
0.42519579860918144,-0.07122793055372112,2.2951161933741764
0.2578629911464274,-0.09089472380082375,1.6184641164679154
0.3109559118305505,-0.09676077073153644,1.8382802220588788
0.42849366245950016,-0.0698067219432622,2.3727618171427416
0.3010013627645316,-0.1324109643434318,1.8884488210657429
0.3870168496897344,-0.06898393477758158,1.97796533070768
0.3934082694482992,-0.09904549566133314,2.030134628027998
0.3991907827225709,-0.07785410740248566,2.2927078206025793
0.29091982650736603,-0.08692615484859123,1.7905695619289659
0.32764751745707943,-0.10782148274761383,1.8294633127360755
0.10531506775070931,-0.08376242008050583,0.7580964004005417
0.4067185836508933,-0.09054285507457094,2.116703287804035
0.18968087827192393,-0.14297024542411396,1.2380497755712814
0.2513894279092148,-0.12627635982510044,1.4809053131719119
0.3066242365644045,-0.09542061165899651,1.6763407177383896
0.37015453268894283,-0.06594440025181958,2.147806139657896
0.2782056064307723,-0.09083033476704072,1.6835625412572708
0.2240630273149462,-0.08844580763820276,1.437532444926621
0.2837712842513769,-0.10200365009617207,1.7343936280747738
0.2650408202779353,-0.1016090114306415,1.572029523945338
0.19834041358788634,-0.09054285507457083,1.3195358359672082
0.13132054746878508,-0.09952959972708675,0.8482500201587424
0.21773863408151817,-0.1313026070917418,1.28493549514768
0.1844533214874864,-0.10078718703487644,1.278388310246232
0.4372224655087491,-0.05543404292315368,2.4236581526939904
0.21320362120380865,-0.09054285507457094,1.3680940391547831
0.27290029127768034,-0.07858678586900514,1.697139294841508
0.4772669917397654,-0.09851111797505885,2.557714930295344
0.11479641712028998,-0.11733125729958871,0.7804792209313771
0.34135831614721956,-0.1017599628467788,2.000702883103652
0.24698539607049264,-0.08266460243877594,1.4002952645467424
0.3281897080843341,-0.10979633513133469,1.8101262081383904
0.32337267600494557,-0.09595148910873719,1.83476375030034
0.40452228744219343,-0.08933630254483549,2.1539584186281444
0.15661852735369353,-0.13657242791221524,1.0657790838144783
0.273536912879649,-0.09619344704237698,1.5907720718521177
0.42346255770688757,-0.09685344918453886,2.2981186210564712
0.19067817170559032,-0.09413432555381873,1.2477277762564571
0.15443811233028337,-0.10206126435895724,0.9565966688461653
0.3087032946711379,-0.11339626930814828,1.758605820291852
0.24839621218244012,-0.08685052702601592,1.4234702493544915
0.3143267494044324,-0.0817063873778412,1.8862283222521312
0.2755990719485699,-0.11623026397478686,1.7120752657818452
0.3291343458270406,-0.09803194297312445,1.8180544780492998
0.15661258570404124,-0.10752614902172442,1.039597417787947
0.3226563092214909,-0.10311659777964621,1.8114747616124762
0.2721731806735792,-0.09393766408644233,1.5327556990530304
0.15928709804344865,-0.13055104062743184,1.0113420976438556
0.2687893305147184,-0.09258440041514882,1.6665528421485032
0.34155752407587747,-0.08460485393009265,1.9842497281425877
0.26201096330639984,-0.0947591178571392,1.714252282876231
0.30840566690328686,-0.12340852797606972,1.857014044943299
0.16616959466483028,-0.13312899712741755,1.071243052555194
0.42103322962898937,-0.08483383193836846,2.360307807241295
0.37098871257634425,-0.12405398787885535,2.1471661446902712
0.1521833672981614,-0.10115019365074618,1.0036407581895828
0.218632604344821,-0.09458313452743461,1.3493901730344477
0.31568482228660777,-0.1096327349339552,1.7088507201234016
0.31901268008122363,-0.11123243266499838,1.7731914775853406
0.14344815347234507,-0.1054009676343659,0.9236904607616626
0.39764054854550457,-0.09523013621514087,2.054971770520856
0.3129672385448372,-0.07646567199477272,1.8945668353358476
0.11482359647285034,-0.10184775684251124,0.7977727957086347
0.22747278979197527,-0.09930305549861129,1.3954282612713378
0.2817054762738087,-0.08701565960670343,1.752925489473779
0.21447148031334273,-0.07713901700392489,1.3123265027025415
0.26593751066007254,-0.12215527162422124,1.6151465791717832
0.14277020956190145,-0.0988988597576056,0.9760458253219396
0.43612663438622334,-0.0834915812151773,2.2001410538539425
0.14075145478992246,-0.11711932739950448,0.9875411222764721
0.20508938220387996,-0.09054285507457038,1.255498127636767
0.3285352583315304,-0.08211894647079865,1.8561639148965825
0.3947101571830194,-0.09054285507457027,2.3067408235504776
0.3546397425231669,-0.09326035737390492,2.099990466490628
0.25463387836622386,-0.06925872725754523,1.599284276043681
0.32832180524675847,-0.08342708881615479,1.84528254107831
0.3637720497448951,-0.10305320011041996,1.9125985058897943
0.4262690658125996,-0.09064381350922623,2.3552958196597262
0.360804232774135,-0.09085518828089922,1.9182112775673574
0.3030310660439741,-0.10869186637787875,1.9445600883959544
0.32661645848408827,-0.0905428550745706,1.6816209666573885
0.2871774739756492,-0.07809598687854902,1.6460664057519712
0.08875873564653136,-0.10155750045859269,0.7256817764454432
0.3111903203979891,-0.09652814493617645,1.7402963792112445
0.08821741890242851,-0.08995911954720381,0.6500410995526211
0.4143773701834468,-0.11397787430078687,2.099392944415706
0.24482008487458007,-0.06925872725754556,1.6397700930396666
0.35329845812392313,-0.11151489473195297,1.9090346687661082
0.3127427565409977,-0.10122033583345325,1.6599155359284576
0.3635552097100607,-0.07731802785028696,1.8622741082454362
0.22110490678676054,-0.09591727945216655,1.3242707879032263
0.19231682415394724,-0.11540651934021862,1.2574955693997119
0.3008980571601787,-0.10953518937137041,1.6794370859398975
0.25788981320624216,-0.10051196806097995,1.5143039033804393
0.40927047503375014,-0.0692587272575449,2.240394547584822
0.1839107399358686,-0.10814007552891114,1.164589115271736
0.4139293020901438,-0.09054285507457072,2.0482639293092175
0.3398327573867146,-0.09617300797460038,1.7901052944793912
0.3436854824968847,-0.09054285507457083,1.973893257676567
0.3186389872136499,-0.09054285507457094,1.8955508422836314
0.24986535179317815,-0.14579263119337704,1.5245595887962187
0.37888986514758094,-0.07109774360523835,2.055604733971489
0.28965519314228816,-0.09054285507456994,1.5935379357438868
0.37959771553153066,-0.09054285507457016,1.9978690287193883
0.28622165468354566,-0.08946179521885866,1.661869867117027
0.39190779729482506,-0.10025031429038755,2.07655973527944
0.395361414302714,-0.09054285507457072,2.038650054709442
0.2950246150013631,-0.13114532951280566,1.6950240773629608
0.23387137539273906,-0.10452445346401207,1.4276461345819804
0.22985494506187432,-0.08427263673004082,1.4560223093198736
0.2785258194143856,-0.12302471639430579,1.4701448920351807
0.32362083785486484,-0.10156056448518136,1.9449252944536959
0.24592126897226918,-0.09207941407055342,1.5632827506411768
0.22013192615281008,-0.09624423270629923,1.2969791329911329
0.26956746231423856,-0.08064421851951742,1.6191540573404932
0.21743167383007522,-0.09430652334219225,1.452289330529272
0.31338941214275184,-0.061166782220784977,1.7851020947744471
0.3075143644779541,-0.07423582665059114,1.8481691290377484
0.1783915337093871,-0.11004828300434966,1.1612195220852768
0.15846482416400143,-0.14659848085483929,1.1106840900272825
0.3806504894517402,-0.11087743238478287,2.0771677908418202
0.37524384252432763,-0.07953215718574225,2.0477549762819747
0.2906667802084888,-0.09479412610064841,1.7221277473495613
0.3355000792782472,-0.0738863473528879,2.0690681131335698
0.3649214101039211,-0.09054285507457016,2.0143375504510144
0.34776316485658776,-0.11662650035847844,1.8874404750618041
0.418326743856555,-0.06792388005141892,2.3747942328354648
0.39618351537289276,-0.11045945680357516,1.936515948376398
0.39347301243794397,-0.08952316353332712,2.2394976220168727
0.2941755914286235,-0.09568929367687795,1.700589336782238
0.30655817445638567,-0.09205368558613758,1.7627491178329622
0.18615211875689552,-0.13133990169065035,1.244526293566506
0.294505776523013,-0.11559286232262411,1.8448672744759114
0.3585497499685426,-0.06933453963403924,2.147898480555525
0.2941232295381484,-0.10620503640065937,1.6845139131891607
0.45154469949924314,-0.06693666886347116,2.5497995460518177
0.30377159684150334,-0.10743161938155843,1.8312252513559448
0.2708606080025995,-0.09090250465104688,1.5454254121229114
0.4864025530946092,-0.08351500561011282,2.480024714998429
0.39735970727305614,-0.11348042614898513,2.100594814233756
0.23582290814040974,-0.09356165328542765,1.3821562242920857
0.19378476659189126,-0.10797307928014122,1.3380284908348967
0.22217341369172483,-0.08735044814330695,1.3693283266943432
0.18754881331596596,-0.0939971223077436,1.164104379712522
0.45087765370923494,-0.08902094474523281,2.34910602787441
0.39347620764388735,-0.08112187701774753,2.2882294421127387
0.33869919638596646,-0.09456602979654727,1.9374888613452659
0.3812105910542125,-0.10391996790702784,2.121049470640838
0.2664073029884375,-0.09425352174943502,1.5943032604069185
0.2334228779494134,-0.09252336182408893,1.6007828726857816
0.23553758503026745,-0.12614499761184927,1.560071315365347
0.17396731971158785,-0.09257093173959119,1.142245205652456
0.3309415644008691,-0.0984936779369745,2.0017084774391845
0.3683447414621961,-0.06594440025181969,2.1291565964976087
0.31711432349681545,-0.09297138494299184,1.7794145119729323
0.5440721026084265,-0.0670114481610602,2.8914955908914357
0.18940729519405153,-0.08913158724541193,1.206493011980021
0.22879064867260457,-0.12034895985642524,1.3607243130138196
0.15118278543994768,-0.09283251107075541,1.0641524922921062
0.5252790097509121,-0.07727434986951032,2.6756448892931983
0.4096501319070971,-0.10622674672042687,2.1298524151270666
0.3645735244244268,-0.0949642348109242,2.013492512048694
0.3261163658184505,-0.07331566602133421,2.103571592443481
0.369997062045901,-0.10988586280416501,2.0375435607236074
0.3658587539457885,-0.07158587618767576,2.0356441219359134
0.3115105616249638,-0.12405398787885613,1.7947635109531175
0.35337689999135624,-0.09054285507457038,1.9517231197427642
0.2652382733033085,-0.09362014087940596,1.6576623672550486
0.37850442250852967,-0.1289278885289633,2.207809227425173
0.2249691702026113,-0.08702694681511458,1.6049513457739601
0.26808072522946924,-0.09054285507457116,1.523586143606583
0.3697562344308458,-0.09173693789631654,2.228058646776279
0.2122036963457703,-0.10512116154271478,1.3311360886384436
0.3100929768915812,-0.09880432102259407,1.8254628706567595
0.24221653812260424,-0.1274025113565712,1.487538188105382
0.3734797796043998,-0.10099824410300828,2.056762052633976
0.3843621943380071,-0.07954875858428612,2.192528644280455
0.2349347728703708,-0.09054285507457072,1.4217967078315508
0.36803324493428224,-0.11370922312635079,2.023091295693198
0.41831879686998796,-0.10003063749355046,2.161875724623691
0.2713281403493173,-0.11207316017004143,1.6456238707633126
0.3731512092624998,-0.09054285507457072,2.2326158794987534
0.5424839070106446,-0.06017180070401573,2.787252489316599
0.10969428238393597,-0.10397962172843078,0.7471047323145849
0.2468356911045282,-0.09128332896995095,1.539239250467564
0.14463316054017827,-0.10695064105744123,1.0213379738376682
0.23041428176238998,-0.12532900835287653,1.398484916935429
0.2916657296857015,-0.11704698662008428,1.7409464270988284
0.232570998622029,-0.12055803296634682,1.4183642510695247
0.2927435134459233,-0.09174159930891612,1.648183874419039
0.22388770301166527,-0.09792801940648632,1.4368717323507976
0.4160061987360859,-0.08984257920541228,2.227523239983093
0.31312652563521803,-0.06925872725754534,1.907951697338654
0.1757669325538842,-0.13497277975683297,1.1726677423645382
0.4271638308251866,-0.0861177231445115,2.439321729750853
0.23956022511051867,-0.07758046965023813,1.4905041326159876
0.21953364710910295,-0.08390539907248395,1.4716375482924144
0.26091779144666405,-0.09582066337599204,1.6181901618488028
0.24164968525432506,-0.10177806498093722,1.5772502172483462
0.3140823445382819,-0.09054285507457072,1.7547162109815115
0.1854397823724505,-0.12484063254706734,1.2078778443846847
0.38585662061910564,-0.08512081866291743,2.2638292341308714
0.2999809171457122,-0.10700172555205423,1.6589918579933856
0.41534497676600135,-0.07285754391605392,2.1539187435251006
0.1757537103159772,-0.11599274199234555,1.1601729115584345
0.16379073491482576,-0.0735928085128481,1.0142149748467608
0.233897017206518,-0.10880568671580138,1.4072731140491155
0.19876281788761174,-0.09579648156953846,1.2426459423878022
0.18738429531851764,-0.10711144808326545,1.2610001088061376
0.30767412750165346,-0.06925872725754556,1.7339137015861372
0.4833131542095619,-0.05940211139474294,2.4349259382816397
0.28695295804425314,-0.07702964244087573,1.7204788803746165
0.30487332813853874,-0.09722226365041808,1.7104322949488142
0.260530709367754,-0.09596513038154353,1.4676672355917388
0.36569478279568846,-0.07863227386282001,2.067198850598968
0.2250454967669684,-0.12677670496532734,1.3921709465027634
0.32259945997225725,-0.09238497326879758,1.8222822020720932
0.29669504288784965,-0.10987940502577287,1.7661562153982189
0.26201669613780854,-0.10963320610878435,1.6518600483645556
0.27472299100967135,-0.08335966077162493,1.774882512686297
0.23455289356742393,-0.08665106511998122,1.4912017927712682
0.3272806882835355,-0.07356483324916119,1.7971704633622785
0.4018676327986592,-0.0793047963578053,2.1097979810870044
0.22236848754546323,-0.08963622542174565,1.4004793624701657
0.4769518013493623,-0.08402100266099066,2.4269439457543256
0.3116354594574853,-0.08310050199098118,1.7247624230769163
0.25637657230149413,-0.0905428550745705,1.4118261939668015
0.19922044719403398,-0.120576513504147,1.2416123518569557
0.2744785609826661,-0.1030530895687033,1.6266268477639896
0.34083368693985894,-0.0905428550745706,1.9608118503702678
0.40947581319412096,-0.09115514142578629,2.1403823234940793
0.26507697385371687,-0.12309586707982745,1.6221986525543386
0.22437426566666696,-0.09054285507457027,1.3571214800623093
0.22898873056649727,-0.077854107402486,1.5013323462360668
0.1901054618251916,-0.106164265012471,1.3103200854057093
0.3855279690069666,-0.08454984099943164,2.292788953929871
0.25699044828820417,-0.09334435638179361,1.5610537291654385
0.2924665610578001,-0.1013020163474333,1.619372096578364
0.31771566370566706,-0.05771198718596149,1.717048142421479
0.3222885466907701,-0.09751184620596298,1.8593082914383738
0.27913153832190885,-0.0754704938727262,1.6511503786880446
0.11270756512848523,-0.09923822639115976,0.8539051785882561
0.16673111663178153,-0.13055039905193289,1.160047758543284
0.24284016901256011,-0.08301540956018993,1.4983387132182497
0.26787510802381753,-0.1394093065050328,1.6549183714158129
0.1934835445141585,-0.0981360574791299,1.2311905085157067
0.2208707919800339,-0.1082475549283558,1.37845737232494
0.35308005924283403,-0.08651005761764896,2.1322136239522727
0.21322040210563142,-0.08764914082168929,1.3518326807797003
0.2643128308879932,-0.10441210893664077,1.586847371237825
0.26867267413077434,-0.1496467767816605,1.6766184574476033
0.338179147991726,-0.07766907874055717,1.749396238995137
0.28048996954514416,-0.09054285507457016,1.463742173162873
0.371988699625168,-0.10583620901195623,2.093488925978945
0.251859696845365,-0.11878217522830703,1.3681058669274762
0.2187341477829472,-0.12073474070790724,1.4096398927262914
0.3353133295689774,-0.09566401031110583,1.871292463987196
0.33624643786387454,-0.09341748113420667,1.81178630980013
0.35188769110683515,-0.0905428550745705,1.9580337356450488
0.12184043573875192,-0.09922014024129389,0.8524789251363205
0.3031100758989336,-0.1420327086068104,1.6599488273416885
0.330844726205195,-0.0987786538830493,1.895231847534666
0.19759635116945318,-0.10559676147854047,1.3465701683386762
0.32064579671554316,-0.0936460612968465,1.9772807089718685
0.26656798463810727,-0.09476751367458092,1.6685275364971308
0.38293636394764863,-0.10109117355050456,2.065526736073652
0.34250405796232997,-0.09489762537386959,1.9834601154035176
0.36276070486194234,-0.08103271920031219,2.023604294697612
0.2045331844030731,-0.0722891568839249,1.3885743338342478
0.36842208548771116,-0.08055157140441915,2.165901575700306
0.48388530087434267,-0.09054285507457083,2.385315213649228
0.24327532500749016,-0.11876975301532877,1.45644745963852
0.4834725592300684,-0.10366553468030137,2.412504953386039
0.2471780165191042,-0.132059603417226,1.4563119006415473
0.27210250083643506,-0.09902823152461093,1.5430221596923213
0.2518899928421079,-0.1267085739723015,1.5360789335403109
0.317839159436053,-0.09265307135211964,1.9002667908718807
0.11389173361916671,-0.09846536419309504,0.8727336140551017
0.39063952682384184,-0.07785410740248544,2.0531648363125434
0.4977995409147833,-0.07153393297513644,2.3851998148113434
0.2731398251374513,-0.09437257144758371,1.5745434809300938
0.27863259501305815,-0.0804062393880941,1.5353251598554276
0.1765575709898377,-0.12541624608099944,1.1094831279056219
0.3079565236326527,-0.08179397972418068,1.756345943673995
0.33435480335289713,-0.10901437906406142,1.9311774015507608
0.2707409061966688,-0.09872870057137728,1.5490710607631335
0.4304877219657397,-0.0900266673291854,2.283789571563619
0.36181604456453,-0.07035532759090046,2.08365171102259
0.37619617876511313,-0.09255920223046699,2.129680366934654
0.24647879726993138,-0.10262109259820495,1.383676959690308
0.2977303268019844,-0.1346358975317241,1.6324233649849782
0.3822807332227036,-0.07930479635780452,1.999846082396233
0.31724669979651066,-0.11274442331540468,1.8016792099614034
0.3455424314990294,-0.07173753432810259,1.941279663104535
0.2435258718962774,-0.12898286020081062,1.4352722579499912
0.4053814747015998,-0.09308057514193468,2.026434890712177
0.3368845702098129,-0.10237966671466381,1.885667046351151
0.2673201872486184,-0.0948427756003718,1.5624034929145079
0.3014207504952169,-0.08566562888443663,1.649104761742517
0.1961259663512509,-0.07700141683826289,1.1869978623602064
0.27833001890106646,-0.09049677703950532,1.7440697116271815
0.2202910841995418,-0.139386295638513,1.3707509166677159
0.28224098394430075,-0.12406355912173117,1.6532801127175496
0.21828489882932178,-0.10438803847139277,1.416567895375485
0.25816857103007673,-0.10581683357263716,1.5157828431703428
0.34099298485119367,-0.12714661648060988,1.948884664894063
0.322589032868724,-0.0801045584052057,1.8546590665046339
0.3630412265288445,-0.08539338080625403,1.9444903116270111
0.2724102609455137,-0.09578303576601921,1.6911015440373434
0.23588370137677117,-0.08512081866291776,1.5680889711663002
0.11108183023445295,-0.12940522337843963,0.7596992456804754
0.4474726800721951,-0.09054285507457083,2.2500418119012906
0.3472498259744734,-0.07934234863978362,1.953361116979573
0.27664345517447364,-0.10336884651497202,1.7446991344057285
0.21631257837268336,-0.11750941332281695,1.2338896018886973
0.2659113096388843,-0.09532056007542833,1.4903577154033039
0.30078349955140293,-0.0967215877096479,1.6702738196733367
0.14381274964741086,-0.1005119680609795,0.957054459410689
0.24387076802552143,-0.0959366333601096,1.6193115346084819
0.25847177838221547,-0.10640734734429713,1.5017708938056904
0.29256557953732876,-0.11102098437209418,1.6963738275742912
0.33818408466816896,-0.06681405695154108,1.8168700176054433
0.3732349085997009,-0.06409517515220697,2.000314458444153
0.30161621012603823,-0.10461869266337609,1.802270049232996
0.5168981192827342,-0.09480866626826134,2.6424664670188784
0.3620899115535636,-0.0929330727954365,2.097576892119614
0.2768704995349096,-0.07580318713782519,1.5946202966784015
0.34467329563622284,-0.1097134947189784,1.9459399727104734
0.3092259918827909,-0.10919726698010057,1.813052038130373
0.3201721306691192,-0.1017679244296632,1.7101777733421208
0.186273751089866,-0.12778721246944902,1.2334357674217098
0.23461989151305263,-0.10598393815146245,1.380682659535625
0.37388062886037643,-0.09042499992411324,2.038967807331667
0.3655837725979081,-0.0865100576176484,2.065411113420289
0.2569552753757258,-0.08697255335987619,1.5661122970970915
0.28792293433593796,-0.10054267237612313,1.680027036279761
0.3632048116008957,-0.12613141744936507,1.9826885162638506
0.3241571487549091,-0.11470037432813507,1.7445104604854138
0.375611007179675,-0.06719557669695742,2.0574608738926012
0.5201877653350555,-0.09528290977973952,2.620959255725391
0.20844142801685228,-0.1243094832941759,1.4216512185989574
0.2506124923092674,-0.15508409239864307,1.4174585524993142
0.15709262710390415,-0.12750763410851207,1.0399800755999127
0.17873891293336897,-0.11738939139224125,1.167446399373244
0.3548383776719841,-0.1269097146545658,1.891088194469602
0.21053969942585038,-0.10329202485847289,1.261634966697792
0.39484498233840726,-0.08124595283714997,2.3330839543590107
0.43368684285112113,-0.08362250341915245,2.5827748257418093
0.3171941499169362,-0.0913732546466729,1.8388261408219875
0.29540386654627593,-0.12933200182242333,1.7727113315271763
0.3401028944442801,-0.07571312533026409,2.0730540634692125
0.3817299750099328,-0.09054285507457016,2.122372438402518
0.2523298234471967,-0.07912170175900335,1.531849580852986
0.5238853089829842,-0.09054285507457072,2.640965008956178
0.16989231001980865,-0.11017033971928947,1.042526132587053
0.28502212902863944,-0.1041302105724341,1.7060773715393682
0.27101423335127195,-0.10758606966933804,1.5881401862380222
0.2254903026492816,-0.10997372785577253,1.3548284438223115
0.2758129583987379,-0.11951890165433599,1.6600866347481102
0.31137765659944905,-0.09562349223573319,1.870974259040412
0.43889469104554135,-0.05543404292315379,2.4225660274045118
0.3015264308382053,-0.09501172501863764,1.7386992638170573
0.17383230396346905,-0.10205936194902165,1.1100775350985264
0.22566029152886968,-0.11008901381538527,1.3447553666298775
0.4246364263662161,-0.09119714502420462,2.2668962422690173
0.2035190086717089,-0.11496745269157871,1.34549908265539
0.33382321443770824,-0.09466008267469905,1.7257639656048367
0.2860163020260009,-0.06540929777361071,1.9183684792491242
0.26937336748320706,-0.09218608611366541,1.5139224367311652
0.2825134147770425,-0.10885019825373621,1.6146286776143743
0.2651662976856517,-0.08448802414556855,1.704234551914127
0.19964526123725013,-0.10374375132311842,1.2174177274029847
0.43011557915538123,-0.09663226828386295,2.151317881940381
0.3640358319693213,-0.08872769828726135,2.139514963176097
0.3543735965257664,-0.10987940502577231,2.063255757014125
0.3484761154826306,-0.091460033244404,1.8467018214504685
0.2805786987398917,-0.08527815619001744,1.6382700162781358
0.19771890221144361,-0.09525108312032537,1.283479719817027
0.36528685493142676,-0.11250820947113815,1.927059783379022
0.283432877947138,-0.08075957249397359,1.6688645545160703
0.2844289465873866,-0.10178785830960024,1.672113076506875
0.30148069355319307,-0.09871987448152608,1.755380576032623
0.288762670019135,-0.11970178216358829,1.7289013813971041
0.30487314258293474,-0.09523332494896608,1.7745411562362698
0.1876377107674818,-0.09513234142360516,1.2273518258643141
0.29680035154402096,-0.09744289395476358,1.7766927467143296
0.3593523423247966,-0.07621158317625187,2.0736256380819467
0.23764854479950825,-0.1004802242699443,1.4219022458603658
0.28851229318219795,-0.11450175207199986,1.6144471008781707
0.16201389820059475,-0.13997386727503736,1.0558654293753322
0.25992086297265415,-0.08660820158401916,1.6006157219265464
0.44109191749013865,-0.060679839104915145,2.566328176116142
0.2623556453012237,-0.09425429704778854,1.5315759371112476
0.29541692503820793,-0.09054285507457072,1.7192742478782301
0.40315000560352465,-0.09701481923325328,2.1628401660766694
0.146942412766496,-0.08901771573429396,0.9161825105514126
0.3646342656754904,-0.09619042900587882,1.9630561826603792
0.2292457734604807,-0.08363323355184082,1.496465620005926
0.3287016178891733,-0.11201957053847678,1.8185782847828154
0.3651468350971261,-0.10388135623265893,2.220751232149362
0.3160448135466003,-0.09270741356875412,1.7035766870472588
0.21899346594516889,-0.13134885266267382,1.3063968087223947
0.3880719224730882,-0.0842609650020485,1.9826456165002533
0.2305870857003296,-0.10272199837344043,1.4696427366088693
0.2170470717943318,-0.0882839333046358,1.3167022406562185
0.46049867945340384,-0.08434548504610562,2.3328348371484564
0.29004746130858683,-0.07964894129007594,1.6838770698735652
0.28824786088014465,-0.09522911068146223,1.6274121149862946
0.3598742289906227,-0.09054285507457027,2.0340939835082774
0.1555789846179796,-0.14865981448879784,0.9819088202770779
0.2887144435697375,-0.09221426579811687,1.6602294437889102
0.40894919192162926,-0.06925872725754556,2.3531454758968358
0.23511252298094787,-0.13249179204319272,1.4312726053139748
0.2611900212446818,-0.09523656856585816,1.7307987639795845
0.08247880505098659,-0.11911986554611198,0.6203184334941676
0.36043450233907026,-0.07121059886728964,2.1325279910484
0.22079673407364409,-0.10773470076389013,1.346528413242506
0.3091311305753617,-0.10060719400984708,1.7275089506934491
0.382409049557052,-0.11075226498979918,2.2017903499987916
0.37223675925348565,-0.11295925866625112,1.895229487972196
0.24134968863820738,-0.10889289247801559,1.3374057959362797
0.5841840100886435,-0.08562476270933006,2.8056812993151077
0.24666061207872403,-0.10086547969496473,1.5037180473185736
0.24935191831361236,-0.15339924287677542,1.4657115180477822
0.34155341059659583,-0.10398507562987636,2.0946775613357786
0.38831015342741404,-0.07156989935259284,2.077413659563533
0.24670351377313748,-0.11930692955613165,1.463660590610787
0.2614486636011588,-0.10188211446300943,1.4809650938040215
0.4872978858190382,-0.12351924488429333,2.313938065155279
0.4083610478625117,-0.09795135273358568,2.2142931954710576
0.2907552650056824,-0.09387535739056474,1.8703306696747624
0.2944071797365748,-0.11387039503163487,1.789366062085663
0.2339460695881992,-0.09054285507457016,1.4238470921708348
0.2838670648585031,-0.1080561679496822,1.8908805191382383
0.561740296572425,-0.0905428550745705,2.8338665674740886
0.30462312565667804,-0.09962486008619709,1.7275301155441254
0.31742476524476326,-0.11257291613857612,1.748677789805636
0.2142567730211613,-0.13602405255051864,1.3567610683935076
0.43965417936091145,-0.07574760405950964,2.3594960863317045
0.36690216910097084,-0.08226088973273071,2.0629231151682523
0.2540091915382918,-0.1070815618151969,1.5612727078730122
0.35617655184840724,-0.10154658422516472,2.1885946460832923
0.19252414315467714,-0.10258919252555343,1.2718600441927626
0.3970079385574683,-0.09081677623965057,2.1555835682480655
0.5434519043839245,-0.06476937978813158,2.7885479445440735
0.2917059636398103,-0.0905428550745705,1.7541162681873892
0.3456244977607985,-0.09943474405813968,2.0388829150121794
0.1224463215988314,-0.15513813988162872,0.9007685989955408
0.25007699460887656,-0.06925872725754567,1.573202811514257
0.49784143270516745,-0.09058086682426181,2.4710015578087927
0.37141262585827506,-0.08361958782639367,2.1647869188885958
0.38557856036439064,-0.06594440025181936,2.159329747224633
0.07705660259189195,-0.1011526408822957,0.5864633332416236
0.2710645837883787,-0.09054285507457027,1.4688865214850135
0.19820218462829753,-0.10239795810564234,1.2605340427162384
0.3404997162973171,-0.09090250465104632,1.7563176858756053
0.30017581351486466,-0.09886989458895434,1.7358964575833629
0.3225531760264977,-0.09372905416925992,1.916470370654811
0.2681099955719213,-0.07975617792886647,1.7542619825623493
0.43874874519567464,-0.09505921987314458,2.3534830348262887
0.07875958355824819,-0.11773541212355265,0.5859352695333825
0.2644955896457346,-0.0749951150751147,1.642366850455391
0.3082019975373451,-0.12306729142529604,1.8144343265753897
0.3551722765223828,-0.09187791411091062,2.069072690576972
0.31320491074765466,-0.09278362936170781,1.7863086980459977
0.30882357896771184,-0.09884738683894245,1.7575343725926114
0.13256461084594595,-0.10030695331714912,0.8610031211801461
0.3313963894484846,-0.09054285507457016,1.7755761513833952
0.2931251041397467,-0.09020246192563386,1.7020077634403081
0.14283835216838714,-0.140365507908481,0.9414655550371852
0.32046926241665075,-0.10015331719529807,2.007443429915109
0.302740933486469,-0.10408178883626518,1.7013389819095106
0.43614488600695256,-0.09809955922978775,2.461604534672974
0.30256667270008974,-0.1037375981815295,1.7345684575825713
0.2616833002818959,-0.09201857177497041,1.6688264757096054
0.15656634332468555,-0.1399490437488774,1.0340462443351046
0.254913202358237,-0.09054285507457027,1.6491546792277791
0.14652483117478354,-0.15005667122937527,1.058934783551521
0.3246703678710503,-0.09054285507457027,1.7532591096973227
0.39604413762524016,-0.11087954765697816,2.115340367013169
0.3298204920512071,-0.11887349167793093,2.0058306741579695
0.32548505211214573,-0.1119154043349243,1.8424989102948957
0.374629083514741,-0.09054285507457094,2.1279436389586586
0.27454965727658154,-0.09054285507457105,1.580100401159514
0.1764062935467574,-0.07290584851186532,1.2266614653306889
0.03645651892856705,-0.15132191969032038,0.31514598777821384
0.31122695655141475,-0.10665478688962882,1.6566844433043135
0.30847301132523786,-0.08589388432821676,1.7742182075250017
0.14808686622727718,-0.10132681135964106,0.9890333398672112
0.3875920629487968,-0.07504590795195476,2.376279670144557
0.29890263885819457,-0.09054285507457072,1.8181803975152162
0.14306070120167158,-0.08820265572017238,0.995777012434877
0.33588897694844255,-0.09054285507457027,1.8672701654193498
0.2692370885105102,-0.12917886943525692,1.6326725184071509
0.191746738309438,-0.13862614802645556,1.2085059761657806
0.36198480084000817,-0.08854865566963854,1.9440486698577732
0.29672607655187,-0.07397859678203544,1.7815626788122887
0.21790862581245252,-0.10095739535777848,1.3676141968498532
0.12121868143151637,-0.08818687376979206,0.8828233974212495
0.34080576050181044,-0.07647972279624127,1.9446289034075126
0.1735360367698049,-0.07977886114661659,1.1821401814088208
0.2072195657342235,-0.12271672115570342,1.221590424476468
0.31388602972524193,-0.10376061795687497,1.8665695106319655
0.34474611839016345,-0.0847780261183384,1.9163552231015717
0.23821871387753646,-0.10130172051154918,1.4749868566877862
0.3533806288524075,-0.10032219455740032,1.8318678012828293
0.2557732122499812,-0.10062357187717119,1.7377713339277299
0.2875571991483803,-0.08561641462504621,1.605822923832881
0.18878680967427597,-0.1024944255251965,1.1875033667539436
0.35341204035168783,-0.1049827870908484,1.9930881836533585
0.270031293272295,-0.10331579301698335,1.5542542830358879
0.3626425128481394,-0.0816596143741658,2.1214476095187176
0.15692738227423808,-0.136259418150675,1.0315194080361334
0.18430001408085772,-0.11227145573896102,1.2185349975358732
0.1451692195736083,-0.1006998601275747,0.9499773761621324
0.4019243641638308,-0.06925872725754556,2.40293838882787
0.28068145675616374,-0.0705532468670046,1.6854404031858505
0.20212466398146134,-0.07846826429212528,1.3435162939777816
0.2491041862054557,-0.1127787227629089,1.5156323202490594
0.287650384846837,-0.08453679768940137,1.7109751925120116
0.3867345983884274,-0.08281717365023422,2.1793454002679824
0.38464373739551205,-0.0660757673119784,2.2959490858861473
0.2911475605336833,-0.12165321900676018,1.6539281654523932
0.3404423106903174,-0.08372548580889272,2.1703558859591228
0.241447499167198,-0.09252667670787107,1.4434829156712188
0.2387215599890582,-0.08337075819020312,1.3461597232067923
0.3865347048369323,-0.09054285507457038,2.1296076056129407
0.28998676204116447,-0.08304665445965842,1.6102144299405603
0.20929216013135998,-0.12250818391201201,1.2738531952255514
0.3203909323234331,-0.09353996860404856,1.8905589907404328
0.34291016445589095,-0.08618447282534336,1.9494661350181288
0.34972637886023117,-0.09933093302530438,1.8308663923555688
0.40440594282246156,-0.07868328300057048,2.1986125342418488
0.35794692536354744,-0.09054285507457027,1.9758891419086684
0.2170057123246265,-0.08695047080974605,1.5076500495515697
0.38401230057930036,-0.07788338308987997,2.117898508012371
0.31414346899595236,-0.08572903102854323,1.8828475950921943
0.3336899860677127,-0.0984983714260016,2.011601611209191
0.29111083427300866,-0.09040883224647822,1.728047368612795
0.30997221080030624,-0.08388837637525459,1.8758849111687597
0.35175251427971976,-0.09054285507457072,2.0469351306574692
0.24200968864135985,-0.09126899454137594,1.3980193053405623
0.2396490464757952,-0.11400474654096093,1.381583144978675
0.2380147179302048,-0.06764462457459008,1.4595090482898498
0.3435253678215242,-0.0905428550745705,1.859527738507942
0.32259709014006144,-0.08704077568322433,1.6606929316032777
0.25242247427299214,-0.10052451608290047,1.526132294913932
0.23525089002794863,-0.08605569075255393,1.4917460537247216
0.40030866199233484,-0.06172301750737896,2.220079983854117
0.291468485530187,-0.08995767735051996,1.6081008954726972
0.20287721313508467,-0.11322378131802513,1.2035045589044127
0.33279864115377,-0.10970661895712575,1.8274383920207762
0.18505533515623096,-0.12061566155787928,1.1798292088361042
0.3242242794100876,-0.10512116154271478,1.8732208915177684
0.3017909690002578,-0.09584743097390103,1.7261786955571576
0.27024724173860126,-0.10891460327614311,1.530199623809015
0.2991276671869718,-0.12835103427839456,1.643675055988228
0.2585709280657349,-0.12204254956585003,1.4315379268867643
0.3021067435824063,-0.11718987012691295,1.8556481032150196
0.16299392202014107,-0.0805079179970477,1.0991466342493748
0.42033874553219985,-0.08395830218044209,2.276061790321474
0.19935213223359338,-0.10728997598836387,1.2943911702415207
0.4180349182857066,-0.09247531986153645,2.1503874980477122
0.29732108202969343,-0.06775559850611956,1.6902798305173505
0.19741389719403846,-0.1159497362985924,1.2016624685337154
0.4012762818391802,-0.060662029103080606,2.281700274065834
0.47958661429804117,-0.09373778824852541,2.4330972164285845
0.5298600394453408,-0.08399626218115919,2.7301853582124025
0.453964916117084,-0.07936507356268196,2.488402122733927
0.28375869513741026,-0.09054285507457027,1.5449112500891995
0.24611237712802336,-0.0748332163597839,1.5812336072881146
0.15803822631294429,-0.11756955459356833,1.0011515404678346
0.3472194110838682,-0.09363336769416497,2.0077513416426
0.4474755766386742,-0.06975591691784433,2.4018412619063128
0.3887403938007441,-0.08093780610461276,2.4225915201184867
0.35460367764245726,-0.08338293594919599,1.8718500603299002
0.3151862143305959,-0.0672840063140806,1.9567382393655848
0.279074364684031,-0.0905428550745705,1.6111574547908791
0.4630266840647248,-0.07209426982158196,2.562938103161476
0.2914972896504959,-0.08241064490312922,1.7475323999109957
0.37348743285667707,-0.06942349347824628,1.9837892887069295
0.32626104460933036,-0.06830394346437574,1.9848683822243225
0.37933409494267756,-0.0905428550745705,2.1786393310048418
0.27052575577390314,-0.13934848343973238,1.5102106545447644
0.3011843960380174,-0.06902894222610434,1.8477639182460968
0.2452578572643378,-0.11261854953252726,1.483832922831608
0.21719220885313995,-0.1048874246811079,1.431830982562555
0.33035790337815296,-0.09192785652678304,1.9167339580742644
0.29758868642939507,-0.10367153930168849,1.6393111788141694
0.369170741500251,-0.07091425829733378,2.2028942370218254
0.28836759527784994,-0.09666680653221704,1.6202327770435863
0.31072142864096786,-0.0905593496363406,1.7319971426287781
0.3675512813793469,-0.10030499473421317,2.0775446998463685
0.4267442467913187,-0.09828057397551371,2.3625426084178462
0.17007965596917018,-0.11868894415536602,1.1166741128566569
0.17477398709319414,-0.09357086127987346,1.2031430390436848
0.4363461715504162,-0.09054285507457083,2.3065378691016742
0.389610660725334,-0.09825495620216762,2.070939158366177
0.34353042358996233,-0.11675025566038966,1.782754913540342
0.4088994778726567,-0.08455878177501908,2.2332352384054164
0.21415174179806074,-0.08764885866712546,1.4846643828183923
0.236675777898107,-0.09329672344842421,1.371219356120666
0.1789816869784484,-0.10005002779626682,1.1410730853356916
0.3794044431009771,-0.09657246155166788,2.08014340482301
0.320781906333826,-0.06925872725754567,1.7013073155198948
0.18904771742803672,-0.09864478851507541,1.1797426617504405
0.5326795902960983,-0.0905428550745705,2.448506153535904
0.26905379655141926,-0.09981727934069795,1.647546435509507
0.3192790073995193,-0.0905428550745705,1.8724434756756152
0.19999683934798607,-0.11395972600202897,1.254048867821256
0.3723201855881926,-0.09054285507457038,2.1550879917442436
0.5481874435951273,-0.06594440025181936,2.6162771502586324
0.29854519740716867,-0.0929935522863723,1.6882089005544405
0.20129768387619285,-0.0804968895581114,1.2299271180634068
0.26866153930602565,-0.07311637884196309,1.6963247436956697
0.24901774443587366,-0.07785410740248588,1.5061347306685016
0.3806575695604344,-0.07635271083395356,2.207504536879674
0.3790430175509394,-0.0659444002518198,2.1265247288284312
0.41619367773949056,-0.07441043869900787,2.313100015630929
0.16563658797571668,-0.11868894415536524,1.122601257550139
0.31866718971806307,-0.1022458155184428,1.8492916265716923
0.3080206861713375,-0.11247542907736807,1.709224276146532
0.2544902222893297,-0.09260056221251312,1.5572680545808746
0.3417834201376837,-0.11963176742715431,1.9723435036587345
0.1511151690616046,-0.08984453553720839,1.0159891674335813
0.28723462770447816,-0.09218605999309315,1.677070475945881
0.15208238815377073,-0.09520328874912254,1.0239581738981713
0.20800536124472302,-0.14890911678098606,1.3687168144359434
0.25048449059714906,-0.1017302999344476,1.4345522270597304
0.34165383351309764,-0.08743006212840065,2.0942535658851233
0.29296132236312356,-0.08969924865271983,1.6462876962279263
0.3453662862666127,-0.06764801203154358,1.9289720716646501
0.4658086807081039,-0.08813369546860361,2.39018949447286
0.2367330455306489,-0.09907592571728341,1.4709114218164987
0.29470199736931346,-0.12000929052365372,1.570172225249974
0.4156284441712583,-0.08799215615353617,2.2310583664377766
0.31139592876440636,-0.06691583083549024,1.958900792491539
0.2942326098844936,-0.08858528694777168,1.7047060931253346
0.18529012202684125,-0.08644036365429275,1.2025585363677735
0.18413002102553477,-0.09800325096572127,1.1103772712369593
0.38790834458135826,-0.061357230089729375,2.0857964709967183
0.4923932161295239,-0.07882034215678768,2.2928297596568563
0.33086035217212517,-0.10416025204875701,1.769741100197332
0.3565826990023473,-0.13160241481441504,2.0020683885267
0.24337436544432056,-0.09810157267012898,1.5635833061624864
0.48889782407649784,-0.09570104070334451,2.4403768746989916
0.2955263831826227,-0.10272245469052754,1.840603899908455
0.3598599115300014,-0.10894319477381764,1.923655935044586
0.2177935651039431,-0.11835917247334293,1.3804416098236219
0.35397765234497247,-0.08181391273939798,2.0617149224218934
0.33448323782228995,-0.10889151684538012,1.850561370872641
0.3892518882805516,-0.0817063873778413,2.0576912913913707
0.18848457966066046,-0.0842471222936414,1.2562385138382892
0.31506630400390967,-0.08634963813873298,1.935060660020858
0.4300350823320038,-0.09054285507457027,2.235904387602646
0.24056957881490004,-0.12016259012157116,1.571752474108593
0.43614475374717054,-0.07696448334762562,2.246896653339338
0.13229047940849314,-0.10537982920824096,0.906969549600576
0.3307242401649477,-0.09638198348486515,1.854501016640249
0.395770744179043,-0.06951086585789101,2.2596842010580107
0.319276550306278,-0.12405398787885535,1.7282062231082125
0.4944456857644888,-0.09551188099549823,2.361122374771509
0.1754360916798161,-0.12892788852896253,1.1596259870522567
0.3670921620118739,-0.08929363672763824,2.129453540445492
0.22814159691438896,-0.09515011878680224,1.4675729941816424
0.2746174399858592,-0.11080968705056016,1.6158331422650745
0.20733164351554167,-0.08773979894146444,1.2605390532128709
0.30663924991359526,-0.06594440025181969,1.8252386540829362
0.2586085812401313,-0.1060464195623072,1.5529238707324657
0.2838077984733349,-0.0976591875333147,1.7501917153564153
0.30722428399452095,-0.09827194005239737,1.704957750487395
0.36882889861545887,-0.06925872725754545,2.1374748870605287
0.24138527475492122,-0.08937019430769111,1.4981782562177552
0.3002886349938978,-0.09698035750587086,1.7960617289053784
0.21969393438139573,-0.0905428550745706,1.4674341281769745
0.28331787941366193,-0.0625833500209294,1.7451587220004825
0.3527876975315296,-0.08870764158000033,2.0960909093240914
0.24730786101458646,-0.09054285507457005,1.5759216625926895
0.2839822612307863,-0.09657596298779281,1.5152125424456506
0.2049151819483519,-0.13520757843520348,1.277245398203199
0.14668347256603886,-0.10512479770749317,0.9806924419867593
0.2607327772561505,-0.09685979911453024,1.5276678967933028
0.36630450568942696,-0.10952358915025517,1.9498215838789648
0.2600517074432256,-0.10612883197137446,1.4271664001537618
0.280581324401028,-0.10136687531201827,1.6177414990116246
0.34189888806078383,-0.09689293539241806,1.8288413075153347
0.3431488370354425,-0.10548640971669887,1.8147569308996392
0.4193001017242839,-0.07541822882233473,2.069614900246706
0.3688337991336972,-0.08520398054277345,2.0445600577771965
0.34724101531180307,-0.09054285507457038,1.9613945855174322
0.4436831392779865,-0.08117440619270688,2.505670029993576
0.40971615426202,-0.09054285507457083,2.183872258330966
0.2525821281573568,-0.07737577078497737,1.6177184704735925
0.31049509913332707,-0.09074094360106899,1.9322359263113826
0.34974413043510566,-0.06925872725754556,2.0098669061502705
0.21926876412680607,-0.08794839742445648,1.25510039342294
0.2076354203269768,-0.09505803951333835,1.268831620617772
0.3685671524336789,-0.09936402382926701,1.8782459026777598
0.21244310776634912,-0.0905428550745705,1.2673534104258541
0.5528317877658904,-0.09973448985421152,2.7754084317247747
0.22062319239805395,-0.12532900835287608,1.2791289754064445
0.3371016669751028,-0.07205400051021316,1.9095105484740251
0.2639711608387505,-0.09584743097390103,1.4105739960368346
0.19742423931626174,-0.11942156287702821,1.2958869781739994
0.24810356729635719,-0.10016695132355358,1.6424543224552375
0.3133935496044562,-0.08755739143012431,1.6580895564541684
0.21620580428242264,-0.10747125513003253,1.3608319284545713
0.48856328231490864,-0.06825549224825733,2.6736494336153966
0.30197253376063093,-0.09114122816003034,1.7191674605240508
0.16453732876272587,-0.09054285507457083,1.0847908238888735
0.25320950315303703,-0.11868894415536524,1.4903530910303018
0.1454454898566382,-0.12115837014101638,0.9947755362587966
0.2802223643055739,-0.08253284360974722,1.6795150334329578
0.3068346604623384,-0.07345762244633791,1.8900573894895942
0.21116003408994555,-0.094348077056994,1.3334175937144879
0.33207210511197993,-0.07254598950706981,1.7385540720474866
0.29735452663773243,-0.09054285507457083,1.671914696361427
0.23833811341197442,-0.09765202410015528,1.333736275207699
0.36344066282335064,-0.09445747202722965,2.0501565903195296
0.15850284209311738,-0.0905428550745705,1.0385575516731818
0.2716558475965707,-0.08266151963062207,1.7070197746980142
0.2924073019313356,-0.10419633493110181,1.60027992503108
0.1902105556798619,-0.12178868384556818,1.2656063864515799
0.3176250948702761,-0.08116612600602602,1.7443870353108053
0.2288138899888441,-0.11319218843793033,1.2416880715885248
0.3090808065761348,-0.0837355748136146,1.8003164495624748
0.30061934505610255,-0.10217504437738456,1.7519570791769867
0.1958465800969338,-0.11457050975729932,1.2578411968269052
0.3525539381842442,-0.06503143960572766,2.0014041501619535
0.1161387579343598,-0.16427686212570103,0.8026659071236634
0.36960594498847277,-0.1068669715937538,2.020840066983827
0.2529081375030553,-0.07412560378134991,1.4171855045729191
0.3274870069606255,-0.09054285507457027,1.955996679487043
0.29182058864105387,-0.07959185942863922,1.6160810171075408
0.3359631216354835,-0.08261587351557598,2.014783039281634
0.2513037362994057,-0.10960923203692052,1.469212926795445
0.3365281225699017,-0.0917204087697816,1.8264066393280929
0.21953353170924883,-0.08329951284447967,1.314758512436005
0.26709382786493463,-0.09537961607141032,1.644376015812414
0.17965717803387027,-0.16412050255942134,1.2495163836122078
0.1986513495462403,-0.12373099082274797,1.1590915338517738
0.30320597546253114,-0.13108028546630257,1.6901305102153754
0.2244821373425987,-0.08707690527998835,1.357156904182124
0.3796437886532378,-0.08349158121517786,2.0524765975897874
0.3356649595018433,-0.10758606966933759,1.9294052824173984
0.2061060497155469,-0.0884350281023325,1.3385309819682467
0.2210259534079051,-0.09984877562425765,1.2998488549846616
0.24878798195615848,-0.09953823616594581,1.4217349593716575
0.18511090506108507,-0.12155082605058865,1.202947518163569
0.2642446809484984,-0.0957694063932526,1.5237899311338627
0.3203526040569076,-0.07630773660736667,1.8746731168424393
0.3881826114554823,-0.08330771754414201,2.308823435442951
0.2844672785579274,-0.0905428550745705,1.7160915538820585
0.3575963887460669,-0.0944040033506941,1.967507683794185
0.25722676235507835,-0.08950813608962294,1.5919082997732663
0.24066662723156895,-0.10628518505862294,1.5450481210456375
0.3267910701826684,-0.08651589594589115,1.8675467595044875
0.27501519501555327,-0.08687376793865864,1.4995370837055144
0.1918102247059672,-0.10615670218141382,1.2781892881414623
0.2706399481974424,-0.11827602985548002,1.5963974271661872
0.2675691282305164,-0.10337657187171045,1.6994673133655331
0.3763006037303167,-0.07693827723865265,2.0524935415594237
0.3328361698825033,-0.09070030797951711,1.9743737036077909
0.2896578311301432,-0.0846958290819474,1.5852007661630192
0.12277660156923087,-0.12781684369001578,0.8202064050199258
0.2459772188640057,-0.09054285507457072,1.5028737844417712
0.33218416062787726,-0.07522960281489588,1.9443693274578948
0.31076219725174603,-0.09595765290160707,1.8216602225209797
0.4812973767142197,-0.10708156181519746,2.2978924851437337
0.3562499014629592,-0.1044990384050215,1.9485961107391498
0.34457254854944974,-0.0905428550745705,2.0441037039281134
0.09538138067927648,-0.11926181105874167,0.7708764629957768
0.44191222249506645,-0.07887784641471585,2.330834473599685
0.21937083345595165,-0.09054285507457038,1.3320852863981167
0.4004738574215001,-0.08281889134019371,2.1303123476531876
0.2316608722313378,-0.1012251334190768,1.3396144193535287
0.35615394834948155,-0.09054285507457016,1.9191397417360658
0.26287337356950546,-0.09293352326875459,1.5360948557195375
0.20130383243163807,-0.07238310008411064,1.2690599283904198
0.32349136095078035,-0.10746586691650073,1.7807018158648675
0.43578810337703966,-0.11971381888428079,2.3216763382804144
0.23503864967678267,-0.10842138004953461,1.4441075094135625
0.32293433981573627,-0.09054285507457094,1.8366223429028408
0.3506906136687846,-0.09669042564043828,1.9415884100616159
0.4147489454158009,-0.12275741462955903,2.1782414657941143
0.30370616170507336,-0.11391407653877483,1.7994803555904924
0.36034614612344074,-0.09688771956534514,2.0309746068837917
0.2665782221826207,-0.0811413367571725,1.605312728946939
0.4486455846818176,-0.06668769852355239,2.329759164028006
0.2936903633523096,-0.0905428550745706,1.68969911972699
0.47439143802347084,-0.08084628969550811,2.4601366034034995
0.29402178212213337,-0.10896951916681186,1.9088665327326226
0.3940311838056385,-0.09054285507457027,2.112923541321901
0.43229740720987553,-0.10156056448518147,2.336009539213617
0.28761970663248704,-0.11581048587464982,1.7746015778552966
0.3413063733007482,-0.09054285507457038,1.971972965325571
0.2974086745572353,-0.13761272738821562,1.7733334714147297
0.4154970078759803,-0.10992183971021918,2.2359250830727513
0.18274955837897822,-0.09806796835827858,1.1038054723202508
0.1558364698372776,-0.08218151383398886,1.0421328834482595
0.23694105690269063,-0.11245153922739004,1.3288893329021294
0.27602329913984547,-0.12039567150059483,1.6706765345349908
0.25816514881458286,-0.0972909254080142,1.5657950544961803
0.22629452139905615,-0.12211286364439644,1.5479347598676452
0.30062963481090765,-0.09071501672487126,1.7757001148286755
0.32537490906289723,-0.07678039963564698,1.9097685145209893
0.2566955702389446,-0.07227293064827833,1.4936887434338146
0.37826195678085806,-0.08559252778728421,2.09593363142698
0.3345529642548206,-0.10368862372679932,1.8309794040222633
0.3258782192732754,-0.07785410740248566,1.8570054639543565
0.3491984463533051,-0.0757383916341523,1.846768405861869
0.22576886984241273,-0.09391902487388382,1.4013812874140676
0.37857251740540243,-0.08272079937086452,2.062099324498033
0.2520579280628299,-0.09976615927553822,1.4433869573576918
0.33468398692883117,-0.0793047963578053,1.8744440017034458
0.41254794519319193,-0.0659444002518198,2.286311188505169
0.416810734460731,-0.09694635231567306,2.1955124449923553
0.5410847876950231,-0.09351051615582207,2.636856734111919
0.3168735112578658,-0.13794474367840381,1.7751133531988523
0.30153862546239507,-0.11198803351745734,1.726732839229161
0.34178977016814316,-0.0879479784817836,1.8901623326780137
0.5269561516645558,-0.1057885461652891,2.5579784540989374
0.23642969600504538,-0.10078718703487766,1.419585001102182
0.21019112510942195,-0.15329735440223813,1.2613651541496815
0.2975100728211959,-0.07904810633500581,1.8410940216124672
0.20731656624152195,-0.11764136227825805,1.3948495336160014
0.3073704467470706,-0.09639051220430128,1.752908234420987
0.27873364013284463,-0.09069760195483945,1.5736775092749031
0.3311071809382087,-0.06864681908827264,1.965743739360545
0.20540421305795875,-0.07623496081694225,1.31781003405886
0.14390540236496396,-0.10241968046319183,1.0033341158811822
0.36466315596230237,-0.11159510734946754,2.067207030334563
0.3158156164420165,-0.08809556547405739,1.8274208231751967
0.19002728765231702,-0.1066491802818822,1.1584432668785376
0.2466331309033516,-0.0940225628762007,1.6045592104439093
0.42458335227957655,-0.12400196437342781,2.2046988083187773
0.2941552537430647,-0.09724587956886788,1.7130054081699486
0.21208976609147645,-0.10122716275712618,1.2833597891113075
0.3301549947141056,-0.10882971010201592,1.7139040439713382
0.25713691350212664,-0.10366553468030182,1.5104795577034176
0.32864500313900935,-0.09299241601371278,1.9383272431219742
0.35133143515762155,-0.0905428550745706,1.965909619969986
0.2401114451223696,-0.113870523167107,1.5246579512705543
0.27604747867317636,-0.08870667682607636,1.5814770858744924
0.24290839657163388,-0.09379050729825256,1.506160953899259
0.35765805943660167,-0.10536545412294618,1.8694047955364863
0.22323152318286188,-0.09864038237706418,1.4377674804827052
0.3750530953584994,-0.08906372267454676,2.0154329724803928
0.22215139346520352,-0.12355120056467128,1.3538642861893477
0.282576089295143,-0.12231697928768592,1.633372946959535
0.15575714912729266,-0.11682678032334892,1.0334499709933918
0.2996916604554072,-0.09854912744067901,1.6856195108537833
0.35851932926571584,-0.09054285507457072,1.9563857402662044
0.3200361361876194,-0.0824209869088468,1.8495569321053902
0.2696434533326839,-0.1047234268194136,1.4970201647609396
0.3493950466414082,-0.08950409271676973,1.922759598486192
0.4044475905518601,-0.07711503423179,2.1633621461364974
0.3335021699395735,-0.08895048667034322,1.805409911487877
0.15421893641352558,-0.1186533249608841,1.079228921504011
0.24898344026798425,-0.0905428550745706,1.5193252289973567
0.3149442012673942,-0.09988996007746509,2.0094846793440553
0.28852820385973654,-0.0963455815000741,1.5635884690896178
0.23586644989007977,-0.15848284596386486,1.483781837008918
0.31817124083061343,-0.06925872725754567,1.8429660989021333
0.26861014477194267,-0.07762297215143221,1.5517577782925152
0.32749328002155487,-0.07925494614670492,1.7993600847217732
0.29129315854211413,-0.1061521061603542,1.7933129460434412
0.29948054562950976,-0.08541205544796615,1.8091672407473107
0.18463938311857464,-0.10147836213255568,1.131850287244427
0.3449489271769095,-0.09054285507457016,2.0587077645535894
0.3811890042640529,-0.08572027439635399,2.110151219317332
0.1429321399804686,-0.1186889441553658,0.9220218525396054
0.34948708467054,-0.09054285507457027,1.9500751653301867
0.1885637081993503,-0.10708569264104806,1.110307092169279
0.25729219094263467,-0.11038367012504924,1.5208661150022218
0.38212919402769274,-0.07345096874067292,2.2232010845569308
0.3015250678284376,-0.1094011709923185,1.7737567529480267
0.2981720241140937,-0.10142549668075829,1.5706675437122495
0.14433552292354324,-0.11171508885104386,1.032485551317955
0.4397951396194124,-0.09054285507457038,2.3784151294544005
0.2910533517764411,-0.07932722803580938,1.61316204448967
0.28440944416060354,-0.10987668779409554,1.571742236021314
0.2812264617146374,-0.11501902049764012,1.6404946909892628
0.4121140093553761,-0.0950977960764875,2.017714225872337
0.31098488150267145,-0.06877317100891067,1.8273222298789982
0.34084635281649467,-0.0865837366306561,1.8361304765932491
0.1340598127891639,-0.1253674346661383,0.8487763908974869
0.26974102086639307,-0.09893217423083156,1.7130300956113207
0.5739065036838471,-0.05203506896992305,2.9416489432471336
0.3545975139907269,-0.08155501551088962,2.1074499992920983
0.33398881217421517,-0.11297661717375296,1.9273650488940124
0.18161083233249542,-0.07537696978054798,1.21437732899999
0.21497654790932264,-0.11207276176363667,1.4784320054078748
0.1686444037580348,-0.07814777881294899,1.0470788750087605
0.2200952626020889,-0.11844359555869455,1.3772890605952588
0.2522181150861329,-0.07996403285853992,1.5050132418044757
0.24728798171967625,-0.06594440025182047,1.4891686163186324
0.09876937893823579,-0.1503914535179487,0.720608660698844
0.4089875733608719,-0.07135585668801425,2.143265499772106
0.3776472001580231,-0.11776098946449487,2.0251246884911023
0.27335269390235295,-0.09054285507457016,1.7449725884345222
0.3654797358280417,-0.09045970409985038,2.0218909418203808
0.2700454535233179,-0.07234548585315215,1.5599778160967266
0.28462234950138043,-0.08376712205052184,1.8902216026189023
0.3909185760911593,-0.09110494735945895,2.0847935984329236
0.3077498449864555,-0.11796316632536985,1.6946436470959008
0.34418680661416556,-0.09054285507457116,1.973594888967373
0.2329395420196092,-0.09179183905777477,1.4406305643450505
0.32120110097492094,-0.10062981491622469,1.74734887789427
0.23940957477114688,-0.12252646468656614,1.5258417749561992
0.32849616696833417,-0.12098161309797872,1.8190023309069225
0.18486341499716485,-0.09255139107448906,1.1361188086358418
0.4259285881030137,-0.0905428550745705,2.2058131196924484
0.22569126919315452,-0.1271933210580768,1.5020677987662763
0.3320917722558303,-0.10656841531302985,2.0751442311387067
0.32323280805658894,-0.07951731321184252,1.7598188880623247
0.49980042051930473,-0.08331068857108681,2.605848966146975
0.20872755302751078,-0.090382347878179,1.3692267813346897
0.3617471124948741,-0.0985772376292049,1.9637875165927525
0.5506543978640341,-0.0865495694235241,2.6593058849264755
0.45737064233974234,-0.09949077083338953,2.404263587812312
0.24245165470393082,-0.09114162178278062,1.6092253323703831
0.2213802276690786,-0.09502672072495799,1.4364895953772887
0.25899733819149895,-0.10680289918678265,1.3992300625192169
0.34985854451482257,-0.0905428550745705,1.8840046388432001
0.30326398372838836,-0.06594440025181969,1.8275971412492655
0.2266711931271943,-0.10137039722025287,1.3446149750750924
0.12712353221634975,-0.12061566155787895,0.8543726809622059
0.15861899201650576,-0.07892004857889057,1.088524226855002
0.33263536880811295,-0.12206393998773057,1.759243717615374
0.18922418722055823,-0.07688599718994793,1.1744911518319325
0.34985447127439695,-0.07424084072915604,1.912154521530594
0.3152785669984477,-0.11173200501736735,2.0111783420580625
0.4565636969324396,-0.06862584963361984,2.207674707896676
0.26126503077389485,-0.15243406977540241,1.4803721182739822
0.5422176739200002,-0.08139003559254587,2.56678238936807
0.3281664591433169,-0.11103247270657302,1.8930641369908927
0.37324471715321184,-0.06168761020694258,2.1087713068612257
0.2635799282062101,-0.10633584692286768,1.4965171462124314
0.22831893165639383,-0.08235635160234356,1.4481533682819692
0.2671332272039615,-0.10601355683901248,1.610166719887841
0.16449234897253895,-0.14202932574055338,1.047035832008879
0.35900389734022675,-0.1058616931739712,1.9100590099462431
0.31825893994162513,-0.09054285507457105,1.6941494642540131
0.21725025298619594,-0.11034733515558015,1.2797759586475563
0.3154867089682396,-0.06600866201911071,1.8513828421808367
0.2547470906215157,-0.08519527801966298,1.6022646399477543
0.34091397509624866,-0.06925872725754567,2.08158947936199
0.2732712147136098,-0.09265857202283634,1.734423116612241
0.21390490644195737,-0.09054285507457072,1.4188425396798077
0.3046223246530495,-0.0905428550745705,1.6200703638553784
0.16798063811843544,-0.11689278099964606,1.1139029529275786
0.3172813143659663,-0.10174760555014217,1.8133427484732536
0.2533247755089434,-0.09638800668831171,1.495718826369698
0.2574660890962399,-0.1423147418631302,1.6196527090742938
0.3433577849210867,-0.09529728790092729,2.0773464149823817
0.32583605508106817,-0.1230672914252956,1.7790319001511143
0.3808905071911719,-0.09054285507457105,2.05122674713403
0.4504664492411987,-0.08213433185293928,2.3110306375219936
0.336887784906978,-0.09054285507457016,1.8264856052069012
0.5164394836040966,-0.09054285507457027,2.633056374188576
0.2916197985704234,-0.08861108317917632,1.7718659817961566
0.2544823554172311,-0.0935629907019736,1.6044315430127756
0.31159686325101466,-0.10997372785577342,1.7349516370113296
0.24749842890420148,-0.09054285507457027,1.4990318855010647
0.3403024598647466,-0.08259895876348666,2.110046183201723
0.37214340208597063,-0.07908495451890074,2.0805993296603185
0.24752624027758063,-0.07578915055821389,1.8381736801379152
0.3416558109293766,-0.06594440025181936,1.9291659366584437
0.26020643831150236,-0.07954972985663855,1.5741271254677567
0.22345464199502074,-0.08171068592170505,1.446184680766522
0.17412223326075105,-0.1269559701980607,1.1265004768355977
0.11374979694840848,-0.13503127452494312,0.7853832322157405
0.21658864390800958,-0.09616181837576976,1.3169521965984008
0.33713555040911647,-0.11348873301694329,1.8340784813209574
0.316762140055991,-0.09588800520658647,1.8742054774813326
0.170039599833689,-0.14100269706063706,1.1668688629625084
0.37820056250314327,-0.11101207409944203,2.017924167886092
0.36217279553537995,-0.09054285507457027,1.8766136999146625
0.3025551508260613,-0.09229364959734787,1.6806080191885906
0.26248622301394997,-0.07873504428526168,1.561408996427148
0.13680919339802156,-0.08997125823094332,0.9893140587151533
0.41282991979834627,-0.08758450804635376,2.2775294546205096
0.2507403807787898,-0.0870067153634888,1.4953484922143823
0.14678377914209872,-0.13873923508637587,0.9541387629647949
0.21893151164333324,-0.10253871040602658,1.3177549976992982
0.36362276035158936,-0.08477802611833762,2.0907826122547326
0.3169370077566167,-0.07326967663828732,1.9534581428304942
0.20536965899887694,-0.11167853373625136,1.2337039703788688
0.2400769155611564,-0.12219913833261753,1.4186546058625185
0.6640585471521241,-0.07226206514025513,3.086544197096138
0.20220992005899374,-0.09054285507457005,1.392243672390923
0.2708654894865279,-0.0763557222886706,1.5579118832562355
0.3463045304457948,-0.06925872725754523,1.9981926427730712
0.3297087596707846,-0.0708569998572739,1.9986407461469653
0.39709820654330397,-0.08770192924759046,1.9796804835917134
0.18548802107393336,-0.1003663201904561,1.205852341197538
0.33190787080350037,-0.10313374807174625,1.9723913691705814
0.26412830802907594,-0.10348027613640398,1.593341312926986
0.2629697220393643,-0.09054285507457027,1.5101584862526747
0.19032663554583573,-0.13150012324709026,1.164183563483091
0.1890408898985858,-0.0905428550745705,1.2099157228850692
0.3370571957314723,-0.09054285507457072,1.9491331762433488
0.2841036675389852,-0.08512712523466825,1.6832214462486077
0.27037874654062244,-0.10469715001384106,1.5275935473105198
0.25321685954979833,-0.06830231966728773,1.5611731862563436
0.23746022809703904,-0.08706278598861439,1.4315837954819743
0.281949297994484,-0.09855447243118798,1.673064592000454
0.3382317363044409,-0.10622751244506856,1.9457067586354038
0.2361352825494203,-0.07775814603640019,1.367093632691025
0.2436622006608966,-0.10723786945422187,1.5727133209392807
0.2791740872028552,-0.07685438471396944,1.6951531221356257
0.260719181967233,-0.08414924436292814,1.5447535388512041
0.19534340806830208,-0.1265918694760606,1.3409451692231098
0.1614134379619836,-0.09882267322552818,1.0229865023359632
0.48430480691572964,-0.09054285507456994,2.316448890542301
0.3777493223564725,-0.0905428550745705,1.9881887831273084
0.3143840273234393,-0.09340475007556015,1.759582065424176
0.22021661967383444,-0.10229830463823442,1.2556775853427844
0.4527485411807408,-0.08580373277246856,2.421810786727882
0.14341262115598497,-0.11446369305938331,0.9835657406667133
0.2873122692213754,-0.09719722662936647,1.853468298716425
0.35425188743561664,-0.06426921228125781,2.1219997879557044
0.4006367572312144,-0.1407017287480926,2.2298822002049734
0.3067521216962765,-0.0956267950155798,1.7893814062872335
0.2099928432702891,-0.10688534796773308,1.4220496512249259
0.21414911687145022,-0.10109063186860368,1.393666539637516
0.3260880551653298,-0.0905428550745705,1.830780498887302
0.30351862496718196,-0.08908569262290333,1.7148846104523936
0.23650837038297068,-0.11188943381246819,1.5176419436479274
0.2636130361231235,-0.1466446324579963,1.5612545366805388
0.2830875174518779,-0.1000528013085612,1.5672507251255612
0.18884477168748104,-0.09595002735485647,1.1827975168558353
0.20625785743012526,-0.09806892898663466,1.2885919682025047
0.3394112372396043,-0.10099528859088469,1.8685096979652875
0.30592935547858957,-0.12271672115570387,1.7430654619193167
0.3242169397453887,-0.11542951683133373,2.0925673594171164
0.3533895347590339,-0.09728159981419227,1.9012491941598102
0.23956412841821817,-0.099028979876851,1.475705598149609
0.19499417825275756,-0.08791969289882451,1.2629307201366684
0.30240605237287177,-0.08774676990835573,1.6203861858380348
0.1755707530824906,-0.10418614687167438,1.207008334564217
0.2533834940235904,-0.09054285507457105,1.37166687459642
0.32770312405212243,-0.07364155623552582,1.9945037891740582
0.1324915034358185,-0.09879683206743506,0.9282459420488756
0.3083558904575152,-0.0905428550745706,1.740446421133473
0.13946500955511731,-0.10447311207885013,0.9258905810250674
0.28718252570702507,-0.09197779259691563,1.6408750175999818
0.1828608183841025,-0.09661576169699815,1.1301016028083883
0.35856710109393575,-0.09049626297432944,1.9199583504029674
0.22622036338805396,-0.08408441974308778,1.456390081586793
0.25385544918239766,-0.06801537903395627,1.6266188397092933
0.18724474264610302,-0.08006061079293303,1.2468348060130388
0.2196085678736175,-0.10180829721017992,1.270766444135134
0.26218261152957956,-0.08292054142263927,1.5245030862093003
0.39277199389308004,-0.11011300708088445,2.2362357005135705
0.2807281187262378,-0.08338535911532596,1.6216940119044283
0.4855101532355479,-0.09319741398914083,2.3756288215499555
0.3008225457607321,-0.12306729142529638,1.6784105861629255
0.5084985289023816,-0.09383239016958089,2.5936610815016956
0.22840795722672214,-0.09244090512505154,1.3103888045742216
0.2605874907124075,-0.10576125906611844,1.4839081213378722
0.044495935223791916,-0.11754182907723898,0.3624703075456635
0.22632767369795914,-0.09267230567836782,1.4222785289730455
0.2728895610323039,-0.11935066944300021,1.6289869873116798
0.1724904948474053,-0.09054285507457094,1.130517918701523
0.2225924672833608,-0.0819487807820709,1.423027211913132
0.23796518676292355,-0.0820090449748423,1.4070282481216425
0.12048269446009652,-0.10700477491200056,0.8260309363939374
0.252813083513975,-0.1112588200107979,1.5659772453432117
0.2142603597522832,-0.10125484246132166,1.4551122725496468
0.2125356685496156,-0.11157697337716455,1.356459781173604
0.37659811264777976,-0.09298417759814837,2.0301834446281024
0.2846455802973553,-0.1006124937117554,1.6509967568793695
0.2545520783036459,-0.07781511982115685,1.6938336353337207
0.40142216717250045,-0.08812313991291187,2.1610669416615065
0.2832241398361892,-0.11348873301694318,1.6999994071214073
0.3701966137074708,-0.07397859678203622,2.1619053340275523
0.33568865784554136,-0.09028492134575428,1.739136643079366
0.28632588039539497,-0.10036229166374011,1.5625551684759937
0.19105821299206882,-0.09030070392643574,1.220089148235509
0.3608115890122645,-0.09528290977973941,2.0396930283495074
0.2738135482714472,-0.07089653141434049,1.8087326190826838
0.36070228612930366,-0.12348607203098394,1.9949106546231647
0.23003426691998796,-0.09726357693985643,1.4022560540737707
0.2367675280454229,-0.13127003016451677,1.4557609695733562
0.305249497942635,-0.06977898436506191,1.8532446471650639
0.21113683412464757,-0.08129363526859934,1.2832213591074288
0.16682855030044075,-0.11000321081599507,1.124223881141127
0.21427562703192216,-0.08368557868367932,1.3417489529932873
0.25856290829224826,-0.09521690069192035,1.589294991627089
0.20289584287328566,-0.11900933541516079,1.2779003422124875
0.4526408999158691,-0.09001143175675486,2.2783112522547277
0.21030514179077775,-0.10842103950647308,1.2833051401622542
0.3165679745052188,-0.08654925882776388,1.8687832634476873
0.22036596674932651,-0.14182182318281267,1.3317204678527956
0.18311914689000997,-0.0905428550745706,1.175348611202925
0.26693328836808816,-0.10558917004358925,1.5742673559219538
0.30432402146288995,-0.10235990554587104,1.6893154390060903
0.2867937860854559,-0.12670857397230162,1.6749744495673171
0.2632309052054802,-0.07017591862091765,1.542366950268512
0.2792931609467937,-0.08033114540562125,1.6083227849039936
0.34588828496717827,-0.12920571282164817,1.8151858395694966
0.23154190118371898,-0.09054285507457083,1.4156475376816398
0.39311595308330305,-0.08542066395394166,2.0490986728692233
0.474940294291589,-0.10662677641768503,2.4667964892356156
0.12667835599867505,-0.08965291912541162,0.8587307826517498
0.24339549629652524,-0.1053963278577652,1.4742227562785433
0.2721792799258451,-0.09942221771313209,1.6514352194354387
0.2465731233203714,-0.10003063749355112,1.5197715558221092
0.31413067678688544,-0.12081290047806104,1.77492184097695
0.2878027332245652,-0.07570745099387954,1.7992626370494273
0.26996897902436956,-0.0905428550745706,1.526392200792294
0.393697636857822,-0.09326249096204942,2.0266979861484193
0.29003889363204816,-0.09054285507457105,1.6391904800862076
0.3162305818965332,-0.11474221279208952,1.648194255377514
0.2876246854441298,-0.06334796325057412,1.8447225812486987
0.3880485362973656,-0.09921056451684629,1.9813234279051857
0.27176193946472393,-0.10110605965333475,1.6304848656749729
0.25693928840618163,-0.11245513637820981,1.5956028789587198
0.42554725321729814,-0.1025151228502944,2.4291089658642573
0.182822425005442,-0.11944735110556703,1.142193084408491
0.18922533474677228,-0.11445169413107725,1.1303079610540063
0.29192719375522413,-0.0672177867917052,1.7396647693943164
0.6022877939799971,-0.0751347719646197,3.108041398364456
0.3260662247636339,-0.07486472360484464,1.9742585744776833
0.3716847877678171,-0.09496276282030514,2.2054506300636803
0.19912760981454047,-0.08833009585692708,1.2774552728460027
0.14790030327681758,-0.08547817791038292,0.9313088257894174
0.32691249120368804,-0.08939613104649846,1.9535113296299154
0.4447401677635954,-0.0726262345834291,2.2798149338830473
0.2799391588822324,-0.09054285507457072,1.6462114035283344
0.34590182544235537,-0.08838450539936404,2.112186106829752
0.3131731064019525,-0.10909367025193173,1.7679488332405298
0.23809142766821045,-0.11064144216625293,1.3940972048473155
0.2533597794406348,-0.11397585912679464,1.5115709633179628
0.23243953921580363,-0.09348388718019329,1.4391374506617973
0.29785836434110347,-0.12212338163405134,1.7706072188663908
0.19645650977234008,-0.10501324971650705,1.314816885323816
0.2841407171499477,-0.10988135502109542,1.5607380748185042
0.30648889661650447,-0.09294558730830516,1.7980794345155886
0.34251699256728485,-0.09505159333989133,1.8630885664685568
0.3147636695288307,-0.09673254688295285,1.7840835673125597
0.26825924237088006,-0.09207131223376808,1.569115458678257
0.2102610603068089,-0.10820504419650934,1.3131709098874542
0.30049493880428124,-0.1287580006543504,1.834353901094878
0.36094738587491926,-0.08972418414472216,2.0569807007261143
0.27210631463630963,-0.10654599608358839,1.5518163147846395
0.1278023317748198,-0.11368313481407732,0.9577515057752097
0.25676984111520285,-0.09054285507457027,1.6231408587636642
0.10876999876078686,-0.12337680868109757,0.7493005761137783
0.1940891247774239,-0.12821927724330096,1.2592595137992355
0.34244990731064595,-0.12434497765080821,1.967149900793715
0.4140216760217921,-0.10340243957800044,2.1709884403826467
0.4175773398857141,-0.10544954590034927,2.312951573648384
0.3048220050829251,-0.09637544613234461,1.63641653952333
0.38099461891513164,-0.10368055269433396,2.102861440708804
0.1301350136523891,-0.09368721839404381,0.9775034732164054
0.3807535518626657,-0.09408175561633425,2.200871187448789
0.41894766861804644,-0.08291887617292215,2.2060369716741146
0.3011057954149865,-0.09054285507457094,1.7346344451069342
0.2904852494774599,-0.13367348225168274,1.85904441231975
0.25475557098803825,-0.09070200911099624,1.4650232995162582
0.24404942307734845,-0.10268278330201852,1.4209717090904275
0.2077002091324356,-0.08943552821492218,1.3056842996478069
0.3787252365171696,-0.08081942972964407,2.1003600538177642
0.3033139280032644,-0.10806571377334973,1.676079274549444
0.25123298785959736,-0.09054285507457027,1.535209977004239
0.2746543266292816,-0.0659444002518198,1.5858585278282333
0.32351371366823023,-0.09914436132980764,1.9663931364477207
0.35757765035593425,-0.07499076534374294,1.9523269441395747
0.43803766774615793,-0.10040750044226976,2.4167632206192176
0.3985379118366359,-0.09181566799327134,2.122176115698035
0.264042102371546,-0.10104949440163835,1.5390360228114837
0.27876627591404035,-0.06594440025181969,1.6323364020103688
0.4387725392076207,-0.09054285507457016,2.1717051444038886
0.12183156134667139,-0.1024052094833583,0.8632854285384566
0.26967246830319813,-0.1049583544754108,1.58436946128688
0.3075520390124211,-0.08263226603062068,1.7580590228385193
0.17756262807980594,-0.11938556545710066,1.0866563089846857
0.3121486023397182,-0.10178059429228559,1.8925859743884028
0.33119671107012216,-0.09547585771866995,1.9876081839213748
0.32493239488642733,-0.09049677703950643,1.8714004428113757
0.296878895119981,-0.12196252441662425,1.5337815045004548
0.36268474230524217,-0.08395041841650486,1.964976019483348
0.17590750522821041,-0.0992493497489676,1.140502299827
0.1906970712464089,-0.11325157416284515,1.1879102253966627
0.4551521374674208,-0.09619042900587804,2.444741083966118
0.3191783847060705,-0.09674298542477,1.7905841503316609
0.09019821029869735,-0.10821611741062054,0.6748897649632147
0.3017395698918177,-0.13095565387703278,1.8308702075077647
0.3153777714236208,-0.08202770070737009,2.0178783847319117
0.3112750871859975,-0.08182563149846811,1.8294821147645937
0.1841849695220361,-0.10330804292553963,1.2064419311801449
0.28351539588150687,-0.10498278709084852,1.5924041440974248
0.28831701208865335,-0.09321409547713766,1.7278457341565436
0.2161550353685464,-0.09267285784837831,1.3185982291737297
0.09671714265825004,-0.07528974758117046,0.659093189476534
0.2584255674630429,-0.09200675365903466,1.5608052366084406
0.25864605443901967,-0.0905428550745706,1.6065474319324324
0.31760138120596126,-0.1933445787249709,1.8870625108624317
0.2968441915213713,-0.11277753478440711,1.836438248776012
0.2816147234045778,-0.10468294736938466,1.5720254286844144
0.19852859823998492,-0.12581189305584295,1.2923703958373096
0.5076168467455613,-0.07776900806964848,2.6044506348367262
0.33385279311832683,-0.12741524675629923,1.8452145833652767
0.2792911919825942,-0.06981385602562795,1.6584250604806343
0.10132060336308313,-0.149324247300621,0.7875310506798445
0.3159492014903056,-0.08770625981214641,1.8209381174347263
0.32988533830072364,-0.09356299070197394,1.8809385171701478
0.2016038978454444,-0.11684620684330016,1.3172838305180123
0.34977929456493473,-0.06938745324269002,2.1202637709716603
0.39948469045682455,-0.06778913924651053,2.138642788179314
0.2469061767764742,-0.1049827870908483,1.5085638188896884
0.4377044140088153,-0.12705431374047083,2.2582371995399693
0.3546067145450644,-0.0724589241859136,2.182790890609742
0.4341893156613619,-0.09541371783988961,2.3960401007801337
0.2308710220296013,-0.08414208748165386,1.3821888973620207
0.3492688909375843,-0.12136094299252886,1.9743817384681466
0.3007865320033385,-0.0676425915358898,1.7234358733953903
0.2436520199182699,-0.0659444002518198,1.4608931763157245
0.3214336948653267,-0.09238326252267393,1.8157559973786974
0.34217420049966774,-0.0793047963578053,1.9867434392074284
0.167424236164885,-0.110791529549924,1.0835461569450782
0.21814416917669344,-0.0779036454983778,1.375186233663193
0.35343395590539717,-0.08201637029666087,1.8445420653580413
0.23859680011659057,-0.10072012838320421,1.5545676590068067
0.3028174763279212,-0.10186647053463782,1.7837157774764623
0.3701504499366095,-0.08273090643344516,2.179725004539801
0.36889346721563454,-0.09810157267012964,1.9042185553147177
0.34697872650041406,-0.09257868416713533,2.0381647985853966
0.22817116212327537,-0.09372554644818987,1.3724660438059104
0.2780293176706021,-0.11148705301639039,1.7367739531543058
0.30436745114460106,-0.09054285507457027,1.7504837363165517
0.14058430672192657,-0.09851778494765151,0.9162345575834615
0.37384570451136034,-0.08437327989055965,2.1656057081469275
0.2563320779768077,-0.09972360105685774,1.5792958449224344
0.3078460447988982,-0.0971217669483917,1.6993834962465748
0.2739392852326079,-0.0852020518602098,1.6002258314611215
0.3147724716318423,-0.0905428550745705,1.705953804268785
0.3574039495952559,-0.08135369330991316,1.877066461032385
0.334322260677401,-0.106933598580911,1.835676772236102
0.26282245359136924,-0.08496189181017078,1.6695208232565295
0.4574761151841653,-0.07701995810348616,2.3602899258540937
0.24770691791602384,-0.09112773577200473,1.540702454809599
0.3640436607814752,-0.07838641892251985,1.9928047658058614
0.21703058779186613,-0.06594440025182036,1.3728113957998394
0.21457308923189178,-0.1135831544866579,1.4625862665377032
0.2650304008448052,-0.10820002638369852,1.517053324494254
0.2649548986913166,-0.09893418563788703,1.581357689868905
0.22649108438478782,-0.0951213505110936,1.374628882368066
0.21382631682771858,-0.0975795105470032,1.3282101314965031
0.25145321601579385,-0.09335479039263361,1.437060938008587
0.28581376284769333,-0.09150236899678699,1.5296790854674585
0.39256955902626145,-0.11472841194581962,2.135016431546453
0.32164631896948004,-0.07407629707614327,1.7118246929076393
0.3518091853324976,-0.09054285507457016,1.9949237574631953
0.2757960087011997,-0.08429147037697027,1.7284674060153726
0.27418960149487526,-0.0905428550745706,1.5351987091578014
0.2895537687173817,-0.07031926791792908,1.6508164541571202
0.17389991309109298,-0.0943016323363326,1.1903663446812542
0.2962613980391773,-0.06820767341072365,1.7564131813634458
0.3090776186272286,-0.09142937766226344,1.7994267452867174
0.3856076077252073,-0.0928642379146345,2.1398364766690703
0.2898035948620621,-0.10364691544248383,1.6854240331594352
0.38321166308969,-0.06281033757306287,2.1158735291244937
0.24537676656874385,-0.10979157499229786,1.5432008124185073
0.2060987099917473,-0.11247424308400533,1.355054805683228
0.3221838775452541,-0.07554477218668143,1.7969330606509741
0.21745909570655897,-0.11761334724622852,1.2265258950948557
0.373279526614968,-0.06852422321026852,2.1572240402056275
0.24276230865119963,-0.10238722859017213,1.4651266508554883
0.14661968294072114,-0.10740988124732986,0.9380804564819035
0.2738903277126945,-0.10205460465228944,1.608453435670687
0.24473226717457774,-0.10068495843790626,1.4490650786851722
0.3739969797653713,-0.09054285507457072,1.9766800873783537
0.20052161324728401,-0.12575081390971554,1.3459701132518633
0.29148093018683174,-0.10761785903469867,1.974336750438314
0.2276440505032442,-0.08890325883443395,1.3329563544445957
0.3225193852583699,-0.07473037584771847,1.661111628339211
0.2866695301455673,-0.09139233326002738,1.740793893788875
0.3023936914623324,-0.08219097887574667,1.7936147898331825
0.29973331418327276,-0.0905428550745705,1.7073581441518713
0.2014435479100034,-0.13866720737233018,1.2873634503927474
0.31799864137603717,-0.11918278054505049,1.862534794124445
0.20927437061697218,-0.07226691797794371,1.2828638319769934
0.3643244614067027,-0.12007523656366714,1.9860918874003874
0.28380153293987953,-0.1183980504031733,1.7399326461049702
0.3436047820230914,-0.09054285507457116,1.8984004239101782
0.227671842972895,-0.1140426073413422,1.3187170054623991
0.24788510626119442,-0.10997372785577253,1.4994857560802912
0.41034647421929793,-0.09691010791528054,2.278425531569967
0.21271885281744574,-0.1488602357890343,1.3665514617534453
0.21918834528752384,-0.10089336975523933,1.394496569088368
0.24404200177708946,-0.07638905491599779,1.5349558342709881
0.20189119417362034,-0.08961189821783755,1.250526297577112
0.21918874346071315,-0.11905654417642308,1.366556180594431
0.3701282868824809,-0.08741468083854265,2.3459792423578834
0.34688866024367515,-0.077854107402486,1.9159378468500394
0.3268311110175497,-0.07255410833854814,1.9701222932283349
0.3206625761803421,-0.09054285507456994,1.8858880964904632
0.3904692459641099,-0.08337075819020345,2.0678305303467006
0.4946712899970114,-0.0893330895877048,2.7176583837781165
0.4127663420908725,-0.09054285507457094,2.2690109227157844
0.18843659821813374,-0.08589388432821654,1.3310579954339603
0.40374267551983367,-0.0905428550745705,2.2044360135590466
0.33153287991001523,-0.1052276063637354,2.02141440065332
0.19209048617546087,-0.10992435732521544,1.1822412225284926
0.2158113093746883,-0.10776445864649487,1.408032816674445
0.2906815693804188,-0.09308513921070127,1.6362902508097057
0.31551030399182123,-0.09054285507457005,1.9069341584472328
0.2629838016033701,-0.11205254330003545,1.476699726280549
0.20622303462326386,-0.09054285507457083,1.2535671370272596
0.4517400162416809,-0.08016699194927446,2.272213345022315
0.4148081518949771,-0.06925872725754545,2.207717708559678
0.09182148995295303,-0.11989780593343713,0.6570975205819009
0.31753795640830673,-0.07689512102602347,1.9171832156008857
0.1976541595042942,-0.1010510383687423,1.1675478955031313
0.40076232291375713,-0.08236222131073001,2.1780505864834443
0.26685535544722616,-0.09206966762904745,1.6171790623252515
0.16453535478246017,-0.1083930429003429,1.0922814272101873
0.3274102439382367,-0.09054285507457072,1.888070227678324
0.17201425601654696,-0.12594415187798702,1.0726975483886076
0.43912705554932807,-0.12390111656135427,2.4264996165192567
0.310190852077997,-0.09879344112116517,1.8248561025121277
0.24648340180116457,-0.11673153602463548,1.4741206286652
0.2974292756720245,-0.10103072913737288,1.762435088899841
0.36704656222170406,-0.106374062506158,2.128363409446414
0.24955740434075224,-0.11061020190663884,1.4450047095340115
0.1022727124150331,-0.11502560214834623,0.796124932168378
0.2879031175818947,-0.08794185636268392,1.7121622390298483
0.2766276483310537,-0.10562326184276938,1.5615573954045945
0.23950905485537088,-0.10223679947362885,1.461509337991682
0.29761132449454,-0.0966873163471107,1.6497667669021565
0.19339382872485222,-0.10416598372136499,1.2617590779738783
0.3026016194952923,-0.07676612545588768,1.7854461486194895
0.44444716599567036,-0.09231124345248776,2.500565083188909
0.36353936898383266,-0.08237268485435434,1.942605960541255
0.207657424148892,-0.10262514405527645,1.3617476319508754
0.3942665354092474,-0.0905428550745706,2.0520958992181133
0.2463884975564683,-0.10451312906219945,1.4906258753548087
0.26809229084792285,-0.0905428550745705,1.761419471142183
0.2739590893705972,-0.09432903981369478,1.6634865292697316
0.40536498402638,-0.07673831615336235,2.0783749784204253
0.2985971176779503,-0.10922718252819175,1.682871112840608
0.2843739331332664,-0.0757360822740093,1.663657596039904
0.2457987517220983,-0.10877250830635166,1.4586488060408918
0.41359722531573073,-0.06802273081187316,2.0949649719095462
0.29312245438327533,-0.09251744159535802,1.7517287714744887
0.25383435949382416,-0.08890650257195354,1.6627154374843545
0.2956816878090103,-0.07896340064065344,1.739351444395911
0.2944706215205448,-0.12914375418297963,1.8045813964740378
0.13665935111630545,-0.13307470624681683,0.9236097486126618
0.40280962887907545,-0.09054285507457038,2.1127892783741746
