profile,symbol,side,start,end,bars,gross_contribution,cost,net_contribution,profile_name,sample,holding_days,entry_weight,average_abs_weight,maximum_abs_weight,status,result
risk20,BTC,long,2021-09-03 20:00:00+00:00,2021-09-04 04:00:00+00:00,3,-0.0006759468799431572,6.560499418691997e-05,-0.0007415518741300771,20% target-vol,development,0.5,0.06432279138064746,0.054170912614759266,0.06560499418691997,closed,loss
risk24,BTC,long,2021-09-03 20:00:00+00:00,2021-09-04 04:00:00+00:00,3,-0.0008111362559317884,7.872599302430394e-05,-0.0008898622489560923,24% target-vol,development,0.5,0.07718734965677695,0.06500509513771112,0.07872599302430394,closed,loss
risk20,BTC,long,2021-09-06 00:00:00+00:00,2021-09-07 20:00:00+00:00,12,-0.013351848775582383,0.0003656306926814351,-0.013717479468263818,20% target-vol,development,2.0,0.07081632606450587,0.294258984507401,0.36371446732598806,closed,loss
risk24,BTC,long,2021-09-06 00:00:00+00:00,2021-09-07 20:00:00+00:00,12,-0.016022218530698854,0.0004387568312177227,-0.016460975361916576,24% target-vol,development,2.0,0.08497959127740705,0.3531107814088812,0.43645736079118563,closed,loss
risk20,BTC,long,2021-09-15 20:00:00+00:00,2021-09-16 20:00:00+00:00,7,-0.0005092167514497514,2.9602014444547865e-05,-0.0005388187658942993,20% target-vol,development,1.1666666666666667,0.028595066961801318,0.02882212011557375,0.029600838300673147,closed,loss
risk24,BTC,long,2021-09-15 20:00:00+00:00,2021-09-16 20:00:00+00:00,7,-0.0006110601017397015,3.552241733345744e-05,-0.000646582519073159,24% target-vol,development,1.1666666666666667,0.03431408035416157,0.03458654413868849,0.03552100596080777,closed,loss
risk20,BTC,long,2021-09-18 16:00:00+00:00,2021-09-19 04:00:00+00:00,4,-0.0003948037196238044,5.234122231970307e-05,-0.0004471449419435075,20% target-vol,development,0.6666666666666666,0.052265773515931806,0.045798937769396905,0.05234122231970307,closed,loss
risk24,BTC,long,2021-09-18 16:00:00+00:00,2021-09-19 04:00:00+00:00,4,-0.0004737644635485653,6.280946678364368e-05,-0.000536573930332209,24% target-vol,development,0.6666666666666666,0.06271892821911816,0.054958725323276274,0.06280946678364369,closed,loss
risk20,BTC,short,2021-09-29 04:00:00+00:00,2021-09-29 04:00:00+00:00,1,-0.0040059144810716835,0.00014181902543591586,-0.0041477335065075996,20% target-vol,development,0.16666666666666666,-0.14181902543591585,0.14181902543591585,0.14181902543591585,closed,loss
risk24,BTC,short,2021-09-29 04:00:00+00:00,2021-09-29 04:00:00+00:00,1,-0.00480709737728602,0.00017018283052309903,-0.004977280207809119,24% target-vol,development,0.16666666666666666,-0.17018283052309902,0.17018283052309902,0.17018283052309902,closed,loss
risk20,BTC,short,2021-09-30 00:00:00+00:00,2021-09-30 00:00:00+00:00,1,-0.0009332282019892747,0.0001150885731328662,-0.001048316775122141,20% target-vol,development,0.16666666666666666,-0.1150885731328662,0.1150885731328662,0.1150885731328662,closed,loss
risk24,BTC,short,2021-09-30 00:00:00+00:00,2021-09-30 00:00:00+00:00,1,-0.0011198738423871296,0.00013810628775943944,-0.001257980130146569,24% target-vol,development,0.16666666666666666,-0.13810628775943945,0.13810628775943945,0.13810628775943945,closed,loss
risk20,BTC,long,2021-10-06 00:00:00+00:00,2021-10-06 00:00:00+00:00,1,0.0005826221008428701,0.00017916599392742597,0.0004034561069154441,20% target-vol,development,0.16666666666666666,0.17916599392742596,0.17916599392742596,0.17916599392742596,closed,win
risk24,BTC,long,2021-10-06 00:00:00+00:00,2021-10-06 00:00:00+00:00,1,0.0006991465210114442,0.0002149991927129112,0.000484147328298533,24% target-vol,development,0.16666666666666666,0.2149991927129112,0.2149991927129112,0.2149991927129112,closed,win
risk20,BTC,long,2021-10-06 20:00:00+00:00,2021-10-08 16:00:00+00:00,12,-0.0031477647905678507,0.0001754727134632026,-0.003323237504031053,20% target-vol,development,2.0,0.17109183273555797,0.11190871491523037,0.17470921521145807,closed,loss
risk24,BTC,long,2021-10-06 20:00:00+00:00,2021-10-08 16:00:00+00:00,12,-0.003777317748681421,0.00021056725615584314,-0.003987885004837264,24% target-vol,development,2.0,0.20531019928266955,0.13429045789827646,0.20965105825374963,closed,loss
risk20,BTC,long,2021-10-11 12:00:00+00:00,2021-10-13 12:00:00+00:00,13,-0.004770478941450937,0.00014419581981355494,-0.004914674761264492,20% target-vol,development,2.1666666666666665,0.04909033516504197,0.09828354651887918,0.14393301777205128,closed,loss
risk24,BTC,long,2021-10-11 12:00:00+00:00,2021-10-13 12:00:00+00:00,13,-0.005724574729741125,0.00017303498377626593,-0.005897609713517391,24% target-vol,development,2.1666666666666665,0.05890840219805037,0.117940255822655,0.17271962132646154,closed,loss
risk20,BTC,long,2021-10-14 04:00:00+00:00,2021-10-16 16:00:00+00:00,16,0.0074665920082254995,0.00021074817320140195,0.007255843835024097,20% target-vol,development,2.6666666666666665,0.026266918661500365,0.11446837143348612,0.18616198757349026,closed,win
risk24,BTC,long,2021-10-14 04:00:00+00:00,2021-10-16 16:00:00+00:00,16,0.0089599104098706,0.00025289780784168236,0.008707012602028918,24% target-vol,development,2.6666666666666665,0.03152030239380043,0.13736204572018335,0.22339438508818832,closed,win
risk20,BTC,long,2021-10-20 04:00:00+00:00,2021-10-21 04:00:00+00:00,7,0.0005652209666671782,4.99263119028322e-05,0.0005152946547643461,20% target-vol,development,1.1666666666666667,0.04988321004684604,0.04962398428489228,0.04992631190283219,closed,win
risk24,BTC,long,2021-10-20 04:00:00+00:00,2021-10-21 04:00:00+00:00,7,0.0006782651600006136,5.991157428339863e-05,0.0006183535857172149,24% target-vol,development,1.1666666666666667,0.05985985205621524,0.05954878114187074,0.059911574283398626,closed,win
risk20,BTC,long,2021-11-08 08:00:00+00:00,2021-11-11 04:00:00+00:00,18,-0.0019522338556127831,0.00012283266985853604,-0.002075066525471319,20% target-vol,development,3.0,0.013173823844341423,0.10363400073240087,0.12064506373439969,closed,loss
risk24,BTC,long,2021-11-08 08:00:00+00:00,2021-11-11 04:00:00+00:00,18,-0.0023426806267353418,0.00014739920383024328,-0.002490079830565585,24% target-vol,development,3.0,0.01580858861320973,0.12436080087888102,0.1447740764812796,closed,loss
risk20,BTC,long,2021-12-01 20:00:00+00:00,2021-12-02 00:00:00+00:00,2,-0.001217263472270635,4.761956670892875e-05,-0.0012648830389795638,20% target-vol,development,0.3333333333333333,0.04761956670892875,0.047197430308983254,0.04761956670892875,closed,loss
risk24,BTC,long,2021-12-01 20:00:00+00:00,2021-12-02 00:00:00+00:00,2,-0.001460716166724762,5.714348005071449e-05,-0.0015178596467754764,24% target-vol,development,0.3333333333333333,0.05714348005071449,0.0566369163707799,0.05714348005071449,closed,loss
risk20,BTC,short,2021-12-04 12:00:00+00:00,2021-12-17 16:00:00+00:00,80,-0.0064240801408876076,0.0003508930130371711,-0.006774973153924778,20% target-vol,development,13.333333333333334,-0.22355641347039246,0.11891708983416675,0.22355641347039246,closed,loss
risk24,BTC,short,2021-12-04 12:00:00+00:00,2021-12-17 16:00:00+00:00,80,-0.0077088961690651246,0.0004210716156446053,-0.00812996778470973,24% target-vol,development,13.333333333333334,-0.268267696164471,0.1427005078010001,0.268267696164471,closed,loss
risk20,ETH,short,2021-12-13 20:00:00+00:00,2021-12-14 12:00:00+00:00,5,-0.00025453044155752957,1.8302388469218512e-05,-0.0002728328300267481,20% target-vol,development,0.8333333333333334,-0.009146497137727519,0.016320701163231775,0.018302388469218514,closed,loss
risk24,ETH,short,2021-12-13 20:00:00+00:00,2021-12-14 12:00:00+00:00,5,-0.0003054365298690355,2.1962866163062214e-05,-0.0003273993960320977,24% target-vol,development,0.8333333333333334,-0.01097579656527302,0.019584841395878134,0.021962866163062214,closed,loss
risk20,ETH,short,2021-12-14 20:00:00+00:00,2021-12-15 04:00:00+00:00,3,-0.00033386937287440007,1.831875669179486e-05,-0.00035218812956619493,20% target-vol,development,0.5,-0.018272805840616066,0.018272201735870842,0.018318756691794856,closed,loss
risk24,ETH,short,2021-12-14 20:00:00+00:00,2021-12-15 04:00:00+00:00,3,-0.00040064324744928,2.1982508030153828e-05,-0.0004226257554794338,24% target-vol,development,0.5,-0.021927367008739276,0.021926642083045008,0.021982508030153825,closed,loss
risk20,ETH,long,2021-12-16 04:00:00+00:00,2021-12-17 04:00:00+00:00,7,-0.00046972021850873115,3.310478462204758e-05,-0.0005028250031307788,20% target-vol,development,1.1666666666666667,0.03259928845813639,0.032967361249769137,0.03307107262414256,closed,loss
risk24,ETH,long,2021-12-16 04:00:00+00:00,2021-12-17 04:00:00+00:00,7,-0.0005636642622104775,3.9725741546457096e-05,-0.0006033900037569345,24% target-vol,development,1.1666666666666667,0.03911914614976366,0.03956083349972296,0.039685287148971064,closed,loss
risk20,BTC,short,2021-12-18 00:00:00+00:00,2021-12-19 08:00:00+00:00,9,-0.001839691030963639,8.078764774033633e-05,-0.0019204786787039754,20% target-vol,development,1.5,-0.03900086219666986,0.07436501521128042,0.08046775656766639,closed,loss
risk24,BTC,short,2021-12-18 00:00:00+00:00,2021-12-19 08:00:00+00:00,9,-0.0022076292371563657,9.694517728840358e-05,-0.0023045744144447695,24% target-vol,development,1.5,-0.046801034636003824,0.08923801825353649,0.09656130788119965,closed,loss
risk20,BTC,short,2021-12-20 00:00:00+00:00,2021-12-21 04:00:00+00:00,8,-0.001428287066551159,0.00010463800933750081,-0.0015329250758886598,20% target-vol,development,1.3333333333333333,-0.051512006286640356,0.0656993844334108,0.10303164888664655,closed,loss
risk24,BTC,short,2021-12-20 00:00:00+00:00,2021-12-21 04:00:00+00:00,8,-0.001713944479861391,0.00012556561120500095,-0.001839510091066392,24% target-vol,development,1.3333333333333333,-0.061814407543968435,0.07883926132009297,0.12363797866397584,closed,loss
risk20,ETH,short,2021-12-20 12:00:00+00:00,2021-12-21 16:00:00+00:00,8,-0.0006530604121313116,0.00014032301995972455,-0.0007933834320910362,20% target-vol,development,1.3333333333333333,-0.03823175598355943,0.06846749718442688,0.14017734024132372,closed,loss
risk24,ETH,short,2021-12-20 12:00:00+00:00,2021-12-21 16:00:00+00:00,8,-0.000971468876226061,0.00014035215590340472,-0.0011118210321294656,24% target-vol,development,1.3333333333333333,-0.045878107180271306,0.07515529274239084,0.14017734024132372,closed,loss
risk20,ETH,short,2021-12-22 16:00:00+00:00,2021-12-22 16:00:00+00:00,1,0.0003700993036255348,7.036790960697785e-05,0.00029973139401855695,20% target-vol,development,0.16666666666666666,-0.07036790960697785,0.07036790960697785,0.07036790960697785,closed,win
risk24,ETH,short,2021-12-22 16:00:00+00:00,2021-12-22 16:00:00+00:00,1,0.0003700993036255348,7.036790960697785e-05,0.00029973139401855695,24% target-vol,development,0.16666666666666666,-0.07036790960697785,0.07036790960697785,0.07036790960697785,closed,win
risk20,ETH,long,2021-12-24 04:00:00+00:00,2021-12-24 04:00:00+00:00,1,-9.183394634024369e-05,1.996934262356535e-05,-0.00011180328896380904,20% target-vol,development,0.16666666666666666,0.01996934262356535,0.01996934262356535,0.01996934262356535,closed,loss
risk24,ETH,long,2021-12-24 04:00:00+00:00,2021-12-24 04:00:00+00:00,1,-0.00011020073560829241,2.3963211148278414e-05,-0.00013416394675657084,24% target-vol,development,0.16666666666666666,0.023963211148278415,0.023963211148278415,0.023963211148278415,closed,loss
risk20,ETH,short,2021-12-25 12:00:00+00:00,2021-12-26 00:00:00+00:00,4,-0.0009610711983924828,0.00011255407670225133,-0.001073625275094734,20% target-vol,development,0.6666666666666666,-0.06998755207394251,0.10157867212766726,0.11255407670225132,closed,loss
risk24,ETH,short,2021-12-25 12:00:00+00:00,2021-12-26 00:00:00+00:00,4,-0.0010313544458634058,0.00012093883674442669,-0.0011522932826078325,24% target-vol,development,0.6666666666666666,-0.06998755207394251,0.10782410706517474,0.12093883674442668,closed,loss
risk20,ETH,short,2021-12-26 12:00:00+00:00,2021-12-26 12:00:00+00:00,1,7.14911568237896e-05,4.300822631944022e-05,2.8482930504349383e-05,20% target-vol,development,0.16666666666666666,-0.043008226319440214,0.043008226319440214,0.043008226319440214,closed,win
risk24,ETH,short,2021-12-26 12:00:00+00:00,2021-12-26 12:00:00+00:00,1,8.578938818854752e-05,5.1609871583328256e-05,3.417951660521927e-05,24% target-vol,development,0.16666666666666666,-0.051609871583328255,0.051609871583328255,0.051609871583328255,closed,win
risk20,ETH,short,2021-12-27 16:00:00+00:00,2021-12-30 20:00:00+00:00,20,0.011417330367204928,0.00019995659889615635,0.011217373768308772,20% target-vol,development,3.3333333333333335,-0.12759850193303077,0.12744696957061802,0.1701361777708814,closed,win
risk24,ETH,short,2021-12-27 16:00:00+00:00,2021-12-30 20:00:00+00:00,20,0.013700796440645912,0.00023994791867538756,0.013460848521970523,24% target-vol,development,3.3333333333333335,-0.15311820231963688,0.15293636348474166,0.2041634133250577,closed,win
risk20,BTC,short,2021-12-28 16:00:00+00:00,2021-12-30 20:00:00+00:00,14,0.0012685610706404452,9.413113580407652e-05,0.0011744299348363687,20% target-vol,development,2.3333333333333335,-0.030522458390358498,0.07434608489762454,0.09174395759083674,closed,win
risk24,BTC,short,2021-12-28 16:00:00+00:00,2021-12-30 20:00:00+00:00,14,0.001522273284768534,0.00011295736296489174,0.0014093159218036423,24% target-vol,development,2.3333333333333335,-0.03662695006843019,0.08921530187714946,0.11009274910900407,closed,win
risk20,BTC,short,2022-02-11 04:00:00+00:00,2022-02-15 16:00:00+00:00,28,-0.0006486312899842025,0.00011489605646156327,-0.0007635273464457658,20% target-vol,development,4.666666666666667,-0.11132559380446631,0.06103020008248012,0.11132559380446631,closed,loss
risk24,BTC,short,2022-02-11 04:00:00+00:00,2022-02-15 16:00:00+00:00,28,-0.0007783575479810431,0.000137875267753876,-0.0009162328157349191,24% target-vol,development,4.666666666666667,-0.13359071256535957,0.07323624009897614,0.13359071256535957,closed,loss
risk20,ETH,short,2022-02-11 08:00:00+00:00,2022-02-15 16:00:00+00:00,27,-0.0007309445938856025,7.20645766178748e-05,-0.0008030091705034773,20% target-vol,development,4.5,-0.04712448117671498,0.04718305747440235,0.06920976541397593,closed,loss
risk24,ETH,short,2022-02-11 08:00:00+00:00,2022-02-15 16:00:00+00:00,27,-0.0008771335126627224,8.647749194144974e-05,-0.0009636110046041721,24% target-vol,development,4.5,-0.05654937741205796,0.05661966896928282,0.08305171849677108,closed,loss
risk20,ETH,short,2022-02-16 20:00:00+00:00,2022-02-23 16:00:00+00:00,42,0.009830303418087607,0.00014846619581626287,0.009681837222271344,20% target-vol,development,7.0,-0.04561074726351399,0.06866875837831296,0.08923712521071862,closed,win
risk24,ETH,short,2022-02-16 20:00:00+00:00,2022-02-23 16:00:00+00:00,42,0.011796364101705127,0.0001781594349795153,0.011618204666725612,24% target-vol,development,7.0,-0.054732896716216776,0.08240251005397556,0.10708455025286234,closed,win
risk20,BTC,short,2022-02-17 12:00:00+00:00,2022-02-23 00:00:00+00:00,34,0.0146997592150732,0.0001729392623246951,0.014526819952748505,20% target-vol,development,5.666666666666667,-0.03040443626051692,0.10908135883825353,0.13788461222739676,closed,win
risk24,BTC,short,2022-02-17 12:00:00+00:00,2022-02-23 00:00:00+00:00,34,0.01763971105808784,0.0002075271147896339,0.017432183943298204,24% target-vol,development,5.666666666666667,-0.0364853235126203,0.13089763060590423,0.16546153467287605,closed,win
risk20,ETH,short,2022-02-24 04:00:00+00:00,2022-02-24 16:00:00+00:00,4,0.0026250174719672946,4.15733043689481e-05,0.0025834441675983465,20% target-vol,development,0.6666666666666666,-0.04151897344286066,0.03024798488086376,0.04151897344286066,closed,win
risk24,ETH,short,2022-02-24 04:00:00+00:00,2022-02-24 16:00:00+00:00,4,0.003150020966360753,4.988796524273771e-05,0.003100133001118015,24% target-vol,development,0.6666666666666666,-0.04982276813143279,0.03629758185703651,0.04982276813143279,closed,win
risk20,ETH,short,2022-03-04 04:00:00+00:00,2022-03-09 12:00:00+00:00,33,-0.0016712283108791504,0.00010820346286029642,-0.0017794317737394468,20% target-vol,development,5.5,-0.03679091687932178,0.06360163559168258,0.08600569878959045,closed,loss
risk24,ETH,short,2022-03-04 04:00:00+00:00,2022-03-09 12:00:00+00:00,33,-0.002005473973054984,0.00012984415543235573,-0.00213531812848734,24% target-vol,development,5.5,-0.04414910025518614,0.0763219627100191,0.10320683854750855,closed,loss
risk20,BTC,short,2022-03-04 16:00:00+00:00,2022-03-09 12:00:00+00:00,30,-0.0013300902622750597,0.00013809204655447534,-0.001468182308829535,20% target-vol,development,5.0,-0.024049086542170955,0.0848793486743721,0.11159243955738823,closed,loss
risk24,BTC,short,2022-03-04 16:00:00+00:00,2022-03-09 12:00:00+00:00,30,-0.0015961083147300738,0.00016571045586537047,-0.0017618187705954443,24% target-vol,development,5.0,-0.028858903850605144,0.1018552184092465,0.13391092746886588,closed,loss
risk20,ETH,short,2022-03-10 16:00:00+00:00,2022-03-16 16:00:00+00:00,37,-0.008476911272099898,0.00031138890130358283,-0.008788300173403481,20% target-vol,development,6.166666666666667,-0.06797499609453449,0.08766270486835855,0.18325251717621674,closed,loss
risk24,ETH,short,2022-03-10 16:00:00+00:00,2022-03-16 16:00:00+00:00,37,-0.010172293526519882,0.0003736666815642995,-0.010545960208084182,24% target-vol,development,6.166666666666667,-0.08156999531344138,0.10519524584203024,0.21990302061146014,closed,loss
risk20,BTC,short,2022-03-10 20:00:00+00:00,2022-03-16 04:00:00+00:00,33,8.578701435620132e-05,0.00028612815175941154,-0.00020034113740321021,20% target-vol,development,5.5,-0.16912158850432168,0.1427805630974464,0.24006440319637742,closed,loss
risk24,BTC,short,2022-03-10 20:00:00+00:00,2022-03-16 04:00:00+00:00,33,0.000102944417227437,0.0003433537821112937,-0.0002404093648838567,24% target-vol,development,5.5,-0.20294590620518596,0.17133667571693562,0.28807728383565284,closed,loss
risk20,BTC,long,2022-03-19 20:00:00+00:00,2022-03-20 00:00:00+00:00,2,0.0009818171443750103,0.00015498926272060665,0.0008268278816544036,20% target-vol,development,0.3333333333333333,0.1540334967304776,0.15451137972554213,0.15498926272060665,closed,win
risk24,BTC,long,2022-03-19 20:00:00+00:00,2022-03-20 00:00:00+00:00,2,0.001070496242748902,0.00016900671366527952,0.0009014895290836224,24% target-vol,development,0.3333333333333333,0.16791405363905235,0.16846038365216592,0.16900671366527953,closed,win
risk20,BTC,long,2022-03-20 08:00:00+00:00,2022-03-20 12:00:00+00:00,2,-0.0011132525337661583,0.0001552961150280841,-0.0012685486487942425,20% target-vol,development,0.3333333333333333,0.1552961150280841,0.15529240923583099,0.1552961150280841,closed,loss
risk24,BTC,long,2022-03-20 08:00:00+00:00,2022-03-20 12:00:00+00:00,2,-0.0012139023032412388,0.00016933758867678975,-0.0013832398919180284,24% target-vol,development,0.3333333333333333,0.16933758867678975,0.16933279797614084,0.16933758867678975,closed,loss
risk20,BTC,long,2022-03-22 08:00:00+00:00,2022-03-23 08:00:00+00:00,7,-0.0018888692858538038,0.00013442444174617503,-0.0020232937275999788,20% target-vol,development,1.1666666666666667,0.055820735322838856,0.10984245350938997,0.13390015984820225,closed,loss
risk20,ETH,long,2022-03-22 08:00:00+00:00,2022-04-01 12:00:00+00:00,62,0.015476800440618858,0.0004011173924795597,0.015075683048139298,20% target-vol,development,10.333333333333334,0.12008491822616708,0.11420450656849303,0.18824677073240106,closed,win
risk24,BTC,long,2022-03-22 08:00:00+00:00,2022-03-23 08:00:00+00:00,7,-0.0020535090455357295,0.0001442012473732798,-0.0021977102929090094,24% target-vol,development,1.1666666666666667,0.058312337023576216,0.11715147680893924,0.1437131035898136,closed,loss
risk24,ETH,long,2022-03-22 08:00:00+00:00,2022-04-01 12:00:00+00:00,62,0.018182905113946574,0.0004896179182952395,0.017693287195651334,24% target-vol,development,10.333333333333334,0.15209602317423676,0.13837323608061172,0.22589612487888133,closed,win
risk20,BTC,long,2022-03-24 08:00:00+00:00,2022-03-31 08:00:00+00:00,43,0.014397918306572813,0.00028598835870865375,0.01411192994786416,20% target-vol,development,7.166666666666667,0.059757055970774825,0.1538661515853582,0.20821111193301414,closed,win
risk24,BTC,long,2022-03-24 08:00:00+00:00,2022-03-31 08:00:00+00:00,43,0.017277501967887375,0.00034318603045038434,0.01693431593743699,24% target-vol,development,7.166666666666667,0.07170846716492978,0.18463938190242984,0.2498533343196169,closed,win
risk20,ETH,long,2022-04-02 04:00:00+00:00,2022-04-04 16:00:00+00:00,16,-0.00018789984843901842,7.556842562864187e-05,-0.00026346827406766027,20% target-vol,development,2.6666666666666665,0.0752438199851176,0.07354370927246785,0.07553371757474717,closed,loss
risk24,ETH,long,2022-04-02 04:00:00+00:00,2022-04-04 16:00:00+00:00,16,-8.096795993515972e-05,7.556842562864187e-05,-0.0001565363855638016,24% target-vol,development,2.6666666666666665,0.0752438199851176,0.07316969203099874,0.07553371757474717,closed,loss
risk20,ETH,long,2022-04-05 04:00:00+00:00,2022-04-05 16:00:00+00:00,4,-0.00123829284144488,5.963112259097872e-05,-0.0012979239640358586,20% target-vol,development,0.6666666666666666,0.0378302960433877,0.048730470492379656,0.05963081968646656,closed,loss
risk24,ETH,long,2022-04-05 04:00:00+00:00,2022-04-05 16:00:00+00:00,4,-0.001336348544422894,6.394382434864212e-05,-0.0014002923687715361,24% target-vol,development,0.6666666666666666,0.0378302960433877,0.05088682240098351,0.06394352144412996,closed,loss
risk20,BTC,short,2022-04-08 20:00:00+00:00,2022-04-19 16:00:00+00:00,66,0.020258706489536243,0.0004991315290524173,0.019759574960483826,20% target-vol,development,11.0,-0.3171432886743236,0.23491607514289556,0.36574334326756497,closed,win
risk24,BTC,short,2022-04-08 20:00:00+00:00,2022-04-19 16:00:00+00:00,66,0.02431044778744348,0.0005989578348629009,0.02371148995258058,24% target-vol,development,11.0,-0.3805719464091883,0.2818992901714746,0.43889201192107796,closed,win
risk20,ETH,short,2022-04-11 04:00:00+00:00,2022-04-13 00:00:00+00:00,12,0.0026338729777390466,0.00014687635529013005,0.0024869966224489166,20% target-vol,development,2.0,-0.04753617914386693,0.10436986413176463,0.1430911873111426,closed,win
risk24,ETH,short,2022-04-11 04:00:00+00:00,2022-04-13 00:00:00+00:00,12,0.003160647573286852,0.00017625162634815603,0.002984395946938696,24% target-vol,development,2.0,-0.057043414972640316,0.12524383695811755,0.17170942477337103,closed,win
risk20,ETH,short,2022-04-16 12:00:00+00:00,2022-04-17 16:00:00+00:00,8,-0.002437621319766353,0.00018590212189911306,-0.0026235234416654664,20% target-vol,development,1.3333333333333333,-0.17470739439535313,0.18246172203752542,0.18560996468140536,closed,loss
risk24,ETH,short,2022-04-16 12:00:00+00:00,2022-04-17 16:00:00+00:00,8,-0.002925145583719622,0.0002230825462789356,-0.003148228129998558,24% target-vol,development,1.3333333333333333,-0.20964887327442375,0.21895406644503052,0.2227319576176864,closed,loss
risk20,ETH,short,2022-04-18 00:00:00+00:00,2022-04-18 20:00:00+00:00,6,0.000539613330967862,0.00024479959703154884,0.0002948137339363132,20% target-vol,development,1.0,-0.1871409782874416,0.18485711118151052,0.21048682213296324,closed,win
risk24,ETH,short,2022-04-18 00:00:00+00:00,2022-04-18 20:00:00+00:00,6,0.0006475359971614414,0.0002937595164378586,0.0003537764807235828,24% target-vol,development,1.0,-0.22456917394493,0.22182853341781258,0.2525841865595558,closed,win
risk20,BTC,long,2022-04-19 20:00:00+00:00,2022-04-19 20:00:00+00:00,1,-0.00014441555119422105,5.556056458020368e-05,-0.00019997611577442473,20% target-vol,development,0.16666666666666666,0.05556056458020368,0.05556056458020368,0.05556056458020368,closed,loss
risk24,BTC,long,2022-04-19 20:00:00+00:00,2022-04-19 20:00:00+00:00,1,-0.0001732986614330653,6.667267749624444e-05,-0.00023997133892930976,24% target-vol,development,0.16666666666666666,0.06667267749624443,0.06667267749624443,0.06667267749624443,closed,loss
risk20,BTC,long,2022-04-20 04:00:00+00:00,2022-04-21 04:00:00+00:00,7,0.0008972008892811495,0.00011412024735381724,0.0007830806419273323,20% target-vol,development,1.1666666666666667,0.05740981165628334,0.08710684024746389,0.11320822388020753,closed,win
risk24,BTC,long,2022-04-20 04:00:00+00:00,2022-04-21 04:00:00+00:00,7,0.0009260739546989962,0.00011945148514280153,0.0008066224695561947,24% target-vol,development,1.1666666666666667,0.06889177398754004,0.09204470531871524,0.11835037487827689,closed,win
risk20,BTC,short,2022-04-22 04:00:00+00:00,2022-04-26 08:00:00+00:00,26,-0.004030639577542119,0.00019274090282301218,-0.004223380480365131,20% target-vol,development,4.333333333333333,-0.026671753454968236,0.15687526691786416,0.1923628015382557,closed,loss
risk24,BTC,short,2022-04-22 04:00:00+00:00,2022-04-26 08:00:00+00:00,26,-0.004836767493050544,0.00023128908338761477,-0.005068056576438158,24% target-vol,development,4.333333333333333,-0.03200610414596188,0.18825032030143699,0.23083536184590683,closed,loss
risk20,ETH,short,2022-04-22 20:00:00+00:00,2022-04-29 00:00:00+00:00,38,-0.00012279477173831978,0.0004703750227594071,-0.0005931697944977269,20% target-vol,development,6.333333333333333,-0.25100573696330525,0.1711003093242952,0.26437477078143157,closed,loss
risk24,ETH,short,2022-04-22 20:00:00+00:00,2022-04-29 00:00:00+00:00,38,0.00034028051919397946,0.0005329987426969938,-0.0001927182235030143,24% target-vol,development,6.333333333333333,-0.30120688435596615,0.20160181298583596,0.30120688435596615,closed,loss
risk20,BTC,short,2022-04-27 20:00:00+00:00,2022-04-28 12:00:00+00:00,5,-0.0009626835832825136,0.00012409732123048282,-0.0010867809045129965,20% target-vol,development,0.8333333333333334,-0.12400109498358691,0.07732341209482466,0.12400109498358691,closed,loss
risk24,BTC,short,2022-04-27 20:00:00+00:00,2022-04-28 12:00:00+00:00,5,-0.001155220299939016,0.00014891678547657936,-0.0013041370854155955,24% target-vol,development,0.8333333333333334,-0.1488013139803043,0.09278809451378958,0.1488013139803043,closed,loss
risk20,ETH,short,2022-04-29 20:00:00+00:00,2022-05-02 20:00:00+00:00,19,0.0012635296509013255,0.00032264903393731525,0.0009408806169640102,20% target-vol,development,3.1666666666666665,-0.052276849170443875,0.1830347847329399,0.2953691427461825,closed,win
risk24,ETH,short,2022-04-29 20:00:00+00:00,2022-05-02 20:00:00+00:00,19,0.0015162355810815868,0.0003871788407247781,0.0011290567403568087,24% target-vol,development,3.1666666666666665,-0.06273221900453264,0.2196417416795279,0.3544429712954189,closed,win
risk20,BTC,short,2022-04-30 04:00:00+00:00,2022-05-09 20:00:00+00:00,59,0.026573060797567667,0.0005897412535395388,0.02598331954402813,20% target-vol,development,9.833333333333334,-0.030835060576366313,0.2020924189617124,0.3363123135311095,closed,win
risk24,BTC,short,2022-04-30 04:00:00+00:00,2022-05-09 20:00:00+00:00,59,0.02761128747733116,0.0007068637165349916,0.026904423760796166,24% target-vol,development,9.833333333333334,-0.037002072691639576,0.2265918414296675,0.4035747762373314,closed,win
risk20,ETH,short,2022-05-04 00:00:00+00:00,2022-05-04 12:00:00+00:00,4,-0.0014096136791193583,4.101410843956758e-05,-0.001450627787558926,20% target-vol,development,0.6666666666666666,-0.027357031004856078,0.037584932203584484,0.04101410843956758,closed,loss
risk24,ETH,short,2022-05-04 00:00:00+00:00,2022-05-04 12:00:00+00:00,4,-0.00169153641494323,4.9216930127481096e-05,-0.001740753345070711,24% target-vol,development,0.6666666666666666,-0.03282843720582729,0.045101918644301374,0.049216930127481094,closed,loss
risk24,ETH,short,2022-05-05 20:00:00+00:00,2022-05-05 20:00:00+00:00,1,4.064742217809437e-06,1.412681273101411e-06,2.6520609447080257e-06,24% target-vol,development,0.16666666666666666,-0.001412681273101411,0.001412681273101411,0.001412681273101411,closed,win
risk20,ETH,short,2022-05-09 00:00:00+00:00,2022-05-11 12:00:00+00:00,16,0.007305853011543181,0.0001327283583337257,0.007173124653209455,20% target-vol,development,2.6666666666666665,-0.040072502545766116,0.05001911557077761,0.1317303272706644,closed,win
risk24,ETH,short,2022-05-09 00:00:00+00:00,2022-05-11 12:00:00+00:00,16,0.008767023613851815,0.00015927403000047082,0.008607749583851345,24% target-vol,development,2.6666666666666665,-0.048087003054919315,0.060022938684933136,0.15807639272479726,closed,win
risk20,BTC,short,2022-05-11 12:00:00+00:00,2022-05-11 12:00:00+00:00,1,-0.0013730254946939268,4.6181358828466856e-05,-0.0014192068535223937,20% target-vol,development,0.16666666666666666,-0.046181358828466856,0.046181358828466856,0.046181358828466856,closed,loss
risk24,BTC,short,2022-05-11 12:00:00+00:00,2022-05-11 12:00:00+00:00,1,-0.001647630593632712,5.5417630594160224e-05,-0.0017030482242268723,24% target-vol,development,0.16666666666666666,-0.05541763059416022,0.05541763059416022,0.05541763059416022,closed,loss
risk20,ETH,short,2022-05-24 04:00:00+00:00,2022-05-28 20:00:00+00:00,29,0.015083140799733434,0.00048268921246404735,0.014600451587269386,20% target-vol,development,4.833333333333333,-0.10645896826321621,0.14525464851714484,0.23926452355464667,closed,win
risk24,ETH,short,2022-05-24 04:00:00+00:00,2022-05-28 20:00:00+00:00,29,0.018111123640963706,0.0005571743632974773,0.01755394927766623,24% target-vol,development,4.833333333333333,-0.11308459554780716,0.17001827902478522,0.28711742826557607,closed,win
risk20,BTC,short,2022-05-26 16:00:00+00:00,2022-05-27 00:00:00+00:00,3,-0.00041206841461136014,4.711511025374927e-05,-0.00045918352486510943,20% target-vol,development,0.5,-0.04709527868934502,0.03966210339155898,0.047115110253749266,closed,loss
risk24,BTC,short,2022-05-26 16:00:00+00:00,2022-05-27 00:00:00+00:00,3,-0.0004944820975336319,5.653813230449911e-05,-0.000551020229838131,24% target-vol,development,0.5,-0.05651433442721402,0.04759452406987077,0.05653813230449911,closed,loss
risk20,BTC,short,2022-05-27 12:00:00+00:00,2022-05-28 16:00:00+00:00,8,-0.0001277619547909105,5.618055470162088e-05,-0.00018394250949253137,20% target-vol,development,1.3333333333333333,-0.025280545214467567,0.04816188328715051,0.05618055470162087,closed,loss
risk24,BTC,short,2022-05-27 12:00:00+00:00,2022-05-28 16:00:00+00:00,8,-0.00015331434574909254,6.741666564194507e-05,-0.0002207310113910376,24% target-vol,development,1.3333333333333333,-0.030336654257361078,0.05779425994458061,0.06741666564194505,closed,loss
risk20,ETH,short,2022-06-03 08:00:00+00:00,2022-06-05 20:00:00+00:00,16,-0.006810394146048796,0.00025761498965390275,-0.007068009135702699,20% target-vol,development,2.6666666666666665,-0.04777379983861054,0.20130877329243163,0.254551166456564,closed,loss
risk24,ETH,short,2022-06-03 08:00:00+00:00,2022-06-05 20:00:00+00:00,16,-0.008172472975258553,0.0003091379875846833,-0.008481610962843236,24% target-vol,development,2.6666666666666665,-0.05732855980633264,0.24157052795091796,0.3054613997478769,closed,loss
risk20,BTC,short,2022-06-04 00:00:00+00:00,2022-06-05 20:00:00+00:00,12,-0.0005293599795037284,3.618428974586363e-05,-0.0005655442692495921,20% target-vol,development,2.0,-0.032680713243393146,0.03317160890353903,0.036072135580380714,closed,loss
risk24,BTC,short,2022-06-04 00:00:00+00:00,2022-06-05 20:00:00+00:00,12,-0.000635231975404474,4.3421147695036346e-05,-0.0006786531230995103,24% target-vol,development,2.0,-0.03921685589207177,0.03980593068424682,0.043286562696456844,closed,loss
risk20,ETH,short,2022-06-07 08:00:00+00:00,2022-06-07 20:00:00+00:00,4,-0.0030676210131007743,8.683983352487603e-05,-0.0031544608466256502,20% target-vol,development,0.6666666666666666,-0.08649811322890905,0.06337263554041518,0.08649811322890905,closed,loss
risk24,ETH,short,2022-06-07 08:00:00+00:00,2022-06-07 20:00:00+00:00,4,-0.0029076044934454905,8.9584514161637e-05,-0.0029971890076071275,24% target-vol,development,0.6666666666666666,-0.0891743034243715,0.06142535361239001,0.0891743034243715,closed,loss
risk20,ETH,short,2022-06-08 04:00:00+00:00,2022-06-12 04:00:00+00:00,25,0.03264358789860858,0.00035163665089599824,0.03229195124771258,20% target-vol,development,4.166666666666667,-0.07341173400403771,0.11104173243451813,0.21935110023493856,closed,win
risk24,ETH,short,2022-06-08 04:00:00+00:00,2022-06-12 04:00:00+00:00,25,0.03921534042625068,0.00040711627456027914,0.038808224151690406,24% target-vol,development,4.166666666666667,-0.07341173400403771,0.1308823015643729,0.26322132028192624,closed,win
risk20,BTC,short,2022-06-10 08:00:00+00:00,2022-06-13 20:00:00+00:00,22,0.046835780532467064,0.0003067226667002952,0.04652905786576677,20% target-vol,development,3.6666666666666665,-0.05312669224450702,0.1587958884001759,0.2872540143294981,closed,win
risk24,BTC,short,2022-06-10 08:00:00+00:00,2022-06-13 20:00:00+00:00,22,0.053046275691028336,0.00033110690096331964,0.05271516879006501,24% target-vol,development,3.6666666666666665,-0.06375203069340842,0.18380893360163642,0.30774451811836306,closed,win
risk20,BTC,short,2022-06-17 00:00:00+00:00,2022-06-29 04:00:00+00:00,74,0.012782829006860955,0.00046695347058396685,0.012315875536276989,20% target-vol,development,12.333333333333334,-0.0705795336517089,0.04151391895684787,0.2600176411338791,closed,win
risk24,BTC,short,2022-06-17 00:00:00+00:00,2022-06-19 12:00:00+00:00,16,0.014639680960157555,0.0004156615922750596,0.014224019367882495,24% target-vol,development,2.6666666666666665,-0.07513368003163522,0.1638539157918819,0.3120211693606549,closed,win
risk24,BTC,short,2022-06-27 08:00:00+00:00,2022-06-27 12:00:00+00:00,2,-3.320728406586261e-05,5.21658664096374e-06,-3.842387070682635e-05,24% target-vol,development,0.3333333333333333,-0.005165326437205696,0.005190956539084718,0.00521658664096374,closed,loss
risk24,BTC,short,2022-06-27 20:00:00+00:00,2022-06-29 04:00:00+00:00,9,0.0006251293480424459,0.00010700058142561902,0.0005181287666168268,24% target-vol,development,1.5,-0.046921779103728446,0.05236576515935979,0.0955700850733313,closed,win
risk20,BTC,short,2022-07-02 12:00:00+00:00,2022-07-04 12:00:00+00:00,13,-0.0007179633537164813,0.0001031917844973335,-0.0008211551382138148,20% target-vol,development,2.1666666666666665,-0.01852722118343938,0.03986771033932271,0.0842360375777806,closed,loss
risk24,BTC,short,2022-07-02 12:00:00+00:00,2022-07-04 12:00:00+00:00,13,-0.0008615560244597776,0.00012383014139680018,-0.0009853861658565778,24% target-vol,development,2.1666666666666665,-0.022232665420127255,0.04784125240718725,0.10108324509333672,closed,loss
risk20,ETH,short,2022-07-04 08:00:00+00:00,2022-07-04 12:00:00+00:00,2,-4.0413101922380564e-05,7.978451706514428e-07,-4.1210947093032004e-05,20% target-vol,development,0.3333333333333333,-0.0007978451706514428,0.0007978344445150286,0.0007978451706514428,closed,loss
risk24,ETH,short,2022-07-04 08:00:00+00:00,2022-07-04 12:00:00+00:00,2,-4.849572230685672e-05,9.574142047817322e-07,-4.945313651163845e-05,24% target-vol,development,0.3333333333333333,-0.0009574142047817322,0.0009574013334180351,0.0009574142047817322,closed,loss
risk20,BTC,short,2022-07-05 20:00:00+00:00,2022-07-05 20:00:00+00:00,1,-0.001438174316554685,3.162119946601679e-05,-0.0014697955160207017,20% target-vol,development,0.16666666666666666,-0.03162119946601679,0.03162119946601679,0.03162119946601679,closed,loss
risk24,BTC,short,2022-07-05 20:00:00+00:00,2022-07-05 20:00:00+00:00,1,-0.0017258091798656224,3.794543935922016e-05,-0.0017637546192248426,24% target-vol,development,0.16666666666666666,-0.03794543935922016,0.03794543935922016,0.03794543935922016,closed,loss
risk20,ETH,short,2022-07-12 08:00:00+00:00,2022-07-13 20:00:00+00:00,10,-0.001480646058945237,0.00013930852743214648,-0.0016199545863773836,20% target-vol,development,1.6666666666666667,-0.041164137816601686,0.11265983516558642,0.1391900463848274,closed,loss
risk24,ETH,short,2022-07-12 08:00:00+00:00,2022-07-13 20:00:00+00:00,10,-0.0017767752707342822,0.00016717023291857572,-0.001943945503652858,24% target-vol,development,1.6666666666666667,-0.04939696537992202,0.1351918021987037,0.16702805566179282,closed,loss
risk20,BTC,short,2022-07-25 12:00:00+00:00,2022-07-28 20:00:00+00:00,21,-0.0017818129350364086,0.00018892851776314713,-0.0019707414527995555,20% target-vol,development,3.5,-0.16243699754096225,0.11860141760212103,0.17230824155961355,closed,loss
risk20,ETH,short,2022-07-25 12:00:00+00:00,2022-07-27 12:00:00+00:00,13,0.0008674907604904265,1.5660786795934373e-05,0.0008518299736944921,20% target-vol,development,2.1666666666666665,-0.015577841668026325,0.014127407963250235,0.01563124941301992,closed,win
risk24,BTC,short,2022-07-25 12:00:00+00:00,2022-07-28 20:00:00+00:00,21,-0.0021381755220436856,0.0002267142213157766,-0.0023648897433594623,24% target-vol,development,3.5,-0.19492439704915474,0.14232170112254522,0.20676988987153624,closed,loss
risk24,ETH,short,2022-07-25 12:00:00+00:00,2022-07-27 12:00:00+00:00,13,0.0010409889125885118,1.8792944155121245e-05,0.0010221959684333906,24% target-vol,development,2.1666666666666665,-0.018693410001631595,0.016952889555900283,0.018757499295623904,closed,win
risk20,ETH,short,2022-08-02 12:00:00+00:00,2022-08-05 08:00:00+00:00,18,-0.0022695127160778377,9.209793446367649e-05,-0.002361610650541514,20% target-vol,development,3.0,-0.00104428405639731,0.03809945425654687,0.06957137140625722,closed,loss
risk24,ETH,short,2022-08-02 12:00:00+00:00,2022-08-05 08:00:00+00:00,18,-0.0027234152592934048,0.00011051752135641176,-0.0028339327806498164,24% target-vol,development,3.0,-0.001253140867676773,0.04571934510785623,0.08348564568750864,closed,loss
risk20,BTC,short,2022-08-03 08:00:00+00:00,2022-08-03 16:00:00+00:00,3,-0.0016144634557829825,8.454756092191973e-05,-0.0016990110167049023,20% target-vol,development,0.5,-0.08454756092191973,0.07258610527934682,0.08454756092191973,closed,loss
risk24,BTC,short,2022-08-03 08:00:00+00:00,2022-08-03 16:00:00+00:00,3,-0.0019373561469395789,0.00010145707310630365,-0.0020388132200458826,24% target-vol,development,0.5,-0.10145707310630366,0.08710332633521617,0.10145707310630366,closed,loss
risk20,BTC,short,2022-08-04 04:00:00+00:00,2022-08-09 04:00:00+00:00,31,-0.006788562792754848,0.0003986576602359221,-0.007187220452990769,20% target-vol,development,5.166666666666667,-0.07382646726836863,0.11268453593132399,0.21623048163484912,closed,loss
risk24,BTC,short,2022-08-04 04:00:00+00:00,2022-08-09 04:00:00+00:00,31,-0.008237738690951058,0.00046540764138728317,-0.008703146332338341,24% target-vol,development,5.166666666666667,-0.08859176072204235,0.13316693985851324,0.2492782727174657,closed,loss
risk20,ETH,short,2022-08-07 12:00:00+00:00,2022-08-08 08:00:00+00:00,6,-0.0003904807929351824,1.8451659782571286e-05,-0.0004089324527177537,20% target-vol,development,1.0,-0.017979895379521254,0.016765441061197282,0.018451659782571288,closed,loss
risk24,ETH,short,2022-08-07 12:00:00+00:00,2022-08-08 08:00:00+00:00,6,-0.0004685769515222188,2.2141991739085545e-05,-0.0004907189432613044,24% target-vol,development,1.0,-0.0215758744554255,0.020118529273436738,0.022141991739085543,closed,loss
risk20,ETH,long,2022-08-09 00:00:00+00:00,2022-08-09 00:00:00+00:00,1,-0.0003814703451534783,0.00011898198925372147,-0.0005004523344071998,20% target-vol,development,0.16666666666666666,0.11898198925372146,0.11898198925372146,0.11898198925372146,closed,loss
risk24,ETH,long,2022-08-09 00:00:00+00:00,2022-08-09 00:00:00+00:00,1,-0.00043677403234246705,0.00013623141060039,-0.000573005442942857,24% target-vol,development,0.16666666666666666,0.13623141060039,0.13623141060039,0.13623141060039,closed,loss
risk20,BTC,short,2022-08-09 16:00:00+00:00,2022-08-10 20:00:00+00:00,8,-0.0062540336191680285,0.00024381729213566387,-0.0064978509113036926,20% target-vol,development,1.3333333333333333,-0.17528796918885634,0.20625272431484726,0.24117532427623953,closed,loss
risk20,ETH,short,2022-08-09 16:00:00+00:00,2022-08-09 20:00:00+00:00,2,0.00023825812259278454,2.6170294627881467e-05,0.00021208782796490306,20% target-vol,development,0.3333333333333333,-0.026170294627881466,0.017897002489782255,0.026170294627881466,closed,win
risk24,BTC,short,2022-08-09 16:00:00+00:00,2022-08-10 20:00:00+00:00,8,-0.00727371057536917,0.00028277000270300666,-0.007556480578072177,24% target-vol,development,1.3333333333333333,-0.2057855875593222,0.23853254657421247,0.28028678741106566,closed,loss
risk24,ETH,short,2022-08-09 16:00:00+00:00,2022-08-09 20:00:00+00:00,2,0.00030573454901318463,3.456406674768362e-05,0.000271170482265501,24% target-vol,development,0.3333333333333333,-0.03456406674768362,0.02621676394120533,0.03456406674768362,closed,win
risk20,ETH,short,2022-08-10 08:00:00+00:00,2022-08-10 08:00:00+00:00,1,-0.00017824160113489993,1.781289888172706e-05,-0.00019605450001662698,20% target-vol,development,0.16666666666666666,-0.01781289888172706,0.01781289888172706,0.01781289888172706,closed,loss
risk24,ETH,short,2022-08-10 08:00:00+00:00,2022-08-10 08:00:00+00:00,1,-0.0002792544863540885,2.7907805450699734e-05,-0.0003071622918047882,24% target-vol,development,0.16666666666666666,-0.027907805450699732,0.027907805450699732,0.027907805450699732,closed,loss
risk20,BTC,long,2022-08-13 12:00:00+00:00,2022-08-14 20:00:00+00:00,9,-0.0018233653260703322,0.00030461260505836035,-0.0021279779311286925,20% target-vol,development,1.5,0.3037796542501421,0.2728734816672545,0.3038454504234034,closed,loss
risk24,BTC,long,2022-08-13 12:00:00+00:00,2022-08-14 20:00:00+00:00,9,-0.0018945767998025493,0.0003303686397098836,-0.002224945439512433,24% target-vol,development,1.5,0.33017268838495833,0.2940082172067583,0.33028014720561005,closed,loss
risk20,ETH,long,2022-08-15 00:00:00+00:00,2022-08-15 00:00:00+00:00,1,6.90870857614837e-05,3.136370527398499e-05,3.772338048749871e-05,20% target-vol,development,0.16666666666666666,0.031363705273984986,0.031363705273984986,0.031363705273984986,closed,win
risk24,ETH,long,2022-08-15 00:00:00+00:00,2022-08-15 00:00:00+00:00,1,8.290450291378044e-05,3.763644632878199e-05,4.526805658499845e-05,24% target-vol,development,0.16666666666666666,0.037636446328781985,0.037636446328781985,0.037636446328781985,closed,win
risk20,BTC,long,2022-08-15 08:00:00+00:00,2022-08-16 08:00:00+00:00,7,-0.0016718329243088927,8.72101856237984e-05,-0.001759043109932691,20% target-vol,development,1.1666666666666667,0.06480622970155674,0.03616152793625007,0.06480622970155674,closed,loss
risk24,BTC,long,2022-08-15 08:00:00+00:00,2022-08-15 16:00:00+00:00,3,-0.002234165536670929,7.776747564186807e-05,-0.002311933012312797,24% target-vol,development,0.5,0.07776747564186808,0.06316043396374406,0.07776747564186808,closed,loss
risk24,BTC,long,2022-08-16 00:00:00+00:00,2022-08-16 08:00:00+00:00,3,3.795235862180174e-05,1.0303993950542595e-05,2.7648364671259146e-05,24% target-vol,development,0.5,0.009949172297729939,0.010181670403325814,0.010303993950542593,closed,win
risk20,BTC,short,2022-08-19 00:00:00+00:00,2022-08-25 04:00:00+00:00,38,0.0028774658507946826,0.00015198020227421687,0.0027254856485204658,20% target-vol,development,6.333333333333333,-0.04597947584195009,0.05661837516153615,0.1428886837120516,closed,win
risk24,BTC,short,2022-08-19 00:00:00+00:00,2022-08-25 04:00:00+00:00,38,0.005181682195185023,0.0001821429655468205,0.0049995392296382024,24% target-vol,development,6.333333333333333,-0.07511149206535256,0.08220200096189427,0.17146642045446192,closed,win
risk20,ETH,short,2022-08-21 00:00:00+00:00,2022-08-21 00:00:00+00:00,1,-0.0012286275438873069,0.000161076308395638,-0.001389703852282945,20% target-vol,development,0.16666666666666666,-0.161076308395638,0.161076308395638,0.161076308395638,closed,loss
risk24,ETH,short,2022-08-21 00:00:00+00:00,2022-08-21 00:00:00+00:00,1,-0.001374153245052382,0.0001801551112736786,-0.0015543083563260606,24% target-vol,development,0.16666666666666666,-0.1801551112736786,0.1801551112736786,0.1801551112736786,closed,loss
risk20,ETH,short,2022-08-21 12:00:00+00:00,2022-08-21 16:00:00+00:00,2,-0.003689689732618868,0.00016229882792467373,-0.0038519885605435415,20% target-vol,development,0.3333333333333333,-0.16229882792467373,0.16202825902461937,0.16229882792467373,closed,loss
risk24,ETH,short,2022-08-21 12:00:00+00:00,2022-08-21 16:00:00+00:00,2,-0.004127069810669526,0.00018153593531636673,-0.004308605745985893,24% target-vol,development,0.3333333333333333,-0.18153593531636672,0.18122644591499498,0.18153593531636672,closed,loss
risk20,ETH,short,2022-08-22 12:00:00+00:00,2022-08-22 12:00:00+00:00,1,-0.0013834611778506518,0.0001622243660211458,-0.0015456855438717976,20% target-vol,development,0.16666666666666666,-0.1622243660211458,0.1622243660211458,0.1622243660211458,closed,loss
risk24,ETH,short,2022-08-22 12:00:00+00:00,2022-08-22 12:00:00+00:00,1,-0.0015478168147440325,0.0001814966733499667,-0.0017293134880939991,24% target-vol,development,0.16666666666666666,-0.1814966733499667,0.1814966733499667,0.1814966733499667,closed,loss
risk20,ETH,short,2022-08-23 12:00:00+00:00,2022-08-23 12:00:00+00:00,1,-0.0012537265521806568,0.00011834454638430288,-0.0013720710985649597,20% target-vol,development,0.16666666666666666,-0.11834454638430288,0.11834454638430288,0.11834454638430288,closed,loss
risk24,ETH,short,2022-08-23 12:00:00+00:00,2022-08-23 12:00:00+00:00,1,-0.0014356648776853484,0.00013551847363687795,-0.0015711833513222264,24% target-vol,development,0.16666666666666666,-0.13551847363687794,0.13551847363687794,0.13551847363687794,closed,loss
risk20,BTC,short,2022-08-25 16:00:00+00:00,2022-08-25 16:00:00+00:00,1,0.00036299908292465366,5.2567969941268755e-05,0.0003104311129833849,20% target-vol,development,0.16666666666666666,-0.052567969941268756,0.052567969941268756,0.052567969941268756,closed,win
risk24,BTC,short,2022-08-25 16:00:00+00:00,2022-08-25 16:00:00+00:00,1,0.0004355988995095845,6.30815639295225e-05,0.00037251733558006195,24% target-vol,development,0.16666666666666666,-0.06308156392952251,0.06308156392952251,0.06308156392952251,closed,win
risk20,BTC,short,2022-08-26 16:00:00+00:00,2022-09-09 16:00:00+00:00,85,0.006002009783612841,0.0011554692884703384,0.004846540495142503,20% target-vol,development,14.166666666666666,-0.07910463271855778,0.20337677997502907,0.39469650836179465,closed,win
risk24,BTC,short,2022-08-26 16:00:00+00:00,2022-09-09 08:00:00+00:00,83,0.008035096208646357,0.0013330796634494462,0.006702016545196911,24% target-vol,development,13.833333333333334,-0.09492555926226932,0.24317086203998448,0.452273319867422,closed,win
risk20,ETH,short,2022-08-27 00:00:00+00:00,2022-08-29 20:00:00+00:00,18,-0.0008434797561305518,0.0001271531021239723,-0.0009706328582545241,20% target-vol,development,3.0,-0.08097665542886408,0.08719065385714202,0.12604213908340284,closed,loss
risk24,ETH,short,2022-08-27 00:00:00+00:00,2022-08-29 20:00:00+00:00,18,-0.0010121757073566606,0.00015258372254876683,-0.0011647594299054275,24% target-vol,development,3.0,-0.09717198651463688,0.10462878462857042,0.1512505669000834,closed,loss
risk20,ETH,short,2022-09-01 20:00:00+00:00,2022-09-02 00:00:00+00:00,2,-0.0011123531249294084,3.692786283741318e-05,-0.0011492809877668216,20% target-vol,development,0.3333333333333333,-0.03685530156873056,0.03689158220307187,0.03692786283741318,closed,loss
risk24,ETH,short,2022-09-01 20:00:00+00:00,2022-09-02 00:00:00+00:00,2,-0.0013348237499152898,4.431343540489581e-05,-0.0013791371853201855,24% target-vol,development,0.3333333333333333,-0.044226361882476674,0.04426989864368624,0.0443134354048958,closed,loss
risk20,ETH,short,2022-09-03 20:00:00+00:00,2022-09-05 12:00:00+00:00,11,-0.0003045236079925086,5.641020390884067e-05,-0.0003609338119013493,20% target-vol,development,1.8333333333333333,-0.013031208699871571,0.0330083303031967,0.056008795390265785,closed,loss
risk24,ETH,short,2022-09-03 20:00:00+00:00,2022-09-06 08:00:00+00:00,16,-0.0012207666119320925,8.619981562774863e-05,-0.0013069664275598412,24% target-vol,development,2.6666666666666665,-0.0224396009230808,0.03520712576128189,0.06777983928170545,closed,loss
risk20,ETH,short,2022-09-05 20:00:00+00:00,2022-09-06 08:00:00+00:00,4,-0.000526681274354801,2.1366515304395307e-05,-0.0005480477896591963,20% target-vol,development,0.6666666666666666,-0.02135110836135043,0.015959573406804126,0.02135110836135043,closed,loss
risk20,ETH,short,2022-09-07 08:00:00+00:00,2022-09-08 00:00:00+00:00,5,-0.004968598144846162,9.89236281945888e-05,-0.005067521773040751,20% target-vol,development,0.8333333333333334,-0.01861424954050271,0.07037575776935061,0.09892362819458879,closed,loss
risk24,ETH,short,2022-09-07 08:00:00+00:00,2022-09-08 00:00:00+00:00,5,-0.005962317773815394,0.00011870835383350654,-0.0060810261276489,24% target-vol,development,0.8333333333333334,-0.02233709944860325,0.08445090932322072,0.11870835383350653,closed,loss
risk20,ETH,long,2022-09-09 12:00:00+00:00,2022-09-09 12:00:00+00:00,1,-0.000798119222067299,0.0001974806431019717,-0.0009955998651692707,20% target-vol,development,0.16666666666666666,0.1974806431019717,0.1974806431019717,0.1974806431019717,closed,loss
risk24,ETH,long,2022-09-09 12:00:00+00:00,2022-09-09 12:00:00+00:00,1,-0.0009052971439726825,0.0002239999454304944,-0.001129297089403177,24% target-vol,development,0.16666666666666666,0.2239999454304944,0.2239999454304944,0.2239999454304944,closed,loss
risk20,ETH,short,2022-09-14 00:00:00+00:00,2022-09-16 00:00:00+00:00,13,0.0011754433145657374,4.4114805513277456e-05,0.00113132850905246,20% target-vol,development,2.1666666666666665,-0.040556509072838004,0.01868022215636822,0.040556509072838004,closed,win
risk24,ETH,short,2022-09-14 00:00:00+00:00,2022-09-15 16:00:00+00:00,11,0.00055669848027473,4.00668894728868e-05,0.0005166315908018432,24% target-vol,development,1.8333333333333333,-0.03787615144561224,0.013162724021212753,0.03787615144561224,closed,win
risk20,BTC,short,2022-09-16 04:00:00+00:00,2022-09-17 20:00:00+00:00,11,-0.0004787839061677785,3.1706543955858015e-05,-0.0005104904501236366,20% target-vol,development,1.8333333333333333,-0.030709757225371687,0.02961777448134233,0.03085024884192844,closed,loss
risk24,BTC,short,2022-09-16 04:00:00+00:00,2022-09-17 20:00:00+00:00,11,-0.000571590262442828,3.5349511136758844e-05,-0.0006069397735795868,24% target-vol,development,1.8333333333333333,-0.033735500157296615,0.03463083374816572,0.03532017666680989,closed,loss
risk20,BTC,short,2022-09-19 04:00:00+00:00,2022-09-19 16:00:00+00:00,4,0.00046810098521416095,3.0089066421755814e-05,0.00043801191879240515,20% target-vol,development,0.6666666666666666,-0.030089066421755812,0.029633664695993375,0.030089066421755812,closed,win
risk24,BTC,short,2022-09-19 04:00:00+00:00,2022-09-19 16:00:00+00:00,4,0.0005597500851737099,3.6132874440433764e-05,0.0005236172107332762,24% target-vol,development,0.6666666666666666,-0.03613287444043376,0.035641498407100125,0.03613287444043376,closed,win
risk20,ETH,short,2022-09-20 04:00:00+00:00,2022-09-21 16:00:00+00:00,10,8.519678984395259e-05,2.6477748118530033e-05,5.8719041725422554e-05,20% target-vol,development,1.6666666666666667,-0.007219204234474515,0.01852611282621633,0.02586925447595091,closed,win
risk24,ETH,short,2022-09-20 08:00:00+00:00,2022-09-21 16:00:00+00:00,9,-0.0001411499683527831,1.8532288056983494e-05,-0.0001596822564097666,24% target-vol,development,1.5,-0.01753115307610503,0.01048213017421936,0.017772313173179965,closed,loss
risk20,BTC,short,2022-09-22 04:00:00+00:00,2022-09-23 00:00:00+00:00,6,-0.00942917687495328,0.00021403210441333303,-0.009643208979366612,20% target-vol,development,1.0,-0.2133243338992513,0.15233323377014632,0.21400556427027484,closed,loss
risk24,BTC,short,2022-09-22 04:00:00+00:00,2022-09-23 00:00:00+00:00,6,-0.010450463574300186,0.00023606806329482002,-0.010686531637595005,24% target-vol,development,1.0,-0.23606806329482002,0.17181737364201974,0.23606806329482002,closed,loss
risk20,ETH,short,2022-09-23 12:00:00+00:00,2022-09-27 04:00:00+00:00,23,-0.003030970917583003,0.0001100392704349155,-0.0031410101880179186,20% target-vol,development,3.8333333333333335,-0.03850002705938952,0.045267007836929475,0.09017755537315725,closed,loss
risk24,ETH,short,2022-09-23 12:00:00+00:00,2022-09-27 04:00:00+00:00,23,-0.003637165101099603,0.0001320471245218986,-0.0037692122256215016,24% target-vol,development,3.8333333333333335,-0.04620003247126742,0.05432040940431538,0.10821306644778868,closed,loss
risk20,BTC,short,2022-09-23 20:00:00+00:00,2022-09-26 16:00:00+00:00,18,-0.002365728323827982,0.00012687832991467647,-0.002492606653742658,20% target-vol,development,3.0,-0.10947423984852145,0.06035773333949815,0.10947423984852145,closed,loss
risk24,BTC,short,2022-09-23 20:00:00+00:00,2022-09-26 16:00:00+00:00,18,-0.00283887398859358,0.00015225399589761175,-0.0029911279844911914,24% target-vol,development,3.0,-0.13136908781822573,0.07242928000739776,0.13136908781822573,closed,loss
risk20,ETH,short,2022-09-28 00:00:00+00:00,2022-10-01 04:00:00+00:00,20,-0.01003813088756487,0.0003213407259291039,-0.010359471613493973,20% target-vol,development,3.3333333333333335,-0.0681132479092076,0.13883093169691826,0.3130002181586752,closed,loss
risk24,ETH,short,2022-09-28 00:00:00+00:00,2022-10-01 04:00:00+00:00,20,-0.010878112730285298,0.0003411616026703441,-0.011219274332955642,24% target-vol,development,3.3333333333333335,-0.0681132479092076,0.14850128897390397,0.3337705845573991,closed,loss
risk20,ETH,short,2022-10-01 16:00:00+00:00,2022-10-04 08:00:00+00:00,17,-0.0033178168263425893,0.00025591215356293137,-0.003573728979905521,20% target-vol,development,2.8333333333333335,-0.04073569173993589,0.1653979639391042,0.25553775206856005,closed,loss
risk24,ETH,short,2022-10-01 16:00:00+00:00,2022-10-04 08:00:00+00:00,17,-0.003981380191611104,0.0003070945842755175,-0.004288474775886622,24% target-vol,development,2.8333333333333335,-0.04888283008792305,0.19847755672692496,0.306645302482272,closed,loss
risk20,BTC,short,2022-10-03 04:00:00+00:00,2022-10-03 20:00:00+00:00,5,-0.0011565966770354364,6.002046971754411e-05,-0.0012166171467529806,20% target-vol,development,0.8333333333333334,-0.059932109839332615,0.05361578469958579,0.06002046971754411,closed,loss
risk24,BTC,short,2022-10-03 04:00:00+00:00,2022-10-03 20:00:00+00:00,5,-0.0013879160124425237,7.202456366105293e-05,-0.0014599405761035766,24% target-vol,development,0.8333333333333334,-0.07191853180719913,0.06433894163950295,0.07202456366105293,closed,loss
risk20,ETH,short,2022-10-08 20:00:00+00:00,2022-10-14 12:00:00+00:00,35,0.0006168113462779127,0.0003958475176901372,0.0002209638285877755,20% target-vol,development,5.833333333333333,-0.0554684792170112,0.22827036930289077,0.33162275342116543,closed,win
risk24,ETH,short,2022-10-08 20:00:00+00:00,2022-10-14 12:00:00+00:00,35,0.00011164620444847962,0.0004147882624084802,-0.0003031420579600006,24% target-vol,development,5.833333333333333,-0.05970243832458035,0.23974299524914378,0.3446569644990298,closed,loss
risk20,ETH,long,2022-10-19 08:00:00+00:00,2022-10-19 08:00:00+00:00,1,-0.0009475627380225659,0.00020329167480797036,-0.0011508544128305362,20% target-vol,development,0.16666666666666666,0.20329167480797036,0.20329167480797036,0.20329167480797036,closed,loss
risk24,ETH,long,2022-10-19 08:00:00+00:00,2022-10-19 08:00:00+00:00,1,-0.0011370752856270788,0.00024395000976956438,-0.0013810252953966433,24% target-vol,development,0.16666666666666666,0.24395000976956438,0.24395000976956438,0.24395000976956438,closed,loss
risk20,BTC,short,2022-10-21 00:00:00+00:00,2022-10-22 16:00:00+00:00,11,-0.0023871395074327078,0.0003087551665696271,-0.0026958946740023347,20% target-vol,development,1.8333333333333333,-0.07694985581782891,0.2040756660120324,0.3071250135875092,closed,loss
risk24,BTC,short,2022-10-21 00:00:00+00:00,2022-10-22 16:00:00+00:00,11,-0.0028645674089192463,0.0003705061998835523,-0.0032350736088027987,24% target-vol,development,1.8333333333333333,-0.09233982698139469,0.2448907992144388,0.3685500163050109,closed,loss
risk20,ETH,short,2022-10-21 04:00:00+00:00,2022-10-22 00:00:00+00:00,6,-0.0003914084549907959,2.438520998529176e-05,-0.00041579366497608767,20% target-vol,development,1.0,-0.024273886064754807,0.022319437492283437,0.02438520998529176,closed,loss
risk24,ETH,short,2022-10-21 04:00:00+00:00,2022-10-22 00:00:00+00:00,6,-0.00046969014598895496,2.9262251982350108e-05,-0.0004989523979713051,24% target-vol,development,1.0,-0.029128663277705764,0.026783324990740123,0.029262251982350107,closed,loss
risk20,ETH,long,2022-10-22 20:00:00+00:00,2022-10-22 20:00:00+00:00,1,-0.0008733807932217916,0.0003152210744544376,-0.0011886018676762291,20% target-vol,development,0.16666666666666666,0.3152210744544376,0.3152210744544376,0.3152210744544376,closed,loss
risk24,ETH,long,2022-10-22 20:00:00+00:00,2022-10-22 20:00:00+00:00,1,-0.0010480569518661498,0.00037826528934532507,-0.0014263222412114749,24% target-vol,development,0.16666666666666666,0.37826528934532505,0.37826528934532505,0.37826528934532505,closed,loss
risk20,ETH,long,2022-10-23 16:00:00+00:00,2022-11-03 00:00:00+00:00,63,0.04627727046303426,0.00046143768643671485,0.045815832776597544,20% target-vol,development,10.5,0.3276100588712187,0.20486532875197358,0.36961957441468946,closed,win
risk24,ETH,long,2022-10-23 16:00:00+00:00,2022-11-03 00:00:00+00:00,63,0.05553272455564113,0.0005537252237240576,0.05497899933191707,24% target-vol,development,10.5,0.3931320706454624,0.24583839450236827,0.44354348929762705,closed,win
risk20,BTC,long,2022-10-26 08:00:00+00:00,2022-11-03 00:00:00+00:00,47,-0.0015703988738974633,0.00035546667961497104,-0.0019258655535124344,20% target-vol,development,7.833333333333333,0.2568249775905131,0.2622331521036056,0.2893377910291205,closed,loss
risk24,BTC,long,2022-10-26 08:00:00+00:00,2022-11-03 00:00:00+00:00,47,-0.001884478648676957,0.00042656001553796543,-0.0023110386642149223,24% target-vol,development,7.833333333333333,0.3081899731086156,0.3146797825243267,0.34720534923494467,closed,loss
risk20,BTC,long,2022-11-04 20:00:00+00:00,2022-11-07 16:00:00+00:00,18,-0.005110352726305064,0.0004458134735612844,-0.005556166199866349,20% target-vol,development,3.0,0.27884566350350254,0.3435407257756654,0.44273541160227764,closed,loss
risk20,ETH,long,2022-11-04 20:00:00+00:00,2022-11-07 04:00:00+00:00,15,-0.003298480364562049,0.00011840658493787531,-0.003416886949499924,20% target-vol,development,2.5,0.11534803981771995,0.10878723652197884,0.11825405569449543,closed,loss
risk24,BTC,long,2022-11-04 20:00:00+00:00,2022-11-07 16:00:00+00:00,18,-0.006131274626774279,0.0005265412648788056,-0.006657815891653085,24% target-vol,development,3.0,0.334614796204203,0.4110361862912398,0.5228475905279978,closed,loss
risk24,ETH,long,2022-11-04 20:00:00+00:00,2022-11-07 04:00:00+00:00,15,-0.0038311537951767824,0.0001420879019254504,-0.0039732416971022325,24% target-vol,development,2.5,0.1384176477812639,0.13131168448112623,0.14190486683339454,closed,loss
risk20,BTC,short,2022-11-08 12:00:00+00:00,2022-11-15 16:00:00+00:00,44,0.03481658224698474,0.00041662258875893436,0.0343999596582258,20% target-vol,development,7.333333333333333,-0.09069709676007477,0.1789102997936152,0.3338760156327865,closed,win
risk24,BTC,short,2022-11-08 12:00:00+00:00,2022-11-15 16:00:00+00:00,44,0.041779898696381684,0.0004999471065107213,0.04127995158987096,24% target-vol,development,7.333333333333333,-0.10883651611208972,0.2146923597523382,0.4006512187593438,closed,win
risk20,ETH,short,2022-11-09 08:00:00+00:00,2022-11-10 16:00:00+00:00,9,-0.0006679102640681483,0.00014118571750196436,-0.0008090959815701126,20% target-vol,development,1.5,-0.13853552937942784,0.1297633040703944,0.13853552937942784,closed,loss
risk24,ETH,short,2022-11-09 08:00:00+00:00,2022-11-10 16:00:00+00:00,9,-0.0008014923168817769,0.00016942286100235727,-0.0009709151778841342,24% target-vol,development,1.5,-0.16624263525531338,0.15571596488447328,0.16624263525531338,closed,loss
risk20,ETH,short,2022-11-11 08:00:00+00:00,2022-11-12 12:00:00+00:00,8,-0.0009479642409819739,4.8125645826504963e-05,-0.0009960898868084788,20% target-vol,development,1.3333333333333333,-0.04784794678224255,0.04757224971615425,0.04784794678224255,closed,loss
risk24,ETH,short,2022-11-11 08:00:00+00:00,2022-11-12 12:00:00+00:00,8,-0.0011375570891783682,5.775077499180594e-05,-0.0011953078641701743,24% target-vol,development,1.3333333333333333,-0.05741753613869105,0.0570866996593851,0.05741753613869105,closed,loss
risk20,ETH,short,2022-11-13 00:00:00+00:00,2022-11-23 12:00:00+00:00,64,0.008973087132193483,0.00023702793651973959,0.008736059195673744,20% target-vol,development,10.666666666666666,-0.04800300900380048,0.10895543147757888,0.1694908742667668,closed,win
risk24,ETH,short,2022-11-13 00:00:00+00:00,2022-11-23 12:00:00+00:00,64,0.010767704558632175,0.0002844335238236875,0.010483271034808487,24% target-vol,development,10.666666666666666,-0.05760361080456058,0.13074651777309465,0.20338904912012015,closed,win
risk20,BTC,short,2022-11-21 04:00:00+00:00,2022-11-23 08:00:00+00:00,14,-0.0028838277910057395,0.00012168594189715622,-0.0030055137329028955,20% target-vol,development,2.3333333333333335,-0.028084122933491457,0.08640579779380726,0.11082181464055206,closed,loss
risk24,BTC,short,2022-11-21 04:00:00+00:00,2022-11-23 08:00:00+00:00,14,-0.003460593349206888,0.00014602313027658757,-0.0036066164794834755,24% target-vol,development,2.3333333333333335,-0.03370094752018975,0.10368695735256872,0.13298617756866246,closed,loss
risk20,BTC,short,2022-11-23 20:00:00+00:00,2022-11-25 16:00:00+00:00,12,-0.0001009775629392672,1.838622885609048e-05,-0.00011936379179535768,20% target-vol,development,2.0,-0.018335589418558014,0.013175352445788347,0.018335589418558014,closed,loss
risk24,BTC,short,2022-11-23 20:00:00+00:00,2022-11-25 08:00:00+00:00,10,-7.730628071418795e-05,1.2024832319347279e-05,-8.933111303353523e-05,24% target-vol,development,1.6666666666666667,-0.012016079505837558,0.00701680813462646,0.012016079505837558,closed,loss
risk20,BTC,short,2022-11-28 08:00:00+00:00,2022-11-28 12:00:00+00:00,2,-9.4941722645782e-05,3.095967156080126e-05,-0.00012590139420658327,20% target-vol,development,0.3333333333333333,-0.03095967156080126,0.030873871730219084,0.03095967156080126,closed,loss
risk24,BTC,short,2022-11-28 08:00:00+00:00,2022-11-28 12:00:00+00:00,2,-8.325362719045571e-05,2.7143737256063356e-05,-0.00011039736444651906,24% target-vol,development,0.3333333333333333,-0.027143737256063356,0.0270502699500867,0.027143737256063356,closed,loss
risk20,ETH,short,2022-12-07 12:00:00+00:00,2022-12-10 00:00:00+00:00,16,-0.005409788464509396,0.00017854240465033924,-0.005588330869159735,20% target-vol,development,2.6666666666666665,-0.128422524346344,0.09657339784179107,0.14695359086281246,closed,loss
risk24,ETH,short,2022-12-07 12:00:00+00:00,2022-12-10 00:00:00+00:00,16,-0.006911027699863051,0.0002141808756469807,-0.007125208575510032,24% target-vol,development,2.6666666666666665,-0.15410702921561278,0.10516462336897613,0.17634430903537493,closed,loss
risk20,BTC,short,2022-12-07 16:00:00+00:00,2022-12-08 16:00:00+00:00,7,-0.0003144324400562963,6.506454095938326e-05,-0.0003794969810156796,20% target-vol,development,1.1666666666666667,-0.05359957037166296,0.056833640301214024,0.06506454095938326,closed,loss
risk24,BTC,short,2022-12-07 16:00:00+00:00,2022-12-08 16:00:00+00:00,7,-0.0003773189280675556,7.80774491512599e-05,-0.0004553963772188155,24% target-vol,development,1.1666666666666667,-0.06431948444599556,0.06820036836145683,0.0780774491512599,closed,loss
risk20,ETH,short,2022-12-12 12:00:00+00:00,2022-12-13 00:00:00+00:00,4,-0.0033874872764880787,0.00014464779518775695,-0.003532135071675836,20% target-vol,development,0.6666666666666666,-0.14463099817446065,0.14431422605173105,0.14463099817446065,closed,loss
risk24,ETH,short,2022-12-12 12:00:00+00:00,2022-12-13 00:00:00+00:00,4,-0.0040649847317856935,0.00017357735422530827,-0.004238562086011002,24% target-vol,development,0.6666666666666666,-0.17355719780935275,0.1731770712620772,0.17355719780935275,closed,loss
risk20,ETH,long,2022-12-13 20:00:00+00:00,2022-12-15 16:00:00+00:00,12,-0.005722009244827378,0.00018785945592584001,-0.005909868700753218,20% target-vol,development,2.0,0.17391522060424305,0.16805150829634188,0.184519406958735,closed,loss
risk24,ETH,long,2022-12-13 20:00:00+00:00,2022-12-15 16:00:00+00:00,12,-0.00686641109379286,0.00022543134711100796,-0.007091842440903868,24% target-vol,development,2.0,0.20869826472509176,0.20166180995561023,0.221423288350482,closed,loss
risk20,ETH,short,2022-12-16 00:00:00+00:00,2022-12-20 16:00:00+00:00,29,0.003932071503468659,0.0003494693708937076,0.0035826021325749513,20% target-vol,development,4.833333333333333,-0.07480573792397537,0.2066000074538193,0.27238440273736103,closed,win
risk24,ETH,short,2022-12-16 00:00:00+00:00,2022-12-20 16:00:00+00:00,29,0.004718485804162389,0.000419363245072449,0.00429912255908994,24% target-vol,development,4.833333333333333,-0.08976688550877043,0.2479200089445832,0.3268612832848332,closed,win
risk20,BTC,short,2022-12-16 08:00:00+00:00,2023-01-04 08:00:00+00:00,115,0.0019883797481840995,0.0008997992623180936,0.0010885804858660059,20% target-vol,development,19.166666666666668,-0.06049934356007253,0.36331620231106565,0.6544601485954279,closed,win
risk24,BTC,short,2022-12-16 08:00:00+00:00,2023-01-04 08:00:00+00:00,115,0.0030101357233561425,0.0010129936782186152,0.0019971420451375273,24% target-vol,development,19.166666666666668,-0.07259921227208703,0.4288218797803082,0.7186855116478466,closed,win
risk20,ETH,short,2022-12-23 00:00:00+00:00,2022-12-23 16:00:00+00:00,5,-0.0007689551589534689,3.5517437517248985e-05,-0.0008044725964707178,20% target-vol,development,0.8333333333333334,-0.03496041510324203,0.03156091394907476,0.035257104007510774,closed,loss
risk24,ETH,short,2022-12-23 00:00:00+00:00,2022-12-23 16:00:00+00:00,5,-0.0009227461907441627,4.262092502069878e-05,-0.0009653671157648614,24% target-vol,development,0.8333333333333334,-0.04195249812389043,0.03787309673888971,0.042308524809012926,closed,loss
risk20,ETH,short,2022-12-28 08:00:00+00:00,2023-01-02 12:00:00+00:00,32,-0.002126004121000815,0.00015126335532578467,-0.0022772674763266,20% target-vol,development,5.333333333333333,-0.03674791493683215,0.10162081678281717,0.13693317223375098,closed,loss
risk24,ETH,short,2022-12-28 08:00:00+00:00,2023-01-02 12:00:00+00:00,32,-0.002545908508873907,0.0001803714209449252,-0.002726279929818832,24% target-vol,development,5.333333333333333,-0.044097497924198585,0.12190921121919258,0.16431980668050117,closed,loss
risk20,BTC,long,2023-01-09 04:00:00+00:00,2023-01-09 16:00:00+00:00,4,0.002460516863234828,0.00045193664703167813,0.00200858021620315,20% target-vol,development,0.6666666666666666,0.2156710108440155,0.3050802572150893,0.45193664703167813,closed,win
risk20,ETH,long,2023-01-09 04:00:00+00:00,2023-01-22 12:00:00+00:00,81,0.057034416949859695,0.0005734881813529637,0.05646092876850673,20% target-vol,development,13.5,0.39845308744443014,0.17255330184244727,0.3985927838147343,closed,win
risk24,BTC,long,2023-01-09 04:00:00+00:00,2023-01-09 16:00:00+00:00,4,0.002601298170321401,0.0004987360343176645,0.002102562136003736,24% target-vol,development,0.6666666666666666,0.2156710108440155,0.3226156123132378,0.4987360343176645,closed,win
risk24,ETH,long,2023-01-09 04:00:00+00:00,2023-01-22 12:00:00+00:00,81,0.06707440929365392,0.0006515617482185923,0.06642284754543533,24% target-vol,development,13.5,0.45461124043545237,0.20241306361317662,0.45524785438449894,closed,win
risk20,BTC,long,2023-01-10 08:00:00+00:00,2023-01-10 08:00:00+00:00,1,-0.00021100595082838174,0.00046734736356483667,-0.0006783533143932184,20% target-vol,development,0.16666666666666666,0.46734736356483664,0.46734736356483664,0.46734736356483664,closed,loss
risk24,BTC,long,2023-01-10 08:00:00+00:00,2023-01-10 08:00:00+00:00,1,-0.00023347763666843672,0.0005171188657000947,-0.0007505965023685314,24% target-vol,development,0.16666666666666666,0.5171188657000947,0.5171188657000947,0.5171188657000947,closed,loss
risk20,BTC,long,2023-01-10 20:00:00+00:00,2023-01-26 16:00:00+00:00,96,0.10138781821333957,0.0007419974298943715,0.1006458207834452,20% target-vol,development,16.0,0.4700256885970764,0.3237054024110908,0.47205992528942103,closed,win
risk24,BTC,long,2023-01-10 20:00:00+00:00,2023-01-26 16:00:00+00:00,96,0.11989260808233637,0.0008280129823799749,0.1190645950999564,24% target-vol,development,16.0,0.5203149261743563,0.38436157622855954,0.522808433519872,closed,win
risk20,BTC,long,2023-01-29 16:00:00+00:00,2023-01-30 16:00:00+00:00,7,-0.003720377949921383,0.0001862083516830323,-0.003906586301604415,20% target-vol,development,1.1666666666666667,0.09323565503672153,0.11936553486762051,0.18589457267045484,closed,loss
risk24,BTC,long,2023-01-29 16:00:00+00:00,2023-01-30 16:00:00+00:00,7,-0.004464453539905659,0.0002234500220196387,-0.004687903561925298,24% target-vol,development,1.1666666666666667,0.11188278604406582,0.14323864184114463,0.22307348720454578,closed,loss
risk20,BTC,long,2023-02-02 04:00:00+00:00,2023-02-03 12:00:00+00:00,9,-0.000696225999254729,0.00022591524995964197,-0.000922141249214371,20% target-vol,development,1.5,0.14282117302909997,0.13761515011320874,0.17929106382873916,closed,loss
risk24,BTC,long,2023-02-02 04:00:00+00:00,2023-02-03 12:00:00+00:00,9,-0.0009521356172123607,0.00026185160123491234,-0.001213987218447273,24% target-vol,development,1.5,0.17138540763491997,0.17027776607408904,0.215149276594487,closed,loss
risk20,ETH,long,2023-02-02 08:00:00+00:00,2023-02-03 04:00:00+00:00,6,-0.0011719800166233587,6.701470253201563e-05,-0.0012389947191553743,20% target-vol,development,1.0,0.05224910788114392,0.05101027705537874,0.06697040172364425,closed,loss
risk24,ETH,long,2023-02-02 08:00:00+00:00,2023-02-03 04:00:00+00:00,6,-0.0012864728732541548,7.298662240882555e-05,-0.0013594594956629804,24% target-vol,development,1.0,0.05528625459115779,0.055032822484923444,0.0729418162302207,closed,loss
risk20,ETH,long,2023-02-04 20:00:00+00:00,2023-02-05 16:00:00+00:00,6,-0.0011799700646175789,7.472411939981753e-05,-0.0012546941840173964,20% target-vol,development,1.0,0.07445344966714622,0.06436493250200413,0.07472411939981753,closed,loss
risk24,ETH,long,2023-02-04 20:00:00+00:00,2023-02-05 16:00:00+00:00,6,-0.0011799700646175789,7.472411939981753e-05,-0.0012546941840173964,24% target-vol,development,1.0,0.07445344966714622,0.06436493250200413,0.07472411939981753,closed,loss
risk20,ETH,long,2023-02-08 04:00:00+00:00,2023-02-08 20:00:00+00:00,5,-0.002257429988586279,0.00013087710086277153,-0.0023883070894490503,20% target-vol,development,0.8333333333333334,0.06491323478412603,0.1156697573760533,0.12947844480048662,closed,loss
risk24,ETH,long,2023-02-08 04:00:00+00:00,2023-02-08 20:00:00+00:00,5,-0.002471133029384731,0.00014013590723931644,-0.0026112689366240473,24% target-vol,development,0.8333333333333334,0.06491323478412603,0.12194175942807788,0.14013590723931643,closed,loss
risk20,BTC,long,2023-02-15 20:00:00+00:00,2023-02-21 16:00:00+00:00,36,0.007340050164504902,0.0006146231624777374,0.006725427002027164,20% target-vol,development,6.0,0.19952805395922715,0.23335336380566066,0.2957637569317068,closed,win
risk24,BTC,long,2023-02-15 20:00:00+00:00,2023-02-21 16:00:00+00:00,36,0.00880806019740587,0.0007375477949732854,0.008070512402432586,24% target-vol,development,6.0,0.2394336647510726,0.2800240365667927,0.35491650831804816,closed,win
risk20,ETH,long,2023-02-16 04:00:00+00:00,2023-02-22 16:00:00+00:00,40,-0.0016114500464918993,0.00028972755885920223,-0.0019011776053511015,20% target-vol,development,6.666666666666667,0.06592481433552835,0.1343749300651915,0.19751940492881062,closed,loss
risk24,ETH,long,2023-02-16 04:00:00+00:00,2023-02-22 16:00:00+00:00,40,-0.0019337400557902801,0.00034767307063104263,-0.0022814131264213226,24% target-vol,development,6.666666666666667,0.07910977720263403,0.16124991607822978,0.2370232859145727,closed,loss
risk20,ETH,long,2023-02-27 04:00:00+00:00,2023-03-01 20:00:00+00:00,17,-0.0013241927826459687,8.398821113831665e-05,-0.0014081809937842853,20% target-vol,development,2.8333333333333335,0.0031107487017464678,0.04716442876842879,0.06891828633494256,closed,loss
risk24,ETH,long,2023-02-27 08:00:00+00:00,2023-03-01 20:00:00+00:00,16,-0.0017584384029281877,0.00010073773273702559,-0.0018591761356652134,24% target-vol,development,2.6666666666666665,0.0199792434576801,0.040837852790941986,0.059121670762135314,closed,loss
risk20,ETH,short,2023-03-04 12:00:00+00:00,2023-03-07 08:00:00+00:00,18,-0.00035962672560514047,0.00023788809133464372,-0.0005975148169397842,20% target-vol,development,3.0,-0.19733979460034193,0.2023539035928597,0.23788809133464373,closed,loss
risk24,ETH,short,2023-03-04 12:00:00+00:00,2023-03-07 08:00:00+00:00,18,-0.00043155207072617045,0.00028546570960157253,-0.000717017780327743,24% target-vol,development,3.0,-0.2368077535204103,0.24282468431143156,0.2854657096015725,closed,loss
risk20,ETH,short,2023-03-07 16:00:00+00:00,2023-03-08 04:00:00+00:00,4,6.149254385501446e-05,0.00012964342819750928,-6.815088434249481e-05,20% target-vol,development,0.6666666666666666,-0.12897721182649843,0.12939678675468344,0.12964342819750926,closed,loss
risk24,ETH,short,2023-03-07 16:00:00+00:00,2023-03-08 04:00:00+00:00,4,7.37910526260173e-05,0.00015557211383701111,-8.178106121099382e-05,24% target-vol,development,0.6666666666666666,-0.15477265419179811,0.1552761441056201,0.1555721138370111,closed,loss
risk20,ETH,long,2023-03-12 00:00:00+00:00,2023-03-25 00:00:00+00:00,79,0.01209678620796298,0.0005593036427211856,0.011537482565241794,20% target-vol,development,13.166666666666666,0.09976301865431758,0.12892312341280593,0.2202557291359153,closed,win
risk24,ETH,long,2023-03-12 00:00:00+00:00,2023-03-25 00:00:00+00:00,79,0.01451614344955558,0.0006711643712654226,0.013844979078290158,24% target-vol,development,13.166666666666666,0.11971562238518106,0.15470774809536708,0.26430687496309835,closed,win
risk20,BTC,long,2023-03-12 08:00:00+00:00,2023-03-28 20:00:00+00:00,100,0.03880703518785146,0.0004894392781075569,0.0383175959097439,20% target-vol,development,16.666666666666668,0.007372837342192684,0.15941614125677878,0.25944868268728716,closed,win
risk24,BTC,long,2023-03-12 08:00:00+00:00,2023-03-28 20:00:00+00:00,100,0.046568442225421745,0.0005873271337290674,0.04598111509169268,24% target-vol,development,16.666666666666668,0.00884740481063121,0.19129936950813445,0.31133841922474453,closed,win
risk20,ETH,long,2023-03-29 00:00:00+00:00,2023-04-07 12:00:00+00:00,58,0.006352667403604226,0.0008560626130846692,0.0054966047905195565,20% target-vol,development,9.666666666666666,0.11846842086414895,0.22454079605177518,0.3223830691136888,closed,win
risk24,ETH,long,2023-03-29 00:00:00+00:00,2023-04-07 12:00:00+00:00,58,0.007390746385690549,0.0009509445818254258,0.006439801803865123,24% target-vol,development,9.666666666666666,0.14216210503697874,0.251162837036596,0.36876552842836063,closed,win
risk20,BTC,long,2023-03-31 00:00:00+00:00,2023-03-31 04:00:00+00:00,2,3.642849087319024e-05,5.103454639173939e-06,3.13250362340163e-05,20% target-vol,development,0.3333333333333333,0.005100224610887133,0.005101839625030536,0.005103454639173939,closed,win
risk24,BTC,long,2023-03-31 00:00:00+00:00,2023-03-31 04:00:00+00:00,2,4.3714189047828304e-05,6.124145567008725e-06,3.759004348081958e-05,24% target-vol,development,0.3333333333333333,0.006120269533064567,0.006122207550036646,0.006124145567008725,closed,win
risk20,BTC,long,2023-04-02 16:00:00+00:00,2023-04-03 04:00:00+00:00,4,-0.0011286787322239262,9.279264738315123e-05,-0.0012214713796070773,20% target-vol,development,0.6666666666666666,0.010253823786626278,0.06910098455352956,0.09279264738315122,closed,loss
risk24,BTC,long,2023-04-02 16:00:00+00:00,2023-04-03 04:00:00+00:00,4,-0.0014890392896056961,0.00011135117685978144,-0.0016003904664654775,24% target-vol,development,0.6666666666666666,0.02880095322698346,0.08704527263499347,0.11135117685978145,closed,loss
risk20,BTC,long,2023-04-03 16:00:00+00:00,2023-04-04 00:00:00+00:00,3,-0.0006789306971165153,4.2194099476689116e-05,-0.0007211247965932044,20% target-vol,development,0.5,0.04218287974837933,0.04217047001208423,0.04218287974837933,closed,loss
risk24,BTC,long,2023-04-03 16:00:00+00:00,2023-04-04 00:00:00+00:00,3,-0.0008147168365398182,5.06329193720269e-05,-0.000865349755911845,24% target-vol,development,0.5,0.050619455698055184,0.050604564014501065,0.050619455698055184,closed,loss
risk24,BTC,long,2023-04-05 12:00:00+00:00,2023-04-05 16:00:00+00:00,2,-1.2402972433014276e-05,6.576570935846552e-07,-1.306062952659893e-05,24% target-vol,development,0.3333333333333333,0.0005361516492427184,0.0005969043714136868,0.0006576570935846552,closed,loss
risk20,BTC,long,2023-04-10 20:00:00+00:00,2023-04-17 04:00:00+00:00,39,0.012339951089098652,0.0005435512838351366,0.011796399805263515,20% target-vol,development,6.5,0.054959923774859414,0.19840667354825992,0.40936524857937057,closed,win
risk24,BTC,long,2023-04-10 20:00:00+00:00,2023-04-17 04:00:00+00:00,39,0.013329568872337506,0.0006098034298762369,0.01271976544246127,24% target-vol,development,6.5,0.06595190852983128,0.2289748477582648,0.44253564979383403,closed,win
risk20,ETH,long,2023-04-12 08:00:00+00:00,2023-04-19 08:00:00+00:00,43,0.018259319568630725,0.0005050189137724182,0.017754300654858307,20% target-vol,development,7.166666666666667,0.05822844066738419,0.2075121433773506,0.3228212567745079,closed,win
risk24,ETH,long,2023-04-12 08:00:00+00:00,2023-04-19 08:00:00+00:00,43,0.022043616691631136,0.000590061253659844,0.021453555437971294,24% target-vol,development,7.166666666666667,0.06987412880086101,0.24753241135375537,0.3798685307450819,closed,win
risk20,BTC,long,2023-04-30 20:00:00+00:00,2023-05-01 04:00:00+00:00,3,-0.0023227913645657355,5.843083553091421e-05,-0.00238122220009665,20% target-vol,development,0.5,0.05843083553091421,0.058197798817511186,0.05843083553091421,closed,loss
risk24,BTC,long,2023-04-30 20:00:00+00:00,2023-05-01 04:00:00+00:00,3,-0.0027873496374788823,7.011700263709704e-05,-0.0028574666401159792,24% target-vol,development,0.5,0.07011700263709704,0.06983735858101342,0.07011700263709704,closed,loss
risk20,ETH,long,2023-05-04 04:00:00+00:00,2023-05-06 20:00:00+00:00,17,-0.007708858052042366,0.0003143563582457889,-0.008023214410288155,20% target-vol,development,2.8333333333333335,0.05255445916425827,0.11861304248015646,0.2871788360938889,closed,loss
risk24,ETH,long,2023-05-04 04:00:00+00:00,2023-05-06 20:00:00+00:00,17,-0.009250629662450839,0.00037722762989494653,-0.009627857292345785,24% target-vol,development,2.8333333333333335,0.06306535099710993,0.14233565097618775,0.3446146033126665,closed,loss
risk20,BTC,long,2023-05-04 08:00:00+00:00,2023-05-07 00:00:00+00:00,17,-0.0008052370371838901,6.02752527931507e-05,-0.0008655122899770408,20% target-vol,development,2.8333333333333335,0.028504498811197456,0.053146231439519166,0.058893576109359476,closed,loss
risk24,BTC,long,2023-05-04 08:00:00+00:00,2023-05-07 00:00:00+00:00,17,-0.0009662844446206684,7.233030335178082e-05,-0.0010386147479724492,24% target-vol,development,2.8333333333333335,0.03420539857343694,0.06377547772742298,0.07067229133123137,closed,loss
risk20,BTC,short,2023-05-17 04:00:00+00:00,2023-05-17 20:00:00+00:00,5,-0.0018798061507301223,0.00013758192370131006,-0.0020173880744314325,20% target-vol,development,0.8333333333333334,-0.13741896137913792,0.1374360181114304,0.13755620063198284,closed,loss
risk24,BTC,short,2023-05-17 04:00:00+00:00,2023-05-17 20:00:00+00:00,5,-0.0022557673808761463,0.000165098308441572,-0.0024208656893177183,24% target-vol,development,0.8333333333333334,-0.1649027536549655,0.16492322173371649,0.16506744075837934,closed,loss
risk20,ETH,short,2023-05-17 12:00:00+00:00,2023-05-17 16:00:00+00:00,2,0.0002825830985983323,6.403704478061872e-05,0.00021854605381771357,20% target-vol,development,0.3333333333333333,-0.06403704478061871,0.06400793841666952,0.06403704478061871,closed,win
risk24,ETH,short,2023-05-17 12:00:00+00:00,2023-05-17 16:00:00+00:00,2,0.00033909971831799855,7.684445373674244e-05,0.0002622552645812561,24% target-vol,development,0.3333333333333333,-0.07684445373674244,0.07680952610000341,0.07684445373674244,closed,win
risk20,BTC,short,2023-05-18 20:00:00+00:00,2023-05-21 20:00:00+00:00,19,-0.003141239278221226,0.00040148635887087074,-0.003542725637092097,20% target-vol,development,3.1666666666666665,-0.06948233590222606,0.29236765062436887,0.40115897236875014,closed,loss
risk24,BTC,short,2023-05-18 20:00:00+00:00,2023-05-21 20:00:00+00:00,19,-0.0037694871338654723,0.00048178363064504503,-0.004251270764510517,24% target-vol,development,3.1666666666666665,-0.08337880308267126,0.3508411807492426,0.4813907668425003,closed,loss
risk20,ETH,short,2023-05-19 00:00:00+00:00,2023-05-19 00:00:00+00:00,1,-0.0004379143331540421,0.00013750038287643364,-0.0005754147160304757,20% target-vol,development,0.16666666666666666,-0.13750038287643362,0.13750038287643362,0.13750038287643362,closed,loss
risk24,ETH,short,2023-05-19 00:00:00+00:00,2023-05-19 00:00:00+00:00,1,-0.0005254971997848505,0.00016500045945172035,-0.0006904976592365709,24% target-vol,development,0.16666666666666666,-0.16500045945172034,0.16500045945172034,0.16500045945172034,closed,loss
risk20,BTC,short,2023-05-22 04:00:00+00:00,2023-05-23 08:00:00+00:00,8,-0.005396746305626318,0.0003219350416393849,-0.005718681347265703,20% target-vol,development,1.3333333333333333,-0.14852709804947264,0.19351422346915853,0.2845247076429514,closed,loss
risk24,BTC,short,2023-05-22 04:00:00+00:00,2023-05-23 08:00:00+00:00,8,-0.006476095566751581,0.00038632204996726186,-0.006862417616718843,24% target-vol,development,1.3333333333333333,-0.17823251765936718,0.23221706816299026,0.34142964917154167,closed,loss
risk20,ETH,long,2023-05-23 00:00:00+00:00,2023-05-24 08:00:00+00:00,9,-0.0018587924378560114,0.00024872594478719443,-0.002107518382643206,20% target-vol,development,1.5,0.032434209688478134,0.21243559269571582,0.24872594478719443,closed,loss
risk24,ETH,long,2023-05-23 00:00:00+00:00,2023-05-24 08:00:00+00:00,9,-0.0022305509254272144,0.0002984711337446333,-0.0025290220591718477,24% target-vol,development,1.5,0.03892105162617378,0.254922711234859,0.29847113374463324,closed,loss
risk20,BTC,short,2023-05-24 08:00:00+00:00,2023-05-28 16:00:00+00:00,27,-0.0019706827380464895,0.0004012134489336501,-0.0023718961869801398,20% target-vol,development,4.5,-0.02513941112988985,0.15849478628870978,0.2954939006729084,closed,loss
risk24,BTC,short,2023-05-24 08:00:00+00:00,2023-05-28 16:00:00+00:00,27,-0.002152765394776664,0.0004657503783905412,-0.0026185157731672053,24% target-vol,development,4.5,-0.03016729335586781,0.1876645829806814,0.35459268080749,closed,loss
risk20,ETH,long,2023-05-26 20:00:00+00:00,2023-05-31 20:00:00+00:00,31,0.005908152835476177,0.00037919710417821847,0.005528955731297958,20% target-vol,development,5.166666666666667,0.20700380093881476,0.2539255743312494,0.32665892661085894,closed,win
risk24,ETH,long,2023-05-26 20:00:00+00:00,2023-05-31 20:00:00+00:00,31,0.00673277656281707,0.00043797949758994165,0.006294797065227129,24% target-vol,development,5.166666666666667,0.231975114119695,0.2899402896828904,0.37546004427733676,closed,win
risk20,BTC,long,2023-05-30 12:00:00+00:00,2023-05-30 16:00:00+00:00,2,-0.00017245685137179715,6.762360895819162e-05,-0.00024008046032998877,20% target-vol,development,0.3333333333333333,0.06762360895819162,0.06722430406110705,0.06762360895819162,closed,loss
risk24,BTC,long,2023-05-30 12:00:00+00:00,2023-05-30 16:00:00+00:00,2,-0.0002526487791195466,9.828082706541728e-05,-0.0003509296061849639,24% target-vol,development,0.3333333333333333,0.09828082706541728,0.09778393479519804,0.09828082706541728,closed,loss
risk20,BTC,short,2023-05-31 12:00:00+00:00,2023-06-07 04:00:00+00:00,41,0.01124298287234514,0.0008068725986330385,0.0104361102737121,20% target-vol,development,6.833333333333333,-0.08190447705191337,0.17605238594580563,0.5865062286613866,closed,win
risk24,BTC,short,2023-05-31 12:00:00+00:00,2023-06-07 04:00:00+00:00,41,0.01339980253543055,0.0009509604833625373,0.012448842052068011,24% target-vol,development,6.833333333333333,-0.09828537246229606,0.20892798791588396,0.7038074743936638,closed,win
risk20,ETH,long,2023-06-03 00:00:00+00:00,2023-06-04 04:00:00+00:00,8,-0.0011650800697807569,0.00021744068813119418,-0.001382520757911951,20% target-vol,development,1.3333333333333333,0.0631367691329487,0.18149593523752672,0.2174406881311942,closed,loss
risk24,ETH,long,2023-06-03 00:00:00+00:00,2023-06-04 04:00:00+00:00,8,-0.0012147949264948625,0.000260928825757433,-0.0014757237522522956,24% target-vol,development,1.3333333333333333,0.06774261786340467,0.20684469111616477,0.260928825757433,closed,loss
risk20,ETH,long,2023-06-04 12:00:00+00:00,2023-06-04 12:00:00+00:00,1,0.00017089066258588277,0.000217920002312934,-4.702933972705123e-05,20% target-vol,development,0.16666666666666666,0.21792000231293399,0.21792000231293399,0.21792000231293399,closed,loss
risk24,ETH,long,2023-06-04 12:00:00+00:00,2023-06-04 12:00:00+00:00,1,0.00020506879510305927,0.0002615040027755207,-5.6435207672461446e-05,24% target-vol,development,0.16666666666666666,0.2615040027755207,0.2615040027755207,0.2615040027755207,closed,loss
risk20,ETH,long,2023-06-04 20:00:00+00:00,2023-06-04 20:00:00+00:00,1,0.00040244712531065064,0.00029308327546476474,0.0001093638498458859,20% target-vol,development,0.16666666666666666,0.29308327546476476,0.29308327546476476,0.29308327546476476,closed,win
risk24,ETH,long,2023-06-04 20:00:00+00:00,2023-06-04 20:00:00+00:00,1,0.0004829365503727808,0.00035169993055771776,0.00013123661981506306,24% target-vol,development,0.16666666666666666,0.35169993055771775,0.35169993055771775,0.35169993055771775,closed,win
risk20,ETH,short,2023-06-05 20:00:00+00:00,2023-06-06 20:00:00+00:00,7,-0.01277937136333964,0.00026727373591713994,-0.01304664509925678,20% target-vol,development,1.1666666666666667,-0.04645430061824463,0.2347494894037801,0.26727373591713993,closed,loss
risk24,ETH,short,2023-06-05 20:00:00+00:00,2023-06-06 20:00:00+00:00,7,-0.015335245636007565,0.00032072848310056774,-0.015655974119108133,24% target-vol,development,1.1666666666666667,-0.05574516074189356,0.2816993872845361,0.32072848310056773,closed,loss
risk20,BTC,short,2023-06-08 16:00:00+00:00,2023-06-16 20:00:00+00:00,50,-0.006009909957976729,0.00043953118197655525,-0.006449441139953284,20% target-vol,development,8.333333333333334,-0.07707821894323279,0.16520537219554568,0.2604688974794307,closed,loss
risk24,BTC,short,2023-06-08 16:00:00+00:00,2023-06-16 20:00:00+00:00,50,-0.0072118919495720735,0.0005274374183718664,-0.00773932936794394,24% target-vol,development,8.333333333333334,-0.09249386273187933,0.19824644663465488,0.3125626769753168,closed,loss
risk20,ETH,short,2023-06-09 12:00:00+00:00,2023-06-17 00:00:00+00:00,46,0.01130184870155621,0.0005562876381605567,0.010745561063395654,20% target-vol,development,7.666666666666667,-0.0901396957675017,0.2647713212032416,0.40542064017981644,closed,win
risk24,ETH,short,2023-06-09 12:00:00+00:00,2023-06-17 00:00:00+00:00,46,0.013527644065613818,0.0006675451657926674,0.01286009889982115,24% target-vol,development,7.666666666666667,-0.10816763492100202,0.3173827798504173,0.48650476821577965,closed,win
risk20,BTC,long,2023-06-20 16:00:00+00:00,2023-06-22 00:00:00+00:00,9,0.01136212085799271,0.0001868526787704179,0.011175268179222292,20% target-vol,development,1.5,0.17183602937114087,0.0878174835090921,0.18053696211574324,closed,win
risk24,BTC,long,2023-06-20 16:00:00+00:00,2023-06-28 20:00:00+00:00,50,0.015036492653786353,0.00032058153505171535,0.014715911118734638,24% target-vol,development,8.333333333333334,0.20620323524536907,0.05443338106798167,0.21664435453889194,closed,win
risk20,ETH,long,2023-06-21 08:00:00+00:00,2023-06-26 20:00:00+00:00,34,0.005680837602416789,0.0003270618427755373,0.0053537757596412525,20% target-vol,development,5.666666666666667,0.06803988396142015,0.2883818641609921,0.3217650472079988,closed,win
risk24,ETH,long,2023-06-21 08:00:00+00:00,2023-06-26 20:00:00+00:00,34,0.006009704823260962,0.0003596438686670791,0.005650060954593883,24% target-vol,development,5.666666666666667,0.08164786075370416,0.31570041908715907,0.3531851540353445,closed,win
risk20,BTC,long,2023-06-26 08:00:00+00:00,2023-06-28 20:00:00+00:00,16,-0.00023271750880128394,8.264012357470915e-05,-0.0003153576323759931,20% target-vol,development,2.6666666666666665,0.02574338973502649,0.049767829112333684,0.06298439328455974,closed,loss
risk20,ETH,long,2023-06-28 00:00:00+00:00,2023-06-28 00:00:00+00:00,1,-0.0004218886683027849,0.00013735408390071262,-0.0005592427522034976,20% target-vol,development,0.16666666666666666,0.1373540839007126,0.1373540839007126,0.1373540839007126,closed,loss
risk24,ETH,long,2023-06-28 00:00:00+00:00,2023-06-28 00:00:00+00:00,1,-0.00045636843699977276,0.00014857964504587308,-0.0006049480820456458,24% target-vol,development,0.16666666666666666,0.14857964504587307,0.14857964504587307,0.14857964504587307,closed,loss
risk20,ETH,long,2023-07-01 00:00:00+00:00,2023-07-05 16:00:00+00:00,29,-0.002945285131578611,0.0005331172523108406,-0.0034784023838894517,20% target-vol,development,4.833333333333333,0.37898140023288235,0.3412139790842688,0.38662757399787767,closed,loss
risk24,ETH,long,2023-07-01 00:00:00+00:00,2023-07-05 16:00:00+00:00,29,-0.0030694913048841042,0.0006076612422578822,-0.0036771525471419866,24% target-vol,development,4.833333333333333,0.4228083914935447,0.3775720767629343,0.43206842517116945,closed,loss
risk24,BTC,long,2023-07-04 00:00:00+00:00,2023-07-04 20:00:00+00:00,6,-0.00045397232874438883,2.6100669776848957e-05,-0.0004800729985212378,24% target-vol,development,1.0,0.024138108339145443,0.024887196105576593,0.02570115165707626,closed,loss
risk20,ETH,short,2023-07-07 00:00:00+00:00,2023-07-07 08:00:00+00:00,3,0.0014821426842249676,0.0003217156827503934,0.0011604270014745743,20% target-vol,development,0.5,-0.08450970608688092,0.16202711868645311,0.31938881331799546,closed,win
risk24,ETH,short,2023-07-07 00:00:00+00:00,2023-07-07 08:00:00+00:00,3,0.0017785712210699612,0.0003860588193004722,0.001392512401769489,24% target-vol,development,0.5,-0.10141164730425711,0.19443254242374375,0.3832665759815946,closed,win
risk20,ETH,short,2023-07-07 16:00:00+00:00,2023-07-07 16:00:00+00:00,1,-0.0019249498527440247,0.0003207351780578607,-0.002245685030801885,20% target-vol,development,0.16666666666666666,-0.3207351780578607,0.3207351780578607,0.3207351780578607,closed,loss
risk24,ETH,short,2023-07-07 16:00:00+00:00,2023-07-07 16:00:00+00:00,1,-0.0023099398232928293,0.00038488221366943275,-0.002694822036962262,24% target-vol,development,0.16666666666666666,-0.38488221366943276,0.38488221366943276,0.38488221366943276,closed,loss
risk20,BTC,long,2023-07-11 20:00:00+00:00,2023-07-13 08:00:00+00:00,10,-0.0006896287767989477,9.001973070092616e-05,-0.0007796485074998739,20% target-vol,development,1.6666666666666667,0.08957915245982546,0.0808335513217756,0.09001475978208441,closed,loss
risk24,BTC,long,2023-07-11 20:00:00+00:00,2023-07-13 08:00:00+00:00,10,-0.0008275545321587374,0.00010802367684111142,-0.0009355782089998488,24% target-vol,development,1.6666666666666667,0.10749498295179055,0.0970002615861307,0.10801771173850129,closed,loss
risk20,BTC,long,2023-07-13 20:00:00+00:00,2023-07-28 16:00:00+00:00,90,-0.011449795065551858,0.000542069420993645,-0.011991864486545503,20% target-vol,development,15.0,0.0011340341248990877,0.13388238748254205,0.19791657726935993,closed,loss
risk20,ETH,long,2023-07-13 20:00:00+00:00,2023-07-16 08:00:00+00:00,16,0.004210736518263262,0.00041314683945877244,0.0037975896788044893,20% target-vol,development,2.6666666666666665,0.40419129703886,0.19495981150757347,0.40419129703886,closed,win
risk24,BTC,long,2023-07-13 20:00:00+00:00,2023-07-26 00:00:00+00:00,74,-0.01426956596708479,0.0004685299761318767,-0.014738095943216668,24% target-vol,development,12.333333333333334,0.019739674243173078,0.14914008803374376,0.2101775662889435,closed,loss
risk24,ETH,long,2023-07-13 20:00:00+00:00,2023-07-16 08:00:00+00:00,16,0.005106985774791368,0.00048823708288336877,0.004618748691907999,24% target-vol,development,2.6666666666666665,0.4700750564065928,0.2269497248476412,0.4700750564065928,closed,win
risk24,BTC,long,2023-07-26 20:00:00+00:00,2023-07-28 16:00:00+00:00,12,0.00048068154533090646,0.00022066793407047848,0.000260013611260428,24% target-vol,development,2.0,0.06247016003678655,0.1483425992553544,0.21923605474563976,closed,win
risk20,BTC,long,2023-07-29 20:00:00+00:00,2023-08-01 08:00:00+00:00,16,-0.002980852100691893,0.00040401472984614187,-0.003384866830538035,20% target-vol,development,2.6666666666666665,0.12413105470926565,0.19116013672515253,0.3240927888672101,closed,loss
risk24,BTC,long,2023-07-29 20:00:00+00:00,2023-08-01 08:00:00+00:00,16,-0.003055361278307831,0.00041264739411021276,-0.003468008672418044,24% target-vol,development,2.6666666666666665,0.14895726565111875,0.1968554646640689,0.3333333333333333,closed,loss
risk20,ETH,long,2023-07-30 04:00:00+00:00,2023-07-30 20:00:00+00:00,5,-0.0009090310431947457,7.730681453367503e-05,-0.0009863378577284207,20% target-vol,development,0.8333333333333334,0.07650449463842114,0.07697066532404326,0.07729187856643012,closed,loss
risk24,ETH,long,2023-07-30 04:00:00+00:00,2023-07-30 20:00:00+00:00,5,-0.0009335921599141788,7.929690959948815e-05,-0.0010128890695136668,24% target-vol,development,0.8333333333333334,0.07876916337758402,0.07907057353636128,0.07929690959948814,closed,loss
risk20,ETH,short,2023-08-01 04:00:00+00:00,2023-08-08 20:00:00+00:00,47,-0.0066256171927423155,0.001450273673156418,-0.008075890865898733,20% target-vol,development,7.833333333333333,-0.29826238086605034,0.4243647237391432,0.645850069486167,closed,loss
risk24,ETH,short,2023-08-01 04:00:00+00:00,2023-08-08 20:00:00+00:00,47,-0.007313114544806875,0.0016574551783147767,-0.008970569723121652,24% target-vol,development,7.833333333333333,-0.34492925686954123,0.4893357565703575,0.7712080565108557,closed,loss
risk20,BTC,long,2023-08-02 04:00:00+00:00,2023-08-02 16:00:00+00:00,4,-0.00321090129719915,0.0002873397930172961,-0.003498241090216446,20% target-vol,development,0.6666666666666666,0.003253495877759203,0.17509914708993624,0.2873397930172961,closed,loss
risk24,BTC,long,2023-08-02 08:00:00+00:00,2023-08-02 16:00:00+00:00,3,-0.00370531252026782,0.0003333333333333333,-0.004038645853601153,24% target-vol,development,0.5,0.23501038681556774,0.26784507204380215,0.3333333333333333,closed,loss
risk20,BTC,long,2023-08-08 20:00:00+00:00,2023-08-09 04:00:00+00:00,3,0.001764198477984718,0.00036956242855042684,0.0013946360494342912,20% target-vol,development,0.5,0.3333333333333333,0.3573263312925317,0.36956242855042687,closed,win
risk24,BTC,long,2023-08-08 20:00:00+00:00,2023-08-09 04:00:00+00:00,3,0.0016139565050994177,0.000393447622629524,0.0012205088824698937,24% target-vol,development,0.5,0.3333333333333333,0.37324296218663183,0.393447622629524,closed,win
risk20,ETH,long,2023-08-09 12:00:00+00:00,2023-08-09 12:00:00+00:00,1,1.3455393947326606e-05,9.277942639817793e-05,-7.932403245085132e-05,20% target-vol,development,0.16666666666666666,0.09277942639817793,0.09277942639817793,0.09277942639817793,closed,loss
risk24,ETH,long,2023-08-09 12:00:00+00:00,2023-08-09 12:00:00+00:00,1,1.3455393947326606e-05,9.277942639817793e-05,-7.932403245085132e-05,24% target-vol,development,0.16666666666666666,0.09277942639817793,0.09277942639817793,0.09277942639817793,closed,loss
risk20,BTC,short,2023-08-13 20:00:00+00:00,2023-08-31 20:00:00+00:00,109,0.0270862727800341,0.0015316794338626975,0.025554593346171404,20% target-vol,development,18.166666666666668,-0.1018237373968255,0.4061548208216847,0.636951406293903,closed,win
risk24,BTC,short,2023-08-13 20:00:00+00:00,2023-08-31 20:00:00+00:00,109,0.024315593655653597,0.0018364883981932896,0.02247910525746031,24% target-vol,development,18.166666666666668,-0.12218848487619059,0.4738152666815402,0.7643416875526835,closed,win
risk20,ETH,short,2023-08-14 04:00:00+00:00,2023-08-23 20:00:00+00:00,59,0.03942599978137376,0.0006115016335680407,0.03881449814780572,20% target-vol,development,9.833333333333334,-0.050688263004634256,0.19314576941443945,0.599478288802184,closed,win
risk24,ETH,short,2023-08-14 04:00:00+00:00,2023-08-23 20:00:00+00:00,59,0.04187968459120865,0.0006340072307587478,0.0412456773604499,24% target-vol,development,9.833333333333334,-0.06082591560556111,0.21401604426140655,0.6243722731254486,closed,win
risk20,ETH,short,2023-08-28 16:00:00+00:00,2023-08-29 16:00:00+00:00,7,-0.0014442915365014178,5.416283145750928e-05,-0.0014984543679589272,20% target-vol,development,1.1666666666666667,-0.05405391182764779,0.04258478771398149,0.05413632900195303,closed,loss
risk24,ETH,short,2023-08-28 16:00:00+00:00,2023-08-29 16:00:00+00:00,7,-0.0017331498438017015,6.499539774901115e-05,-0.0017981452415507127,24% target-vol,development,1.1666666666666667,-0.06486469419317734,0.051101745256777784,0.06496359480234364,closed,loss
risk20,BTC,short,2023-09-01 08:00:00+00:00,2023-09-08 04:00:00+00:00,42,-0.0031220976675948283,0.0003029726644419722,-0.0034250703320368005,20% target-vol,development,7.0,-0.10187157914440449,0.09097662805236555,0.25253324773317615,closed,loss
risk24,BTC,short,2023-09-01 08:00:00+00:00,2023-09-08 04:00:00+00:00,42,-0.0037465172011137936,0.00036356719733036664,-0.0041100843984441604,24% target-vol,development,7.0,-0.12224589497328538,0.10917195366283866,0.30303989727981134,closed,loss
risk20,ETH,short,2023-09-02 00:00:00+00:00,2023-09-08 00:00:00+00:00,37,-0.002309776811862446,0.0002025969801641715,-0.0025123737920266175,20% target-vol,development,6.166666666666667,-0.13833677491030147,0.10336165925955056,0.15282900683360404,closed,loss
risk24,ETH,short,2023-09-02 00:00:00+00:00,2023-09-08 00:00:00+00:00,37,-0.002771732174234935,0.00024311637619700577,-0.0030148485504319406,24% target-vol,development,6.166666666666667,-0.1660041298923617,0.12403399111146066,0.18339480820032483,closed,loss
risk20,ETH,short,2023-09-08 16:00:00+00:00,2023-09-12 16:00:00+00:00,25,0.0008873235220041669,0.0005239153553656971,0.0003634081666384698,20% target-vol,development,4.166666666666667,-0.3165678575686233,0.13309178334366006,0.32010663292674624,closed,win
risk24,ETH,short,2023-09-08 16:00:00+00:00,2023-09-12 16:00:00+00:00,25,0.0010647882264049995,0.0006286984264388363,0.00043608979996616315,24% target-vol,development,4.166666666666667,-0.379881429082348,0.15971014001239206,0.38412795951209544,closed,win
risk20,BTC,short,2023-09-11 20:00:00+00:00,2023-09-12 12:00:00+00:00,5,-0.00788939302174836,0.000251845560062008,-0.008141238581810368,20% target-vol,development,0.8333333333333334,-0.05396110964024311,0.1425679300436054,0.25184556006200803,closed,loss
risk24,BTC,short,2023-09-11 20:00:00+00:00,2023-09-12 12:00:00+00:00,5,-0.009467271626098029,0.00030221467207440956,-0.009769486298172439,24% target-vol,development,0.8333333333333334,-0.06475333156829173,0.1710815160523264,0.30221467207440955,closed,loss
risk20,BTC,long,2023-09-18 16:00:00+00:00,2023-09-18 20:00:00+00:00,2,-0.0027612614230143983,0.00019938142202705837,-0.002960642845041457,20% target-vol,development,0.3333333333333333,0.19774228074210684,0.1985618513845826,0.19938142202705836,closed,loss
risk24,BTC,long,2023-09-18 16:00:00+00:00,2023-09-18 20:00:00+00:00,2,-0.003541301039161539,0.0002557339412348336,-0.003797034980396373,24% target-vol,development,0.3333333333333333,0.2537827254908734,0.2547583333628535,0.25573394123483356,closed,loss
risk20,BTC,long,2023-09-19 04:00:00+00:00,2023-09-20 04:00:00+00:00,7,0.002512037221963387,0.00019450609501226585,0.002317531126951121,20% target-vol,development,1.1666666666666667,0.19432266113899818,0.19219149989050535,0.1943797468182246,closed,win
risk24,BTC,long,2023-09-19 04:00:00+00:00,2023-09-20 04:00:00+00:00,7,0.0032242361612041443,0.00024971910427624966,0.0029745170569278946,24% target-vol,development,1.1666666666666667,0.24949541771699893,0.24686117088137818,0.24956458042115104,closed,win
risk20,ETH,short,2023-09-21 00:00:00+00:00,2023-09-28 08:00:00+00:00,45,-0.0011103982122527038,0.00083040711739662,-0.0019408053296493238,20% target-vol,development,7.5,-0.07252209392684839,0.5229362877573146,0.7088985551696134,closed,loss
risk24,ETH,short,2023-09-21 00:00:00+00:00,2023-09-28 08:00:00+00:00,45,-0.001336685778141035,0.000996453487986176,-0.002333139266127211,24% target-vol,development,7.5,-0.0785279489174468,0.6172661791704103,0.8506782662035363,closed,loss
risk20,BTC,long,2023-09-21 08:00:00+00:00,2023-09-22 20:00:00+00:00,10,-0.0064962654952263445,0.0004317273606728216,-0.006927992855899166,20% target-vol,development,1.6666666666666667,0.4312499863869233,0.18427889678055764,0.43134379711955434,closed,loss
risk24,BTC,long,2023-09-21 08:00:00+00:00,2023-09-22 20:00:00+00:00,10,-0.0074749691902900465,0.0005098336752072026,-0.00798480286549725,24% target-vol,development,1.6666666666666667,0.5093486016158358,0.1988730686629161,0.5094585033056165,closed,loss
risk20,BTC,long,2023-09-23 04:00:00+00:00,2023-09-23 16:00:00+00:00,4,-2.4346245143581782e-05,9.369889286329431e-05,-0.0001180451380068761,20% target-vol,development,0.6666666666666666,0.09369889286329432,0.08654271290113719,0.09369889286329432,closed,loss
risk24,BTC,long,2023-09-23 04:00:00+00:00,2023-09-23 16:00:00+00:00,4,-2.6718674019130054e-05,8.869763858313869e-05,-0.00011541631260226874,24% target-vol,development,0.6666666666666666,0.08869763858313869,0.08404249284754171,0.08869763858313869,closed,loss
risk20,BTC,short,2023-09-25 12:00:00+00:00,2023-09-27 12:00:00+00:00,13,-0.003274856738694384,0.00014763646183893,-0.003422493200533314,20% target-vol,development,2.1666666666666665,-0.12015744825738221,0.12519714915469402,0.1457379432204739,closed,loss
risk24,BTC,short,2023-09-25 12:00:00+00:00,2023-09-27 12:00:00+00:00,13,-0.0037668476531194156,0.0001686286285451096,-0.003935476281664525,24% target-vol,development,2.1666666666666665,-0.14418893790885864,0.1489332003841661,0.16635040620296235,closed,loss
risk20,BTC,short,2023-09-28 04:00:00+00:00,2023-09-28 16:00:00+00:00,4,-0.0013972990529915815,0.0001246207300086517,-0.0015219197830002333,20% target-vol,development,0.6666666666666666,-0.09432492082303977,0.08875457214483498,0.12462073000865172,closed,loss
risk24,BTC,short,2023-09-28 04:00:00+00:00,2023-09-28 16:00:00+00:00,4,-0.0014826545944872276,0.00014954487601038204,-0.0016321994704976096,24% target-vol,development,0.6666666666666666,-0.11318990498764771,0.10441979962712311,0.14954487601038205,closed,loss
risk20,BTC,long,2023-10-01 16:00:00+00:00,2023-10-01 16:00:00+00:00,1,-0.0004355360613130857,0.00028527901639827097,-0.0007208150777113567,20% target-vol,development,0.16666666666666666,0.28527901639827097,0.28527901639827097,0.28527901639827097,closed,loss
risk24,BTC,long,2023-10-01 16:00:00+00:00,2023-10-01 16:00:00+00:00,1,-0.0005355512172816137,0.00035078960864085197,-0.0008863408259224656,24% target-vol,development,0.16666666666666666,0.35078960864085196,0.35078960864085196,0.35078960864085196,closed,loss
risk20,BTC,long,2023-10-02 04:00:00+00:00,2023-10-11 04:00:00+00:00,55,-0.013803290893397078,0.0008277364506358029,-0.01463102734403288,20% target-vol,development,9.166666666666666,0.259397283268546,0.37967121059515907,0.6466827291397316,closed,loss
risk24,BTC,long,2023-10-02 04:00:00+00:00,2023-10-11 04:00:00+00:00,55,-0.016409533303151525,0.0010426829392174645,-0.01745221624236899,24% target-vol,development,9.166666666666666,0.31976819420863234,0.440037766784027,0.7760192749676779,closed,loss
risk20,ETH,short,2023-10-05 20:00:00+00:00,2023-10-06 20:00:00+00:00,7,-0.007329383332700764,0.0004528297516137404,-0.007782213084314504,20% target-vol,development,1.1666666666666667,-0.34585832105554304,0.3856930350630021,0.45169869677152374,closed,loss
risk24,ETH,short,2023-10-05 20:00:00+00:00,2023-10-06 20:00:00+00:00,7,-0.00798576165171655,0.0004930491644511636,-0.008478810816167713,24% target-vol,development,1.1666666666666667,-0.36470004022009844,0.4138361419033759,0.49172740137801657,closed,loss
risk20,ETH,short,2023-10-08 16:00:00+00:00,2023-10-17 00:00:00+00:00,51,0.005284184174495708,0.000825750857963115,0.004458433316532593,20% target-vol,development,8.5,-0.16511571207290252,0.40705174813440015,0.6540989594373996,closed,win
risk24,ETH,short,2023-10-08 16:00:00+00:00,2023-10-17 00:00:00+00:00,51,0.005063347439631592,0.000973772509496015,0.0040895749301355765,24% target-vol,development,8.5,-0.16511571207290252,0.47570220774722943,0.7849187513248794,closed,win
risk20,BTC,long,2023-10-16 12:00:00+00:00,2023-10-31 08:00:00+00:00,90,0.08465413096961337,0.0008354784596155269,0.08381865250999784,20% target-vol,development,15.0,0.4988327470079361,0.3685114587964421,0.7129135367958807,closed,win
risk24,BTC,long,2023-10-16 12:00:00+00:00,2023-10-31 08:00:00+00:00,90,0.09960423030420765,0.001010410519965365,0.09859381978424228,24% target-vol,development,15.0,0.5652068876274702,0.43707154331417003,0.8472559760893551,closed,win
risk20,ETH,short,2023-10-18 00:00:00+00:00,2023-10-20 04:00:00+00:00,14,-0.005824384134253107,0.00029110192438389483,-0.006115486058637002,20% target-vol,development,2.3333333333333335,-0.08419288326722578,0.13124393330077017,0.24892970046543073,closed,loss
risk24,ETH,short,2023-10-18 00:00:00+00:00,2023-10-20 04:00:00+00:00,14,-0.005824384134253107,0.00029110192438389483,-0.006115486058637002,24% target-vol,development,2.3333333333333335,-0.08419288326722578,0.13124393330077017,0.24892970046543073,closed,loss
risk20,ETH,long,2023-10-22 00:00:00+00:00,2023-10-22 00:00:00+00:00,1,-0.0009465564206158855,0.00025020683159613873,-0.0011967632522120243,20% target-vol,development,0.16666666666666666,0.2502068315961387,0.2502068315961387,0.2502068315961387,closed,loss
risk24,ETH,long,2023-10-22 00:00:00+00:00,2023-10-22 00:00:00+00:00,1,-0.0011358677047390625,0.0003002481979153664,-0.001436115902654429,24% target-vol,development,0.16666666666666666,0.3002481979153664,0.3002481979153664,0.3002481979153664,closed,loss
risk20,ETH,long,2023-10-23 08:00:00+00:00,2023-11-13 04:00:00+00:00,126,0.052136929399446995,0.0013393037350451496,0.050797625664401845,20% target-vol,development,21.0,0.34447300209898607,0.3196492892084405,0.48464764637299923,closed,win
risk24,ETH,long,2023-10-23 08:00:00+00:00,2023-11-13 04:00:00+00:00,126,0.06190942012746679,0.0015307961445323733,0.060378623982934414,24% target-vol,development,21.0,0.41336760251878335,0.379989217684835,0.5479620796181849,closed,win
risk20,BTC,long,2023-11-01 00:00:00+00:00,2023-11-01 16:00:00+00:00,5,-0.0010549240807105954,0.00010329868530513386,-0.0011582227660157291,20% target-vol,development,0.8333333333333334,0.020122421200130507,0.08655376044018379,0.10328850377955734,closed,loss
risk24,BTC,long,2023-11-01 00:00:00+00:00,2023-11-01 16:00:00+00:00,5,-0.0012083020078591546,0.00012395842236616062,-0.0013322604302253153,24% target-vol,development,0.8333333333333334,0.040766575802197204,0.10718844660062865,0.1239462045354688,closed,loss
risk20,BTC,long,2023-11-02 04:00:00+00:00,2023-11-02 16:00:00+00:00,4,-0.0004145518548872055,1.8901349529321286e-05,-0.00043345320441652677,20% target-vol,development,0.6666666666666666,0.018901349529321283,0.018532918475829014,0.018901349529321283,closed,loss
risk24,BTC,long,2023-11-02 04:00:00+00:00,2023-11-02 16:00:00+00:00,4,-0.0008734472024109769,3.9220461213806086e-05,-0.000912667663624783,24% target-vol,development,0.6666666666666666,0.03922046121380609,0.038817392156766745,0.03922046121380609,closed,loss
risk20,BTC,long,2023-11-05 04:00:00+00:00,2023-11-07 12:00:00+00:00,15,-0.0013566997361301038,9.912708601984743e-05,-0.001455826822149951,20% target-vol,development,2.5,0.07413546369502448,0.08399000617391636,0.09903815742193488,closed,loss
risk24,BTC,long,2023-11-05 04:00:00+00:00,2023-11-07 12:00:00+00:00,15,-0.0016280396833561243,0.0001189525032238169,-0.0017469921865799411,24% target-vol,development,2.5,0.08896255643402935,0.10078800740869966,0.11884578890632184,closed,loss
risk20,BTC,long,2023-11-08 20:00:00+00:00,2023-11-09 20:00:00+00:00,7,0.004405360266774815,0.00014129033006136265,0.004264069936713452,20% target-vol,development,1.1666666666666667,0.04201459979589842,0.11928942283767154,0.14122238424493463,closed,win
risk24,BTC,long,2023-11-08 20:00:00+00:00,2023-11-10 04:00:00+00:00,9,0.0050180781669718535,0.00016954839607363526,0.004848529770898218,24% target-vol,development,1.5,0.05041751975507808,0.11719708280159773,0.1694668610939216,closed,win
risk20,BTC,long,2023-11-10 20:00:00+00:00,2023-11-13 12:00:00+00:00,17,-0.00027420778726585987,9.310844608907089e-05,-0.0003673162333549308,20% target-vol,development,2.8333333333333335,0.048807502883947806,0.05030452285177515,0.09305409277748856,closed,loss
risk24,BTC,long,2023-11-10 20:00:00+00:00,2023-11-13 12:00:00+00:00,17,-0.0003735153281011314,0.00011173013530688511,-0.0004852454634080165,24% target-vol,development,2.8333333333333335,0.058569003460737366,0.06095576070924409,0.11166491133298628,closed,loss
risk20,ETH,long,2023-11-13 12:00:00+00:00,2023-11-13 16:00:00+00:00,2,0.0009242395473454613,3.276257604880606e-05,0.0008914769712966552,20% target-vol,development,0.3333333333333333,0.016366868041078442,0.02456472204494225,0.03276257604880606,closed,win
risk24,ETH,long,2023-11-13 12:00:00+00:00,2023-11-13 16:00:00+00:00,2,0.0007348706689834705,2.6049614458136655e-05,0.0007088210545253338,24% target-vol,development,0.3333333333333333,0.01300924086356442,0.019529427660850536,0.026049614458136656,closed,win
risk20,BTC,long,2023-11-16 04:00:00+00:00,2023-11-21 20:00:00+00:00,35,-0.012010207768628694,0.0006255884698992061,-0.0126357962385279,20% target-vol,development,5.833333333333333,0.17912798693966311,0.22519684266225706,0.4316820115430818,closed,loss
risk24,BTC,long,2023-11-16 04:00:00+00:00,2023-11-21 20:00:00+00:00,35,-0.015415873276099994,0.0007117742530687429,-0.016127647529168735,24% target-vol,development,5.833333333333333,0.20450098756908794,0.23922200775837332,0.49825482705185603,closed,loss
risk20,ETH,long,2023-11-22 16:00:00+00:00,2023-11-27 12:00:00+00:00,30,0.0030965412375617233,0.000530201658660111,0.0025663395789016124,20% target-vol,development,5.0,0.13075397713339068,0.26354321636761224,0.4044399014118382,closed,win
risk24,ETH,long,2023-11-22 16:00:00+00:00,2023-11-27 12:00:00+00:00,30,0.0031132278989534174,0.00062099604256272,0.002492231856390697,24% target-vol,development,5.0,0.15245980911289367,0.29914024709095044,0.4547642550988724,closed,win
risk20,BTC,long,2023-11-23 04:00:00+00:00,2023-11-26 20:00:00+00:00,23,-3.930131212488053e-05,6.100522322022403e-05,-0.00010030653534510456,20% target-vol,development,3.8333333333333335,0.007494586485413841,0.053653038157156344,0.06000499597202715,closed,loss
risk24,BTC,long,2023-11-23 04:00:00+00:00,2023-11-26 20:00:00+00:00,23,-8.342224562095741e-05,0.00010030296731397373,-0.00018372521293493114,24% target-vol,development,3.8333333333333335,0.03438129310820143,0.09039606609225516,0.09989021373398232,closed,loss
risk20,BTC,long,2023-11-29 00:00:00+00:00,2023-12-06 12:00:00+00:00,46,0.043907877598122314,0.0007964831372377609,0.04311139446088455,20% target-vol,development,7.666666666666667,0.3261767419383433,0.28286976461508095,0.4055380584024682,closed,win
risk24,BTC,long,2023-11-29 00:00:00+00:00,2023-12-06 12:00:00+00:00,46,0.05268945311774676,0.000955779764685313,0.05173367335306145,24% target-vol,development,7.666666666666667,0.39141209032601193,0.3394437175380972,0.4866456700829618,closed,win
risk20,ETH,long,2023-12-01 08:00:00+00:00,2023-12-06 12:00:00+00:00,32,0.017441162916532086,0.0003487084524877893,0.017092454464044296,20% target-vol,development,5.333333333333333,0.3281469115310509,0.1945163539777787,0.3281469115310509,closed,win
risk24,ETH,long,2023-12-01 08:00:00+00:00,2023-12-06 12:00:00+00:00,32,0.020929395499838497,0.0004184501429853472,0.02051094535685315,24% target-vol,development,5.333333333333333,0.39377629383726104,0.2334196247733344,0.39377629383726104,closed,win
risk20,ETH,long,2023-12-08 00:00:00+00:00,2023-12-09 12:00:00+00:00,10,0.0004528184843589252,7.074834562042289e-05,0.00038207013873850233,20% target-vol,development,1.6666666666666667,0.07031829459234078,0.05635937376040826,0.07066643538009115,closed,win
risk24,ETH,long,2023-12-08 00:00:00+00:00,2023-12-09 12:00:00+00:00,10,0.0005433821812307101,8.489801474450744e-05,0.0004584841664862027,24% target-vol,development,1.6666666666666667,0.08438195351080892,0.06763124851248989,0.08479972245610938,closed,win
risk20,BTC,long,2023-12-20 20:00:00+00:00,2023-12-24 08:00:00+00:00,22,-0.0003615196763735705,0.00017017808690761286,-0.0005316977632811834,20% target-vol,development,3.6666666666666665,0.053414109067535576,0.09383493253621737,0.16937704793488925,closed,loss
risk24,BTC,long,2023-12-20 20:00:00+00:00,2023-12-24 08:00:00+00:00,22,-0.00046442172814719794,0.00017759152304218706,-0.000642013251189385,24% target-vol,development,3.6666666666666665,0.04692462516179937,0.10738515891040303,0.17663027627491878,closed,loss
risk20,ETH,long,2023-12-22 20:00:00+00:00,2023-12-24 08:00:00+00:00,10,-0.0009390937173689762,5.088679401679439e-05,-0.0009899805113857706,20% target-vol,development,1.6666666666666667,0.05079356582585376,0.027147772014584785,0.0508539615913832,closed,loss
risk24,ETH,long,2023-12-22 20:00:00+00:00,2023-12-24 08:00:00+00:00,10,-0.001126912460842771,6.106415282015323e-05,-0.0011879766136629242,24% target-vol,development,1.6666666666666667,0.06095227899102449,0.032577326417501745,0.061024753909659835,closed,loss
risk20,ETH,long,2023-12-27 20:00:00+00:00,2023-12-28 00:00:00+00:00,2,3.098807295516437e-05,2.3508637361694743e-06,2.86372092189949e-05,20% target-vol,development,0.3333333333333333,0.0023508637361694742,0.0023165283920112195,0.0023508637361694742,closed,win
risk20,ETH,long,2023-12-29 00:00:00+00:00,2023-12-29 16:00:00+00:00,5,-0.0005470857284279953,3.707967946882212e-05,-0.0005841654078968174,20% target-vol,development,0.8333333333333334,0.03642697351182906,0.036525099671895954,0.03695788993935344,closed,loss
risk24,ETH,long,2023-12-29 00:00:00+00:00,2023-12-29 16:00:00+00:00,5,-0.00043728564161896373,2.963197805199025e-05,-0.000466917619670954,24% target-vol,development,0.8333333333333334,0.02898523492739699,0.02907534964810265,0.02951062406698272,closed,loss
risk20,BTC,long,2024-01-02 08:00:00+00:00,2024-01-03 16:00:00+00:00,9,-0.008995661313778715,0.00018436357816741978,-0.009180024891946135,20% target-vol,historical_validation,1.5,0.08778539117804997,0.15824741572979095,0.1841400245008105,closed,loss
risk24,BTC,long,2024-01-02 08:00:00+00:00,2024-01-03 16:00:00+00:00,9,-0.010794793576534456,0.00022123629380090372,-0.01101602987033536,24% target-vol,historical_validation,1.5,0.10534246941365995,0.18989689887574912,0.22096802940097257,closed,loss
risk20,BTC,long,2024-01-08 16:00:00+00:00,2024-01-10 12:00:00+00:00,12,0.005120711121820776,0.0005566058947909648,0.0045641052270298105,20% target-vol,historical_validation,2.0,0.08120783514004185,0.2813329359723678,0.46587388062501695,closed,win
risk24,BTC,long,2024-01-08 16:00:00+00:00,2024-01-10 12:00:00+00:00,12,0.005368261970398634,0.0006500711724686292,0.004718190797930005,24% target-vol,historical_validation,2.0,0.0974494021680502,0.3215463330903405,0.541495249430779,closed,win
risk20,ETH,long,2024-01-10 04:00:00+00:00,2024-01-13 00:00:00+00:00,18,0.016613094389827086,0.0003523975062688185,0.016260696883558266,20% target-vol,historical_validation,3.0,0.016301761522688283,0.21819169656636167,0.2861497418160344,closed,win
risk24,ETH,long,2024-01-10 04:00:00+00:00,2024-01-13 00:00:00+00:00,18,0.01843370846973247,0.00039058282828478044,0.01804312564144769,24% target-vol,historical_validation,3.0,0.019562113827225943,0.23703560931887438,0.3104924589430777,closed,win
risk20,BTC,long,2024-01-25 08:00:00+00:00,2024-02-03 20:00:00+00:00,58,0.012203737700479687,0.0004911063381290936,0.011712631362350593,20% target-vol,historical_validation,9.666666666666666,0.010581926077500471,0.15901975515793937,0.23984816727243694,closed,win
risk24,BTC,long,2024-01-25 16:00:00+00:00,2024-02-03 20:00:00+00:00,56,0.0121691954961292,0.0005519159188590851,0.011617279577270115,24% target-vol,historical_validation,9.333333333333334,0.08455836286811665,0.18455843304741223,0.275253388513238,closed,win
risk20,ETH,long,2024-01-31 00:00:00+00:00,2024-01-31 12:00:00+00:00,4,-0.0024192010317493017,7.5610352868918e-05,-0.0024948113846182196,20% target-vol,historical_validation,0.6666666666666666,0.0749937948738154,0.07507573415260882,0.07533161321134105,closed,loss
risk24,ETH,long,2024-01-31 00:00:00+00:00,2024-01-31 12:00:00+00:00,4,-0.0029030412380991613,9.073242344270158e-05,-0.002993773661541863,24% target-vol,historical_validation,0.6666666666666666,0.08999255384857847,0.09009088098313056,0.09039793585360924,closed,loss
risk20,BTC,long,2024-02-05 16:00:00+00:00,2024-02-05 16:00:00+00:00,1,-0.00046626533270320076,3.703751334687797e-05,-0.0005033028460500787,20% target-vol,historical_validation,0.16666666666666666,0.03703751334687797,0.03703751334687797,0.03703751334687797,closed,loss
risk20,ETH,long,2024-02-05 16:00:00+00:00,2024-02-16 20:00:00+00:00,68,0.043485934192135034,0.0005727944251429941,0.04291313976699204,20% target-vol,historical_validation,11.333333333333334,0.14734755188072932,0.243119335055563,0.3913846471655596,closed,win
risk24,BTC,long,2024-02-05 16:00:00+00:00,2024-02-05 16:00:00+00:00,1,-0.000559518399243841,4.444501601625357e-05,-0.0006039634152600945,24% target-vol,historical_validation,0.16666666666666666,0.044445016016253565,0.044445016016253565,0.044445016016253565,closed,loss
risk24,ETH,long,2024-02-05 16:00:00+00:00,2024-02-16 20:00:00+00:00,68,0.052183121030562024,0.000687353310171593,0.05149576772039043,24% target-vol,historical_validation,11.333333333333334,0.17681706225687518,0.29174320206667553,0.4696615765986715,closed,win
risk20,BTC,long,2024-02-08 04:00:00+00:00,2024-02-16 20:00:00+00:00,53,0.041321458989127244,0.0003108983308348244,0.04101056065829242,20% target-vol,historical_validation,8.833333333333334,0.2295376253193688,0.2601499505846298,0.27793539791573507,closed,win
risk24,BTC,long,2024-02-08 04:00:00+00:00,2024-02-16 20:00:00+00:00,53,0.04958575078695268,0.0003730779970017895,0.049212672789950895,24% target-vol,historical_validation,8.833333333333334,0.2754451503832425,0.31217994070155575,0.3335224774988821,closed,win
risk20,BTC,long,2024-02-17 04:00:00+00:00,2024-02-21 12:00:00+00:00,27,-0.003988025249496809,0.00020844720616583788,-0.004196472455662646,20% target-vol,historical_validation,4.5,0.19951195431031243,0.16941769932175935,0.19951195431031243,closed,loss
risk20,ETH,long,2024-02-17 04:00:00+00:00,2024-02-23 16:00:00+00:00,40,0.0008763453133842011,0.0004825685194333903,0.00039377679395081084,20% target-vol,historical_validation,6.666666666666667,0.11075003427927077,0.1691848349773866,0.3378609972970424,closed,win
risk24,BTC,long,2024-02-17 04:00:00+00:00,2024-02-21 12:00:00+00:00,27,-0.004785630299396171,0.0002501366473990055,-0.005035766946795177,24% target-vol,historical_validation,4.5,0.23941434517237495,0.20330123918611118,0.23941434517237495,closed,loss
risk24,ETH,long,2024-02-17 04:00:00+00:00,2024-02-23 16:00:00+00:00,40,0.0001346288041874314,0.000579137194633163,-0.00044450839044573155,24% target-vol,historical_validation,6.666666666666667,0.1329000411351249,0.1966688183248994,0.3738623822365615,closed,loss
risk20,ETH,long,2024-02-24 12:00:00+00:00,2024-02-28 12:00:00+00:00,25,0.02429798884970396,0.00042226707404422544,0.023875721775659733,20% target-vol,historical_validation,4.166666666666667,0.03350896947678239,0.2480614557127129,0.421702331306354,closed,win
risk24,ETH,long,2024-02-24 12:00:00+00:00,2024-02-28 12:00:00+00:00,25,0.028485079016699107,0.0004759374992306319,0.028009141517468476,24% target-vol,historical_validation,4.166666666666667,0.040210763372138865,0.285998902893834,0.47518522734445295,closed,win
risk20,BTC,long,2024-02-26 20:00:00+00:00,2024-02-29 04:00:00+00:00,15,0.020685893304196862,0.0002282234806541952,0.020457669823542666,20% target-vol,historical_validation,2.5,0.06153086474236543,0.13930671197207709,0.22434819214865356,closed,win
risk24,BTC,long,2024-02-26 20:00:00+00:00,2024-02-29 04:00:00+00:00,15,0.024823071965036234,0.00027386817678503423,0.0245492037882512,24% target-vol,historical_validation,2.5,0.07383703769083852,0.16716805436649243,0.2692178305783843,closed,win
risk20,BTC,long,2024-03-11 20:00:00+00:00,2024-03-12 16:00:00+00:00,6,-0.0002107087166669442,4.687270904245014e-05,-0.00025758142570939433,20% target-vol,historical_validation,1.0,0.04675793327168157,0.04672804509748748,0.046762816880590856,closed,loss
risk24,BTC,long,2024-03-11 20:00:00+00:00,2024-03-12 16:00:00+00:00,6,-0.0002528504600003331,5.624725085094015e-05,-0.0003090977108512733,24% target-vol,historical_validation,1.0,0.05610951992601787,0.05607365411698497,0.056115380256709015,closed,loss
risk20,BTC,long,2024-03-14 12:00:00+00:00,2024-03-14 16:00:00+00:00,2,-0.0016828184428874103,9.050779998428081e-05,-0.001773326242871691,20% target-vol,historical_validation,0.3333333333333333,0.09050779998428082,0.06788235533815813,0.09050779998428082,closed,loss
risk24,BTC,long,2024-03-14 12:00:00+00:00,2024-03-14 16:00:00+00:00,2,-0.0016828184428874103,9.050779998428081e-05,-0.001773326242871691,24% target-vol,historical_validation,0.3333333333333333,0.09050779998428082,0.06788235533815813,0.09050779998428082,closed,loss
risk20,BTC,long,2024-03-25 20:00:00+00:00,2024-03-27 20:00:00+00:00,13,-0.0016091781098723753,9.794413042537626e-05,-0.0017071222402977515,20% target-vol,historical_validation,2.1666666666666665,0.024161170257558887,0.06556988757965669,0.09757435468472413,closed,loss
risk20,ETH,long,2024-03-25 20:00:00+00:00,2024-03-25 20:00:00+00:00,1,0.00021964381257144868,1.2592220885465142e-05,0.00020705159168598355,20% target-vol,historical_validation,0.16666666666666666,0.012592220885465142,0.012592220885465142,0.012592220885465142,closed,win
risk24,BTC,long,2024-03-25 20:00:00+00:00,2024-03-27 20:00:00+00:00,13,-0.0019310137318468508,0.00011753295651045148,-0.002048546688357302,24% target-vol,historical_validation,2.1666666666666665,0.02899340430907066,0.07868386509558804,0.11708922562166894,closed,loss
risk24,ETH,long,2024-03-25 20:00:00+00:00,2024-03-25 20:00:00+00:00,1,0.0002635725750857383,1.5110665062558162e-05,0.00024846191002318014,24% target-vol,historical_validation,0.16666666666666666,0.015110665062558162,0.015110665062558162,0.015110665062558162,closed,win
risk20,BTC,long,2024-03-28 16:00:00+00:00,2024-03-29 16:00:00+00:00,7,-0.0031667183990828815,0.00014486356935453654,-0.003311581968437418,20% target-vol,historical_validation,1.1666666666666667,0.024477400056825204,0.11503186630654176,0.14486356935453654,closed,loss
risk24,BTC,long,2024-03-28 16:00:00+00:00,2024-03-29 16:00:00+00:00,7,-0.00383461207063407,0.00017383628322544385,-0.004008448353859514,24% target-vol,historical_validation,1.1666666666666667,0.02937288006819024,0.13677288001969842,0.17383628322544384,closed,loss
risk20,BTC,long,2024-04-01 00:00:00+00:00,2024-04-01 08:00:00+00:00,3,-0.0013960691335273949,5.9037089504766585e-05,-0.0014551062230321614,20% target-vol,historical_validation,0.5,0.05855509748949239,0.058847947320036946,0.059037089504766584,closed,loss
risk24,BTC,long,2024-04-01 00:00:00+00:00,2024-04-01 08:00:00+00:00,3,-0.0014629215791594845,6.186463353326113e-05,-0.0015247862126927456,24% target-vol,historical_validation,0.5,0.061329875061402826,0.061655875135537934,0.061864633533261125,closed,loss
risk20,BTC,long,2024-04-08 00:00:00+00:00,2024-04-09 12:00:00+00:00,10,0.0010420821230875796,0.00015574610091230527,0.0008863360221752744,20% target-vol,historical_validation,1.6666666666666667,0.06452006744190619,0.09975033348370575,0.1246575960769545,closed,win
risk24,BTC,long,2024-04-08 00:00:00+00:00,2024-04-09 12:00:00+00:00,10,0.0012504985477050949,0.00018689532109476627,0.0010636032266103286,24% target-vol,historical_validation,1.6666666666666667,0.07742408093028742,0.11970040018044689,0.14958911529234534,closed,win
risk20,ETH,long,2024-04-08 04:00:00+00:00,2024-04-09 16:00:00+00:00,10,-0.005336183978135895,0.00024231191860947803,-0.0055784958967453726,20% target-vol,historical_validation,1.6666666666666667,0.040403069420732816,0.09608598442181886,0.21153849944947956,closed,loss
risk24,ETH,long,2024-04-08 04:00:00+00:00,2024-04-09 16:00:00+00:00,10,-0.0064034207737630735,0.0002907743023313735,-0.006694195076094447,24% target-vol,historical_validation,1.6666666666666667,0.0484836833048794,0.11530318130618263,0.2538461993393754,closed,loss
risk20,BTC,long,2024-04-12 08:00:00+00:00,2024-04-12 16:00:00+00:00,3,-0.0053495138427588915,0.0002572972966523772,-0.005606811139411269,20% target-vol,historical_validation,0.5,0.05660889333579597,0.19035668713008758,0.2572972966523772,closed,loss
risk24,BTC,long,2024-04-12 08:00:00+00:00,2024-04-12 16:00:00+00:00,3,-0.006419416611310669,0.00030875675598285264,-0.006728173367293522,24% target-vol,historical_validation,0.5,0.06793067200295515,0.22842802455610509,0.3087567559828526,closed,loss
risk20,ETH,long,2024-04-15 12:00:00+00:00,2024-04-15 20:00:00+00:00,3,-0.005971479404173684,0.00017798122414315696,-0.006149460628316841,20% target-vol,historical_validation,0.5,0.1341148889506267,0.1335200943804587,0.17798122414315698,closed,loss
risk24,ETH,long,2024-04-15 12:00:00+00:00,2024-04-15 20:00:00+00:00,3,-0.007165775285008419,0.00021357746897178833,-0.007379352753980207,24% target-vol,historical_validation,0.5,0.16093786674075203,0.1602241132565504,0.21357746897178834,closed,loss
risk20,ETH,long,2024-04-19 12:00:00+00:00,2024-04-20 12:00:00+00:00,7,-0.0011158035353360126,0.00010128842912056353,-0.001217091964456576,20% target-vol,historical_validation,1.1666666666666667,0.09931928279037204,0.09706747795851359,0.1012830820322767,closed,loss
risk24,ETH,long,2024-04-19 12:00:00+00:00,2024-04-20 12:00:00+00:00,7,-0.0013389642424032145,0.00012154611494467625,-0.0014605103573478908,24% target-vol,historical_validation,1.1666666666666667,0.11918313934844643,0.11648097355021628,0.12153969843873201,closed,loss
risk20,ETH,long,2024-04-20 20:00:00+00:00,2024-04-24 20:00:00+00:00,25,0.0006117108675951677,0.0001378732074363865,0.0004738376601587812,20% target-vol,historical_validation,4.166666666666667,0.023824285247188173,0.05782209923888258,0.0907213438684266,closed,win
risk24,ETH,long,2024-04-20 20:00:00+00:00,2024-04-24 20:00:00+00:00,25,0.000534871480211674,0.00016549737955269363,0.0003693741006589804,24% target-vol,historical_validation,4.166666666666667,0.028589142296625805,0.07682218128700333,0.10886561264211192,closed,win
risk20,BTC,long,2024-04-22 12:00:00+00:00,2024-04-25 00:00:00+00:00,16,-0.0030973348199326294,0.00013529256255983942,-0.0032326273824924688,20% target-vol,historical_validation,2.6666666666666665,0.060727842913756526,0.09507269941256763,0.13474148945971987,closed,loss
risk24,BTC,long,2024-04-22 12:00:00+00:00,2024-04-25 00:00:00+00:00,16,-0.0031715654086637425,0.00014380334025822805,-0.0033153687489219704,24% target-vol,historical_validation,2.6666666666666665,0.06348971714062684,0.0990889928624809,0.14322040794042187,closed,loss
risk20,ETH,long,2024-04-28 04:00:00+00:00,2024-04-28 12:00:00+00:00,3,0.0026212302251619225,0.000426766062985863,0.0021944641621760596,20% target-vol,historical_validation,0.5,0.35078360393783203,0.40139144764959367,0.426766062985863,closed,win
risk24,ETH,long,2024-04-28 04:00:00+00:00,2024-04-28 12:00:00+00:00,3,0.002644594464637516,0.00042934288142577664,0.0022152515832117394,24% target-vol,historical_validation,0.5,0.3533705685190256,0.4039727027896551,0.42934288142577665,closed,win
risk20,ETH,long,2024-04-29 00:00:00+00:00,2024-04-29 00:00:00+00:00,1,-0.007526835784832793,0.00042716133843744225,-0.007953997123270235,20% target-vol,historical_validation,0.16666666666666666,0.42716133843744225,0.42716133843744225,0.42716133843744225,closed,loss
risk24,ETH,long,2024-04-29 00:00:00+00:00,2024-04-29 00:00:00+00:00,1,-0.007572415158161627,0.0004297480490649701,-0.008002163207226597,24% target-vol,historical_validation,0.16666666666666666,0.4297480490649701,0.4297480490649701,0.4297480490649701,closed,loss
risk20,BTC,short,2024-04-29 12:00:00+00:00,2024-04-29 16:00:00+00:00,2,-0.00278185337390815,0.00030421935463348783,-0.003086072728541638,20% target-vol,historical_validation,0.3333333333333333,-0.30413239771818557,0.3041758761758367,0.3042193546334878,closed,loss
risk24,BTC,short,2024-04-29 12:00:00+00:00,2024-04-29 16:00:00+00:00,2,-0.0033382240486897804,0.0003650632255601854,-0.0037032872742499656,24% target-vol,historical_validation,0.3333333333333333,-0.3649588772618227,0.36501105141100404,0.3650632255601854,closed,loss
risk20,ETH,short,2024-04-29 20:00:00+00:00,2024-05-03 04:00:00+00:00,21,0.0027405354427918046,0.00022152782415838467,0.00251900761863342,20% target-vol,historical_validation,3.5,-0.029250443741987625,0.1178431882365873,0.17945067275311102,closed,win
risk24,ETH,short,2024-04-29 20:00:00+00:00,2024-05-03 04:00:00+00:00,21,0.003250832285745569,0.0002584586046890822,0.002992373681056487,24% target-vol,historical_validation,3.5,-0.035100532490385146,0.13681677938733003,0.2079467002334404,closed,win
risk20,BTC,short,2024-04-30 16:00:00+00:00,2024-05-03 20:00:00+00:00,20,-0.0011760380619656734,0.0002087760903910526,-0.001384814152356726,20% target-vol,historical_validation,3.3333333333333335,-0.12293739087531828,0.1226559394298767,0.19794987225511687,closed,loss
risk24,BTC,short,2024-04-30 16:00:00+00:00,2024-05-03 20:00:00+00:00,20,-0.0011220833671253506,0.00025062015536316733,-0.001372703522488518,24% target-vol,historical_validation,3.3333333333333335,-0.1568060760191137,0.15319566182778185,0.23753984670614023,closed,loss
risk20,BTC,short,2024-05-04 12:00:00+00:00,2024-05-04 20:00:00+00:00,3,-0.0003501134046737393,2.3682241495423513e-05,-0.0003737956461691628,20% target-vol,historical_validation,0.5,-0.022977380705960376,0.02324695596522953,0.02368224149542351,closed,loss
risk24,BTC,long,2024-05-05 00:00:00+00:00,2024-05-05 04:00:00+00:00,2,-0.0003106529024374073,2.8427019078394084e-05,-0.0003390799215158014,24% target-vol,historical_validation,0.3333333333333333,0.009231791080747953,0.018829405079571017,0.028427019078394084,closed,loss
risk20,BTC,short,2024-05-05 08:00:00+00:00,2024-05-06 16:00:00+00:00,9,0.00019522293397736053,2.404825902629686e-05,0.00017117467495106367,20% target-vol,historical_validation,1.5,-0.007007343454559482,0.008851553610091399,0.021132460965506906,closed,win
risk20,ETH,short,2024-05-08 04:00:00+00:00,2024-05-13 12:00:00+00:00,33,-0.004717443889799835,0.0004922111357854254,-0.005209655025585261,20% target-vol,historical_validation,5.5,-0.06641977483560738,0.2126337830933269,0.31499902332340285,closed,loss
risk24,ETH,short,2024-05-08 04:00:00+00:00,2024-05-13 12:00:00+00:00,33,-0.0056731471861792,0.0005906628529464044,-0.006263810039125604,24% target-vol,historical_validation,5.5,-0.07198520087485936,0.25422407645876394,0.37799882798808343,closed,loss
risk20,BTC,short,2024-05-10 20:00:00+00:00,2024-05-13 08:00:00+00:00,16,-0.0028441154175420065,0.00012002430810217095,-0.0029641397256441773,20% target-vol,historical_validation,2.6666666666666665,-0.0888303782704805,0.1118488754198435,0.11981037506979107,closed,loss
risk24,BTC,short,2024-05-10 20:00:00+00:00,2024-05-13 08:00:00+00:00,16,-0.0034129385010504077,0.00014402916972260522,-0.003556967670773013,24% target-vol,historical_validation,2.6666666666666665,-0.10659645392457662,0.13421865050381215,0.14377245008374925,closed,loss
risk20,ETH,short,2024-05-14 12:00:00+00:00,2024-05-17 08:00:00+00:00,18,-0.022150976050486035,0.0007429836953232815,-0.022893959745809316,20% target-vol,historical_validation,3.0,-0.20057840735121557,0.23102280975046904,0.4433638824441004,closed,loss
risk24,ETH,short,2024-05-14 12:00:00+00:00,2024-05-17 08:00:00+00:00,18,-0.023880517066273484,0.0007959699708276946,-0.024676487037101177,24% target-vol,historical_validation,3.0,-0.21709662393205473,0.2549748201987032,0.4433638824441004,closed,loss
risk20,BTC,long,2024-05-15 20:00:00+00:00,2024-05-23 16:00:00+00:00,48,0.025113889517768447,0.0006197102400812559,0.02449417927768719,20% target-vol,historical_validation,8.0,0.43704803290702343,0.24834754384989144,0.5085406069896646,closed,win
risk24,BTC,long,2024-05-15 20:00:00+00:00,2024-05-23 16:00:00+00:00,48,0.02773122255893657,0.0006146844815125383,0.02711653807742403,24% target-vol,historical_validation,8.0,0.4737298348321344,0.28989792335898223,0.5155720995676666,closed,win
risk20,ETH,long,2024-05-17 20:00:00+00:00,2024-05-19 12:00:00+00:00,11,-0.0008933618979652825,0.00019485747654352656,-0.001088219374508809,20% target-vol,historical_validation,1.8333333333333333,0.18468711238978908,0.1883121880628026,0.1946615190265074,closed,loss
risk24,ETH,long,2024-05-17 20:00:00+00:00,2024-05-19 12:00:00+00:00,11,-0.0010720342775583402,0.00023382897185223193,-0.001305863249410572,24% target-vol,historical_validation,1.8333333333333333,0.2216245348677469,0.22597462567536308,0.23359382283180896,closed,loss
risk20,ETH,long,2024-05-20 04:00:00+00:00,2024-06-03 16:00:00+00:00,88,0.03696710766250165,0.0004609001090240281,0.036506207553477624,20% target-vol,historical_validation,14.666666666666666,0.19648392468416787,0.17524300333743914,0.30222659052660655,closed,win
risk24,ETH,long,2024-05-20 04:00:00+00:00,2024-06-03 16:00:00+00:00,88,0.04418068626139524,0.0005074112973859512,0.043673274964009294,24% target-vol,historical_validation,14.666666666666666,0.23578070962100137,0.20640781054458002,0.3435872000131603,closed,win
risk20,BTC,long,2024-06-04 20:00:00+00:00,2024-06-08 00:00:00+00:00,20,-0.008292180789030589,0.0005167797088741978,-0.008808960497904786,20% target-vol,historical_validation,3.3333333333333335,0.2762655941895364,0.4376660161041041,0.48505804981631234,closed,loss
risk24,BTC,long,2024-06-04 20:00:00+00:00,2024-06-08 00:00:00+00:00,20,-0.00970745831020849,0.000558081436852827,-0.010265539747061316,24% target-vol,historical_validation,3.3333333333333335,0.2926268997506645,0.5001243891532295,0.542605854320222,closed,loss
risk20,ETH,long,2024-06-19 12:00:00+00:00,2024-06-20 16:00:00+00:00,8,-0.00029138720601636596,4.125548463770967e-05,-0.0003326426906540756,20% target-vol,historical_validation,1.3333333333333333,0.0408624912280319,0.0388345899617108,0.040873996149476795,closed,loss
risk24,ETH,long,2024-06-19 12:00:00+00:00,2024-06-20 16:00:00+00:00,8,-0.0005638143411823049,4.1814307201539424e-05,-0.0006056286483838443,24% target-vol,historical_validation,1.3333333333333333,0.03351289866706227,0.03321008404741177,0.03988084639595906,closed,loss
risk20,BTC,short,2024-06-20 20:00:00+00:00,2024-06-20 20:00:00+00:00,1,-0.0014695450648753224,0.00043324514122723007,-0.0019027902061025525,20% target-vol,historical_validation,0.16666666666666666,-0.43324514122723007,0.43324514122723007,0.43324514122723007,closed,loss
risk24,BTC,short,2024-06-20 20:00:00+00:00,2024-06-20 20:00:00+00:00,1,-0.001763454077850387,0.000519894169472676,-0.0022833482473230632,24% target-vol,historical_validation,0.16666666666666666,-0.5198941694726761,0.5198941694726761,0.5198941694726761,closed,loss
risk20,BTC,short,2024-06-21 04:00:00+00:00,2024-07-01 00:00:00+00:00,60,0.01684181047453954,0.0010643376483791178,0.015777472826160422,20% target-vol,historical_validation,10.0,-0.43486378671206355,0.3729829024563597,0.5216145299226612,closed,win
risk24,BTC,short,2024-06-21 04:00:00+00:00,2024-07-01 00:00:00+00:00,60,0.02016200288999832,0.0012676076332908278,0.018894395256707493,24% target-vol,historical_validation,10.0,-0.5218365440544762,0.4458839749332547,0.6165774547911219,closed,win
risk20,ETH,long,2024-06-27 20:00:00+00:00,2024-06-28 08:00:00+00:00,4,-0.00030803078064888255,5.43649644864137e-05,-0.00036239574513529624,20% target-vol,historical_validation,0.6666666666666666,0.05320236607340345,0.05371081653946842,0.054364964486413696,closed,loss
risk24,ETH,long,2024-06-27 20:00:00+00:00,2024-06-28 08:00:00+00:00,4,-0.00032826424474368846,5.786838710790241e-05,-0.0003861326318515909,24% target-vol,historical_validation,0.6666666666666666,0.05623729362502206,0.057023332090577396,0.05786838710790241,closed,loss
risk20,ETH,short,2024-06-29 00:00:00+00:00,2024-06-29 00:00:00+00:00,1,3.0882676007455824e-05,2.581243237033469e-05,5.0702436371211325e-06,20% target-vol,historical_validation,0.16666666666666666,-0.02581243237033469,0.02581243237033469,0.02581243237033469,closed,win
risk24,ETH,short,2024-06-29 00:00:00+00:00,2024-06-29 00:00:00+00:00,1,4.5901213911517514e-05,3.8365262761597057e-05,7.535951149920457e-06,24% target-vol,historical_validation,0.16666666666666666,-0.03836526276159705,0.03836526276159705,0.03836526276159705,closed,win
risk20,ETH,short,2024-06-29 16:00:00+00:00,2024-06-30 20:00:00+00:00,8,-0.00032606578257861297,0.00017018207777906764,-0.0004962478603576806,20% target-vol,historical_validation,1.3333333333333333,-0.11071283726025925,0.12216997476313503,0.16904858679737442,closed,loss
risk24,ETH,short,2024-06-29 16:00:00+00:00,2024-06-30 20:00:00+00:00,8,-0.0003561790996602205,0.00020421849333488115,-0.0005603975929951016,24% target-vol,historical_validation,1.3333333333333333,-0.14030053098217174,0.14846842523814782,0.20285830415684925,closed,loss
risk20,ETH,long,2024-07-01 08:00:00+00:00,2024-07-01 20:00:00+00:00,4,-0.0012440721902784268,0.0001702075682358191,-0.0014142797585142458,20% target-vol,historical_validation,0.6666666666666666,0.1702075682358191,0.15988851966066142,0.1702075682358191,closed,loss
risk24,ETH,long,2024-07-01 08:00:00+00:00,2024-07-01 20:00:00+00:00,4,-0.0014928866283341119,0.00020424908188298286,-0.0016971357102170948,24% target-vol,historical_validation,0.6666666666666666,0.20424908188298288,0.1918662235927937,0.20424908188298288,closed,loss
risk20,BTC,long,2024-07-01 12:00:00+00:00,2024-07-02 00:00:00+00:00,4,-0.00013719175960482402,2.462290915024505e-05,-0.00016181466875506907,20% target-vol,historical_validation,0.6666666666666666,0.02462290915024505,0.023558618324063932,0.02462290915024505,closed,loss
risk24,BTC,long,2024-07-01 12:00:00+00:00,2024-07-02 00:00:00+00:00,4,-0.0001646301115257888,2.954749098029406e-05,-0.00019417760250608286,24% target-vol,historical_validation,0.6666666666666666,0.02954749098029406,0.028270341988876718,0.02954749098029406,closed,loss
risk20,BTC,short,2024-07-02 20:00:00+00:00,2024-07-07 04:00:00+00:00,27,0.02438334949864551,0.00047317919948932654,0.023910170299156184,20% target-vol,historical_validation,4.5,-0.029821150645054816,0.1893359812816213,0.3204822484405061,closed,win
risk24,BTC,short,2024-07-02 20:00:00+00:00,2024-07-07 04:00:00+00:00,27,0.029260019398374602,0.000567815039387192,0.02869220435898741,24% target-vol,historical_validation,4.5,-0.03578538077406576,0.22720317753794553,0.38457869812860723,closed,win
risk20,ETH,short,2024-07-03 08:00:00+00:00,2024-07-06 08:00:00+00:00,19,0.02624815472110184,0.00040835555819831656,0.025839799162903524,20% target-vol,historical_validation,3.1666666666666665,-0.3252411969418734,0.1981278912767817,0.3252411969418734,closed,win
risk24,ETH,short,2024-07-03 08:00:00+00:00,2024-07-06 08:00:00+00:00,19,0.0314977856653222,0.0004900266698379799,0.03100775899548422,24% target-vol,historical_validation,3.1666666666666665,-0.39028943633024804,0.23775346953213802,0.39028943633024804,closed,win
risk20,BTC,short,2024-07-08 12:00:00+00:00,2024-07-09 12:00:00+00:00,7,-0.00015071746038185734,7.719132108340049e-06,-0.0001584365924901974,20% target-vol,historical_validation,1.1666666666666667,-0.0036278648547074335,0.006199440460584724,0.007589852970063972,closed,loss
risk24,BTC,short,2024-07-08 12:00:00+00:00,2024-07-09 12:00:00+00:00,7,-0.00018086095245822893,9.262958530008045e-06,-0.000190123910988237,24% target-vol,historical_validation,1.1666666666666667,-0.0043534378256489354,0.007439328552701673,0.009107823564076772,closed,loss
risk20,ETH,long,2024-07-17 08:00:00+00:00,2024-07-19 00:00:00+00:00,11,-0.0028264775191482834,0.0001880275694598378,-0.003014505088608121,20% target-vol,historical_validation,1.8333333333333333,0.18553070747339875,0.18611595193733257,0.18748113104914202,closed,loss
risk24,ETH,long,2024-07-17 08:00:00+00:00,2024-07-19 00:00:00+00:00,11,-0.003391773022977944,0.00022563308335180548,-0.0036174061063297494,24% target-vol,historical_validation,1.8333333333333333,0.22263684896807848,0.22333914232479904,0.22497735725897047,closed,loss
risk20,BTC,long,2024-07-20 00:00:00+00:00,2024-07-23 08:00:00+00:00,21,-0.0034288387717510364,0.0004466016141377256,-0.003875440385888762,20% target-vol,historical_validation,3.5,0.21734736884854525,0.2746099242074561,0.4432020935028516,closed,loss
risk20,ETH,long,2024-07-20 00:00:00+00:00,2024-07-20 00:00:00+00:00,1,-9.643440534782665e-06,0.0001934266175023955,-0.00020307005803717816,20% target-vol,historical_validation,0.16666666666666666,0.1934266175023955,0.1934266175023955,0.1934266175023955,closed,loss
risk24,BTC,long,2024-07-20 00:00:00+00:00,2024-07-23 08:00:00+00:00,21,-0.004114606526101248,0.0005359219369652704,-0.004650528463066518,24% target-vol,historical_validation,3.5,0.2608168426182544,0.32953190904894725,0.5318425122034219,closed,loss
risk24,ETH,long,2024-07-20 00:00:00+00:00,2024-07-20 00:00:00+00:00,1,-1.1572128641739197e-05,0.00023211194100287462,-0.0002436840696446138,24% target-vol,historical_validation,0.16666666666666666,0.2321119410028746,0.2321119410028746,0.2321119410028746,closed,loss
risk20,ETH,long,2024-07-21 04:00:00+00:00,2024-07-21 12:00:00+00:00,3,-0.0012835291502633426,0.0002094935785388763,-0.001493022728802219,20% target-vol,historical_validation,0.5,0.2094935785388763,0.2094507404362607,0.2094935785388763,closed,loss
risk24,ETH,long,2024-07-21 04:00:00+00:00,2024-07-21 12:00:00+00:00,3,-0.001540234980316011,0.00025139229424665153,-0.0017916272745626626,24% target-vol,historical_validation,0.5,0.25139229424665155,0.25134088852351283,0.25139229424665155,closed,loss
risk20,ETH,long,2024-07-21 20:00:00+00:00,2024-07-21 20:00:00+00:00,1,-0.0005538279969514327,0.00020982640708335564,-0.0007636544040347883,20% target-vol,historical_validation,0.16666666666666666,0.20982640708335562,0.20982640708335562,0.20982640708335562,closed,loss
risk24,ETH,long,2024-07-21 20:00:00+00:00,2024-07-21 20:00:00+00:00,1,-0.0006645935963417194,0.0002517916885000268,-0.0009163852848417461,24% target-vol,historical_validation,0.16666666666666666,0.2517916885000268,0.2517916885000268,0.2517916885000268,closed,loss
risk20,ETH,long,2024-07-22 04:00:00+00:00,2024-07-22 08:00:00+00:00,2,-0.0029198196081782948,0.0001755953170520396,-0.0030954149252303345,20% target-vol,historical_validation,0.3333333333333333,0.17558556471261796,0.17559044088232878,0.1755953170520396,closed,loss
risk24,ETH,long,2024-07-22 04:00:00+00:00,2024-07-22 08:00:00+00:00,2,-0.003503783529813954,0.00021071438046244755,-0.0037144979102764013,24% target-vol,historical_validation,0.3333333333333333,0.21070267765514153,0.21070852905879453,0.21071438046244753,closed,loss
risk20,ETH,long,2024-07-22 16:00:00+00:00,2024-07-22 16:00:00+00:00,1,-0.0018133165170803,0.00014168170399356085,-0.001954998221073861,20% target-vol,historical_validation,0.16666666666666666,0.14168170399356084,0.14168170399356084,0.14168170399356084,closed,loss
risk24,ETH,long,2024-07-22 16:00:00+00:00,2024-07-22 16:00:00+00:00,1,-0.0021759798204963594,0.00017001804479227297,-0.0023459978652886323,24% target-vol,historical_validation,0.16666666666666666,0.17001804479227298,0.17001804479227298,0.17001804479227298,closed,loss
risk20,ETH,long,2024-07-23 00:00:00+00:00,2024-07-23 00:00:00+00:00,1,-0.0005657622681709564,3.520561724788895e-05,-0.0006009678854188453,20% target-vol,historical_validation,0.16666666666666666,0.03520561724788895,0.03520561724788895,0.03520561724788895,closed,loss
risk24,ETH,long,2024-07-23 00:00:00+00:00,2024-07-23 00:00:00+00:00,1,-0.0006789147218051476,4.2246740697466735e-05,-0.0007211614625026143,24% target-vol,historical_validation,0.16666666666666666,0.042246740697466735,0.042246740697466735,0.042246740697466735,closed,loss
risk20,ETH,short,2024-07-23 12:00:00+00:00,2024-07-23 12:00:00+00:00,1,-0.0014099306351878166,7.491754116643241e-05,-0.0014848481763542491,20% target-vol,historical_validation,0.16666666666666666,-0.07491754116643241,0.07491754116643241,0.07491754116643241,closed,loss
risk24,ETH,short,2024-07-23 12:00:00+00:00,2024-07-23 12:00:00+00:00,1,-0.0015382210371902838,8.173433146335202e-05,-0.0016199553686536358,24% target-vol,historical_validation,0.16666666666666666,-0.08173433146335202,0.08173433146335202,0.08173433146335202,closed,loss
risk20,ETH,short,2024-07-23 20:00:00+00:00,2024-07-29 08:00:00+00:00,34,-0.0037488452414971133,0.00047554164734168325,-0.004224386888838797,20% target-vol,historical_validation,5.666666666666667,-0.07967785146232335,0.3045544068895203,0.4657869354292028,closed,loss
risk24,ETH,short,2024-07-23 20:00:00+00:00,2024-07-29 08:00:00+00:00,34,-0.003571520323296763,0.0004798843325879272,-0.00405140465588469,24% target-vol,historical_validation,5.666666666666667,-0.08727856296928622,0.32738779987587074,0.46641895705315073,closed,loss
risk20,BTC,short,2024-07-25 12:00:00+00:00,2024-07-26 00:00:00+00:00,4,-0.002039195375184065,7.760233989718744e-05,-0.0021167977150812526,20% target-vol,historical_validation,0.6666666666666666,-0.07672460704015076,0.07721935981208165,0.07760233989718744,closed,loss
risk24,BTC,short,2024-07-25 12:00:00+00:00,2024-07-26 00:00:00+00:00,4,-0.0024470344502208778,9.312280787662493e-05,-0.002540157258097503,24% target-vol,historical_validation,0.6666666666666666,-0.09206952844818089,0.09266323177449798,0.09312280787662491,closed,loss
risk20,BTC,long,2024-07-27 12:00:00+00:00,2024-07-27 12:00:00+00:00,1,0.0011221986527970896,0.0005366309795255084,0.0005855676732715812,20% target-vol,historical_validation,0.16666666666666666,0.5366309795255084,0.5366309795255084,0.5366309795255084,closed,win
risk24,BTC,long,2024-07-27 12:00:00+00:00,2024-07-27 12:00:00+00:00,1,0.0011221986527970896,0.0005366309795255084,0.0005855676732715812,24% target-vol,historical_validation,0.16666666666666666,0.5366309795255084,0.5366309795255084,0.5366309795255084,closed,win
risk20,BTC,long,2024-07-27 20:00:00+00:00,2024-07-27 20:00:00+00:00,1,-0.00690413350382476,0.0005353348131294834,-0.0074394683169542435,20% target-vol,historical_validation,0.16666666666666666,0.5353348131294834,0.5353348131294834,0.5353348131294834,closed,loss
risk24,BTC,long,2024-07-27 20:00:00+00:00,2024-07-27 20:00:00+00:00,1,-0.00690413350382476,0.0005353348131294834,-0.0074394683169542435,24% target-vol,historical_validation,0.16666666666666666,0.5353348131294834,0.5353348131294834,0.5353348131294834,closed,loss
risk20,BTC,long,2024-07-28 20:00:00+00:00,2024-07-29 16:00:00+00:00,6,0.0011947209564642635,0.0004660705639958941,0.0007286503924683694,20% target-vol,historical_validation,1.0,0.39149891682885357,0.42393445657555723,0.4660337213401066,closed,win
risk24,BTC,long,2024-07-28 20:00:00+00:00,2024-07-29 16:00:00+00:00,6,0.0009341027981898693,0.0005411579374058096,0.0003929448607840597,24% target-vol,historical_validation,1.0,0.4518096635083951,0.4966997753185523,0.5411137262188647,closed,win
risk20,BTC,short,2024-07-30 04:00:00+00:00,2024-07-31 12:00:00+00:00,9,0.0014156447219994882,0.0001573755676418336,0.0012582691543576545,20% target-vol,historical_validation,1.5,-0.06595480634182464,0.11614576132493738,0.15244015872957598,closed,win
risk24,BTC,short,2024-07-30 04:00:00+00:00,2024-07-31 12:00:00+00:00,9,0.0016987736663993858,0.00018885068117020025,0.0015099229852291855,24% target-vol,historical_validation,1.5,-0.07914576761018957,0.13937491358992485,0.18292819047549114,closed,win
risk20,ETH,short,2024-07-31 00:00:00+00:00,2024-08-05 16:00:00+00:00,35,0.07854344748052344,0.00034177484751740926,0.07820167263300604,20% target-vol,historical_validation,5.833333333333333,-0.03378384719344583,0.21040439287890667,0.3350337868364636,closed,win
risk24,ETH,short,2024-07-31 00:00:00+00:00,2024-08-05 16:00:00+00:00,35,0.09425213697662814,0.0004101298170208911,0.09384200715960725,24% target-vol,historical_validation,5.833333333333333,-0.040540616632134985,0.25248527145468797,0.40204054420375623,closed,win
risk20,BTC,short,2024-08-01 00:00:00+00:00,2024-08-06 20:00:00+00:00,36,0.0177723534859339,0.00028974653110524806,0.01748260695482865,20% target-vol,historical_validation,6.0,-0.08906784075293052,0.16256673566307997,0.2657550717825337,closed,win
risk24,BTC,short,2024-08-01 00:00:00+00:00,2024-08-06 20:00:00+00:00,36,0.02132682418312069,0.0003476958373262975,0.020979128345794393,24% target-vol,historical_validation,6.0,-0.10688140890351662,0.195080082795696,0.31890608613904037,closed,win
risk20,BTC,short,2024-08-14 20:00:00+00:00,2024-08-16 20:00:00+00:00,13,-0.001984540903089592,0.00013445211475531175,-0.002118993017844904,20% target-vol,historical_validation,2.1666666666666665,-0.04073130256955087,0.09477720521544317,0.1144240134267804,closed,loss
risk24,BTC,short,2024-08-14 20:00:00+00:00,2024-08-16 20:00:00+00:00,13,-0.0023814490837075096,0.00016134253770637408,-0.002542791621413884,24% target-vol,historical_validation,2.1666666666666665,-0.048877563083461036,0.11373264625853177,0.13730881611213647,closed,loss
risk20,BTC,short,2024-08-19 16:00:00+00:00,2024-08-20 08:00:00+00:00,5,-0.0009271527674446254,2.4469963919064012e-05,-0.0009516227313636894,20% target-vol,historical_validation,0.8333333333333334,-0.021151342383575664,0.02200091918150466,0.024404691984156315,closed,loss
risk20,ETH,short,2024-08-19 16:00:00+00:00,2024-08-20 08:00:00+00:00,5,-0.0005498159948698874,2.0679869178901348e-05,-0.0005704958640487888,20% target-vol,historical_validation,0.8333333333333334,-0.015425426483865043,0.016589438862367797,0.02067986917890135,closed,loss
risk24,BTC,short,2024-08-19 16:00:00+00:00,2024-08-20 08:00:00+00:00,5,-0.0011125833209335502,2.9363956702876808e-05,-0.001141947277636427,24% target-vol,historical_validation,0.8333333333333334,-0.025381610860290796,0.026401103017805592,0.029285630380987568,closed,loss
risk24,ETH,short,2024-08-19 16:00:00+00:00,2024-08-20 08:00:00+00:00,5,-0.0006597791938438649,2.481584301468161e-05,-0.0006845950368585465,24% target-vol,historical_validation,0.8333333333333334,-0.018510511780638048,0.019907326634841353,0.02481584301468161,closed,loss
risk20,ETH,short,2024-08-21 00:00:00+00:00,2024-08-21 20:00:00+00:00,6,-0.0004956410381609479,2.8008022571629265e-05,-0.0005236490607325772,20% target-vol,historical_validation,1.0,-0.009079150113443069,0.012163450424848905,0.02790157527067665,closed,loss
risk24,ETH,short,2024-08-21 00:00:00+00:00,2024-08-21 20:00:00+00:00,6,-0.0005947692457931373,3.3609627085955106e-05,-0.0006283788728790924,24% target-vol,historical_validation,1.0,-0.01089498013613168,0.01459614050981868,0.03348189032481197,closed,loss
risk20,ETH,short,2024-08-22 20:00:00+00:00,2024-08-23 04:00:00+00:00,3,-0.000641048613720114,4.8829213089107655e-05,-0.0006898778268092217,20% target-vol,historical_validation,0.5,-0.02486171316812966,0.04083853446425021,0.04882921308910765,closed,loss
risk24,ETH,short,2024-08-22 20:00:00+00:00,2024-08-23 04:00:00+00:00,3,-0.0007692583364641366,5.859505570692917e-05,-0.0008278533921710657,24% target-vol,historical_validation,0.5,-0.02983405580175559,0.04900624135710025,0.05859505570692917,closed,loss
risk20,BTC,long,2024-08-24 12:00:00+00:00,2024-08-24 12:00:00+00:00,1,-0.0007724307892350523,0.00017106184580779391,-0.0009434926350428462,20% target-vol,historical_validation,0.16666666666666666,0.1710618458077939,0.1710618458077939,0.1710618458077939,closed,loss
risk24,BTC,long,2024-08-24 12:00:00+00:00,2024-08-24 12:00:00+00:00,1,-0.0009269169470820625,0.00020527421496935265,-0.001132191162051415,24% target-vol,historical_validation,0.16666666666666666,0.20527421496935264,0.20527421496935264,0.20527421496935264,closed,loss
risk20,BTC,long,2024-08-24 20:00:00+00:00,2024-08-26 08:00:00+00:00,10,-0.0018067967608985174,0.00025864307378606767,-0.002065439834684585,20% target-vol,historical_validation,1.6666666666666667,0.1715463343372335,0.18397975877497197,0.25864307378606766,closed,loss
risk24,BTC,long,2024-08-24 20:00:00+00:00,2024-08-26 08:00:00+00:00,10,-0.0021681561130782213,0.0003103716885432812,-0.0024785278016215026,24% target-vol,historical_validation,1.6666666666666667,0.2058556012046802,0.2207757105299663,0.3103716885432812,closed,loss
risk20,BTC,long,2024-08-26 16:00:00+00:00,2024-08-26 16:00:00+00:00,1,-0.0017170852949409503,0.00031008976314558047,-0.002027175058086531,20% target-vol,historical_validation,0.16666666666666666,0.31008976314558045,0.31008976314558045,0.31008976314558045,closed,loss
risk24,BTC,long,2024-08-26 16:00:00+00:00,2024-08-26 16:00:00+00:00,1,-0.00206050235392914,0.00037210771577469645,-0.0024326100697038364,24% target-vol,historical_validation,0.16666666666666666,0.3721077157746964,0.3721077157746964,0.3721077157746964,closed,loss
risk20,ETH,short,2024-08-27 04:00:00+00:00,2024-08-29 12:00:00+00:00,15,0.012175908113916096,0.0003649323186390378,0.011810975795277059,20% target-vol,historical_validation,2.5,-0.08121753018570528,0.22292001514497561,0.35270687065305806,closed,win
risk24,ETH,short,2024-08-27 04:00:00+00:00,2024-08-29 12:00:00+00:00,15,0.013933174867011733,0.0004002582317626162,0.013532916635249116,24% target-vol,historical_validation,2.5,-0.08121753018570528,0.24407410887216524,0.3936800621191379,closed,win
risk20,BTC,long,2024-08-27 08:00:00+00:00,2024-08-27 16:00:00+00:00,3,-0.0047474145863833864,0.0003598842133084619,-0.005107298799691848,20% target-vol,historical_validation,0.5,0.35988421330846193,0.2641924731037424,0.35988421330846193,closed,loss
risk24,BTC,long,2024-08-27 08:00:00+00:00,2024-08-27 16:00:00+00:00,3,-0.005363305002507307,0.0004147771612829659,-0.005778082163790273,24% target-vol,historical_validation,0.5,0.4147771612829659,0.302313927718801,0.4147771612829659,closed,loss
risk20,BTC,short,2024-08-29 12:00:00+00:00,2024-09-04 04:00:00+00:00,35,0.003533662921123547,0.0003813731219621492,0.003152289799161398,20% target-vol,historical_validation,5.833333333333333,-0.05818931573385136,0.19084763012958095,0.2944861392252259,closed,win
risk24,BTC,short,2024-08-29 12:00:00+00:00,2024-09-04 04:00:00+00:00,35,0.004035394091710303,0.00042126797611301417,0.0036141261155972887,24% target-vol,historical_validation,5.833333333333333,-0.06982717888062162,0.22096692787209776,0.31700359682870616,closed,win
risk20,ETH,short,2024-09-04 04:00:00+00:00,2024-09-04 16:00:00+00:00,4,-0.0001267808267825417,2.110146262978152e-05,-0.00014788228941232324,20% target-vol,historical_validation,0.6666666666666666,-0.016929766874957942,0.017437285396925083,0.02110146262978152,closed,loss
risk24,ETH,short,2024-09-04 04:00:00+00:00,2024-09-04 16:00:00+00:00,4,-8.269503963017765e-05,3.340211725231327e-05,-0.00011609715688249092,24% target-vol,historical_validation,0.6666666666666666,-0.028082975439780916,0.026982484120168636,0.03340211725231327,closed,loss
risk20,BTC,short,2024-09-04 16:00:00+00:00,2024-09-04 16:00:00+00:00,1,-0.006236297572600001,0.0002217882554067585,-0.00645808582800676,20% target-vol,historical_validation,0.16666666666666666,-0.2217882554067585,0.2217882554067585,0.2217882554067585,closed,loss
risk24,BTC,short,2024-09-04 16:00:00+00:00,2024-09-04 16:00:00+00:00,1,-0.007490712792577129,0.00026640039264934053,-0.007757113185226469,24% target-vol,historical_validation,0.16666666666666666,-0.2664003926493405,0.2664003926493405,0.2664003926493405,closed,loss
risk20,BTC,short,2024-09-05 04:00:00+00:00,2024-09-06 00:00:00+00:00,6,0.005806312445954571,0.00018964473807676509,0.005616667707877806,20% target-vol,historical_validation,1.0,-0.17890098457647974,0.17337241509857396,0.1835253697403405,closed,win
risk24,BTC,short,2024-09-05 04:00:00+00:00,2024-09-06 00:00:00+00:00,6,0.006967574935145485,0.00022757368569211811,0.006740001249453367,24% target-vol,historical_validation,1.0,-0.21468118149177573,0.2080468981182887,0.2202304436884086,closed,win
risk20,ETH,short,2024-09-05 16:00:00+00:00,2024-09-08 12:00:00+00:00,18,0.0055490854401611485,0.00021070636001981942,0.005338379080141329,20% target-vol,historical_validation,3.0,-0.02601303502332465,0.14513624970365338,0.20789013442936669,closed,win
risk24,ETH,short,2024-09-05 16:00:00+00:00,2024-09-08 12:00:00+00:00,18,0.006353238398351831,0.00023793837066168896,0.0061153000276901424,24% target-vol,historical_validation,3.0,-0.03121564202798958,0.1634134990859217,0.2345686815237904,closed,win
risk20,BTC,short,2024-09-06 08:00:00+00:00,2024-09-09 20:00:00+00:00,22,-0.0037309349016131374,0.00036460042186642496,-0.0040955353234795626,20% target-vol,historical_validation,3.6666666666666665,-0.16265393078418108,0.14570702770644298,0.2629337440052623,closed,loss
risk24,BTC,short,2024-09-06 08:00:00+00:00,2024-09-09 20:00:00+00:00,22,-0.00406553132270553,0.0004190505428635884,-0.004484581865569118,24% target-vol,historical_validation,3.6666666666666665,-0.19518471694101722,0.18574994794232297,0.3155204928063149,closed,loss
risk20,ETH,short,2024-09-16 08:00:00+00:00,2024-09-16 16:00:00+00:00,3,-0.0005168690658150962,5.314494534990777e-05,-0.000570014011165004,20% target-vol,historical_validation,0.5,-0.05314258565804251,0.03674555530180267,0.05314258565804251,closed,loss
risk24,ETH,short,2024-09-16 08:00:00+00:00,2024-09-16 16:00:00+00:00,3,-0.0003936107336902516,4.8267288484094676e-05,-0.0004418780221743463,24% target-vol,historical_validation,0.5,-0.04826445685385636,0.03892578438356498,0.04826445685385636,closed,loss
risk20,ETH,short,2024-09-17 20:00:00+00:00,2024-09-17 20:00:00+00:00,1,0.001086785976680739,7.485795619792622e-05,0.0010119280204828128,20% target-vol,historical_validation,0.16666666666666666,-0.07485795619792622,0.07485795619792622,0.07485795619792622,closed,win
risk24,ETH,short,2024-09-17 20:00:00+00:00,2024-09-17 20:00:00+00:00,1,0.0008425851817859597,5.803737440907756e-05,0.0007845478073768822,24% target-vol,historical_validation,0.16666666666666666,-0.05803737440907756,0.05803737440907756,0.05803737440907756,closed,win
risk20,ETH,short,2024-09-18 16:00:00+00:00,2024-09-25 20:00:00+00:00,44,-0.013238368006903126,0.0002581849919432276,-0.013496552998846353,20% target-vol,historical_validation,7.333333333333333,-0.07973089580091654,0.05569481719940204,0.2095744154897328,closed,loss
risk24,ETH,short,2024-09-18 16:00:00+00:00,2024-09-25 20:00:00+00:00,44,-0.012156297117304803,0.00027083486073207054,-0.012427131978036873,24% target-vol,historical_validation,7.333333333333333,-0.07973089580091654,0.03711172356762347,0.21998174972284065,closed,loss
risk20,BTC,long,2024-09-23 08:00:00+00:00,2024-09-23 08:00:00+00:00,1,-0.004098108724301181,0.0003176590399333164,-0.004415767764234498,20% target-vol,historical_validation,0.16666666666666666,0.3176590399333164,0.3176590399333164,0.3176590399333164,closed,loss
risk24,BTC,long,2024-09-23 08:00:00+00:00,2024-09-23 08:00:00+00:00,1,-0.004451676599823153,0.00034506534841497437,-0.004796741948238127,24% target-vol,historical_validation,0.16666666666666666,0.3450653484149744,0.3450653484149744,0.3450653484149744,closed,loss
risk20,BTC,long,2024-09-30 00:00:00+00:00,2024-09-30 12:00:00+00:00,4,-0.010429815560589126,0.00035756106257132556,-0.010787376623160452,20% target-vol,historical_validation,0.6666666666666666,0.3575051299382243,0.29894106678553045,0.3575051299382243,closed,loss
risk24,BTC,long,2024-09-30 00:00:00+00:00,2024-09-30 12:00:00+00:00,4,-0.012515778672706951,0.00042907327508559057,-0.012944851947792541,24% target-vol,historical_validation,0.6666666666666666,0.4290061559258691,0.3587292801426365,0.4290061559258691,closed,loss
risk20,BTC,long,2024-09-30 20:00:00+00:00,2024-09-30 20:00:00+00:00,1,-0.00018717845176300215,0.00016384766325480384,-0.000351026115017806,20% target-vol,historical_validation,0.16666666666666666,0.16384766325480385,0.16384766325480385,0.16384766325480385,closed,loss
risk24,BTC,long,2024-09-30 20:00:00+00:00,2024-09-30 20:00:00+00:00,1,-0.00022461414211560259,0.00019661719590576462,-0.0004212313380213672,24% target-vol,historical_validation,0.16666666666666666,0.19661719590576462,0.19661719590576462,0.19661719590576462,closed,loss
risk20,BTC,short,2024-10-01 04:00:00+00:00,2024-10-02 08:00:00+00:00,8,0.0028486609368093743,0.00017620304255352374,0.0026724578942558504,20% target-vol,historical_validation,1.3333333333333333,-0.03051348047036492,0.09646249332406157,0.17606684786849283,closed,win
risk24,BTC,short,2024-10-01 04:00:00+00:00,2024-10-02 08:00:00+00:00,8,0.003418393124171247,0.00021144365106422853,0.0032069494731070186,24% target-vol,historical_validation,1.3333333333333333,-0.036616176564437886,0.11575499198887389,0.2112802174421914,closed,win
risk20,ETH,short,2024-10-02 08:00:00+00:00,2024-10-06 16:00:00+00:00,27,-0.0002006270080302948,7.900386931302291e-05,-0.0002796308773433177,20% target-vol,historical_validation,4.5,-0.035529992408164346,0.06637296889330442,0.07565941277244545,closed,loss
risk24,ETH,short,2024-10-02 08:00:00+00:00,2024-10-06 16:00:00+00:00,27,-0.00024075240963635327,9.480464317562743e-05,-0.0003355570528119807,24% target-vol,historical_validation,4.5,-0.042635990889797214,0.07964756267196531,0.09079129532693453,closed,loss
risk20,BTC,short,2024-10-02 16:00:00+00:00,2024-10-02 16:00:00+00:00,1,-0.0015347821118543554,0.00012874379511225543,-0.0016635259069666109,20% target-vol,historical_validation,0.16666666666666666,-0.12874379511225542,0.12874379511225542,0.12874379511225542,closed,loss
risk24,BTC,short,2024-10-02 16:00:00+00:00,2024-10-02 16:00:00+00:00,1,-0.0018417385342252258,0.00015449255413470646,-0.0019962310883599324,24% target-vol,historical_validation,0.16666666666666666,-0.15449255413470644,0.15449255413470644,0.15449255413470644,closed,loss
risk20,BTC,short,2024-10-03 00:00:00+00:00,2024-10-03 04:00:00+00:00,2,-0.001836376565702505,9.626809413946262e-05,-0.0019326446598419676,20% target-vol,historical_validation,0.3333333333333333,-0.09617168577357522,0.09621988995651892,0.09626809413946262,closed,loss
risk24,BTC,short,2024-10-03 00:00:00+00:00,2024-10-03 04:00:00+00:00,2,-0.002203651878843006,0.00011552171296735512,-0.002319173591810361,24% target-vol,historical_validation,0.3333333333333333,-0.11540602292829023,0.11546386794782268,0.11552171296735513,closed,loss
risk20,BTC,short,2024-10-03 16:00:00+00:00,2024-10-03 16:00:00+00:00,1,0.00016706546622442895,9.463924449046447e-05,7.242622173396448e-05,20% target-vol,historical_validation,0.16666666666666666,-0.09463924449046447,0.09463924449046447,0.09463924449046447,closed,win
risk24,BTC,short,2024-10-03 16:00:00+00:00,2024-10-03 16:00:00+00:00,1,0.00020047855946931468,0.00011356709338855735,8.691146608075733e-05,24% target-vol,historical_validation,0.16666666666666666,-0.11356709338855735,0.11356709338855735,0.11356709338855735,closed,win
risk20,ETH,short,2024-10-08 00:00:00+00:00,2024-10-11 08:00:00+00:00,21,-0.0015954855433444105,0.0002321214314644339,-0.0018276069748088444,20% target-vol,historical_validation,3.5,-0.05343922813138755,0.11617847243260522,0.15349949390971954,closed,loss
risk24,ETH,short,2024-10-08 00:00:00+00:00,2024-10-11 08:00:00+00:00,21,-0.0019145826520132925,0.0002785457177573205,-0.002193128369770613,24% target-vol,historical_validation,3.5,-0.06412707375766506,0.13941416691912623,0.1841993926916634,closed,loss
risk20,BTC,short,2024-10-10 00:00:00+00:00,2024-10-10 12:00:00+00:00,4,-0.00039383113479130407,0.0002909196340864431,-0.0006847507688777472,20% target-vol,historical_validation,0.6666666666666666,-0.2896189209162933,0.213673269743958,0.2896189209162933,closed,loss
risk24,BTC,short,2024-10-10 00:00:00+00:00,2024-10-10 12:00:00+00:00,4,-0.0004725973617495647,0.00034910356090373174,-0.0008217009226532965,24% target-vol,historical_validation,0.6666666666666666,-0.34754270509955193,0.25640792369274956,0.34754270509955193,closed,loss
risk20,BTC,long,2024-10-14 08:00:00+00:00,2024-11-04 16:00:00+00:00,129,0.013002711493421675,0.0011813430872419997,0.011821368406179675,20% target-vol,historical_validation,21.5,0.08784354309473574,0.2414873133354707,0.6059653298034763,closed,win
risk24,BTC,long,2024-10-14 08:00:00+00:00,2024-11-04 16:00:00+00:00,129,0.012892167724717858,0.0014224269136183193,0.011469740811099539,24% target-vol,historical_validation,21.5,0.10541225171368286,0.2790079970869573,0.7271583957641715,closed,win
risk20,ETH,long,2024-10-15 00:00:00+00:00,2024-10-15 08:00:00+00:00,3,-0.00037434289817174304,0.00020704550476122007,-0.0005813884029329631,20% target-vol,historical_validation,0.5,0.2068753418394517,0.2069373531581384,0.20704550476122005,closed,loss
risk24,ETH,long,2024-10-15 00:00:00+00:00,2024-10-15 08:00:00+00:00,3,-0.0004492114778060923,0.00024845460571346404,-0.0006976660835195563,24% target-vol,historical_validation,0.5,0.24825041020734193,0.24832482378976603,0.248454605713464,closed,loss
risk20,ETH,long,2024-10-15 20:00:00+00:00,2024-10-15 20:00:00+00:00,1,0.0011774634717229124,0.00017150984905432758,0.0010059536226685848,20% target-vol,historical_validation,0.16666666666666666,0.17150984905432756,0.17150984905432756,0.17150984905432756,closed,win
risk24,ETH,long,2024-10-15 20:00:00+00:00,2024-10-15 20:00:00+00:00,1,0.0014129561660674945,0.00020581181886519305,0.0012071443472023015,24% target-vol,historical_validation,0.16666666666666666,0.20581181886519304,0.20581181886519304,0.20581181886519304,closed,win
risk20,ETH,long,2024-10-16 04:00:00+00:00,2024-10-17 00:00:00+00:00,6,0.0002959610300898876,0.00019853832691267017,9.742270317721741e-05,20% target-vol,historical_validation,1.0,0.17244549530056627,0.18437240518707743,0.19853832691267015,closed,win
risk24,ETH,long,2024-10-16 04:00:00+00:00,2024-10-17 00:00:00+00:00,6,0.0003551532361078642,0.00023824599229520414,0.00011690724381266005,24% target-vol,historical_validation,1.0,0.2069345943606795,0.22124688622449293,0.23824599229520413,closed,win
risk20,ETH,long,2024-10-17 08:00:00+00:00,2024-10-17 12:00:00+00:00,2,-0.003742849000640049,0.00021942376997499268,-0.003962272770615042,20% target-vol,historical_validation,0.3333333333333333,0.21931140143694405,0.21936758570596837,0.2194237699749927,closed,loss
risk24,ETH,long,2024-10-17 08:00:00+00:00,2024-10-17 12:00:00+00:00,2,-0.004491418800768061,0.00026330852396999133,-0.004754727324738052,24% target-vol,historical_validation,0.3333333333333333,0.2631736817243329,0.2632411028471621,0.2633085239699913,closed,loss
risk20,ETH,long,2024-10-18 12:00:00+00:00,2024-10-19 04:00:00+00:00,5,0.00038228443341703874,0.00023027068912564815,0.0001520137442913906,20% target-vol,historical_validation,0.8333333333333334,0.228354153123151,0.22831784950823764,0.22938184475938594,closed,win
risk24,ETH,long,2024-10-18 12:00:00+00:00,2024-10-19 04:00:00+00:00,5,0.0004587413201004453,0.0002763248269507776,0.00018241649314966772,24% target-vol,historical_validation,0.8333333333333334,0.2740249837477812,0.2739814194098852,0.2752582137112631,closed,win
risk20,ETH,long,2024-10-19 20:00:00+00:00,2024-10-22 08:00:00+00:00,16,0.0015664746107784677,0.0002353759797131154,0.0013310986310653523,20% target-vol,historical_validation,2.6666666666666665,0.2317697860932835,0.20110858296279194,0.23430747214452716,closed,win
risk24,ETH,long,2024-10-19 20:00:00+00:00,2024-10-22 08:00:00+00:00,16,0.0018797695329341654,0.0002824511756557385,0.0015973183572784268,24% target-vol,historical_validation,2.6666666666666665,0.2781237433119403,0.24133029955535035,0.28116896657343254,closed,win
risk20,ETH,short,2024-10-23 12:00:00+00:00,2024-10-29 08:00:00+00:00,36,-0.007497666193638409,0.0004770658188428231,-0.007974732012481233,20% target-vol,historical_validation,6.0,-0.0814904141558601,0.42232063848967966,0.46539080016768103,closed,loss
risk24,ETH,short,2024-10-23 12:00:00+00:00,2024-10-29 08:00:00+00:00,36,-0.005797496381418143,0.000554541490759325,-0.006352037872177468,24% target-vol,historical_validation,6.0,-0.09778849698703211,0.48713592766074587,0.5433956586803542,closed,loss
risk20,ETH,long,2024-10-30 16:00:00+00:00,2024-10-31 20:00:00+00:00,8,-0.0028414266813716056,0.00011140385349647875,-0.0029528305348680843,20% target-vol,historical_validation,1.3333333333333333,0.0748504571223587,0.08062514583162297,0.11124859433462103,closed,loss
risk24,ETH,long,2024-10-30 16:00:00+00:00,2024-10-31 20:00:00+00:00,8,-0.003409712017645926,0.00013368462419577443,-0.0035433966418417003,24% target-vol,historical_validation,1.3333333333333333,0.08982054854683041,0.09675017499794755,0.1334983132015452,closed,loss
risk20,ETH,short,2024-11-01 20:00:00+00:00,2024-11-02 16:00:00+00:00,6,0.0012448883804133909,0.00029959115228581784,0.000945297228127573,20% target-vol,historical_validation,1.0,-0.2961206081515965,0.27496122710255655,0.2961206081515965,closed,win
risk24,ETH,short,2024-11-01 20:00:00+00:00,2024-11-02 16:00:00+00:00,6,0.0014241193777653537,0.0003456520647354592,0.0010784673130298946,24% target-vol,historical_validation,1.0,-0.3415669819421871,0.3162076084682115,0.3415669819421871,closed,win
risk20,ETH,short,2024-11-03 20:00:00+00:00,2024-11-03 20:00:00+00:00,1,-0.0016229277372907028,0.00027165963810906406,-0.001894587375399767,20% target-vol,historical_validation,0.16666666666666666,-0.27165963810906407,0.27165963810906407,0.27165963810906407,closed,loss
risk24,ETH,short,2024-11-03 20:00:00+00:00,2024-11-03 20:00:00+00:00,1,-0.0018653429583471452,0.00031223718799693436,-0.0021775801463440794,24% target-vol,historical_validation,0.16666666666666666,-0.31223718799693434,0.31223718799693434,0.31223718799693434,closed,loss
risk20,ETH,short,2024-11-05 04:00:00+00:00,2024-11-05 04:00:00+00:00,1,-0.0019379756436373838,0.00020000192289225063,-0.0021379775665296345,20% target-vol,historical_validation,0.16666666666666666,-0.20000192289225063,0.20000192289225063,0.20000192289225063,closed,loss
risk24,ETH,short,2024-11-05 04:00:00+00:00,2024-11-05 04:00:00+00:00,1,-0.0021876406626000796,0.00022576771826507037,-0.00241340838086515,24% target-vol,historical_validation,0.16666666666666666,-0.22576771826507036,0.22576771826507036,0.22576771826507036,closed,loss
risk20,ETH,short,2024-11-05 20:00:00+00:00,2024-11-06 04:00:00+00:00,3,-0.011882553916695423,0.00019920253908389216,-0.012081756455779316,20% target-vol,historical_validation,0.5,-0.19920253908389216,0.19807885686642693,0.19920253908389216,closed,loss
risk24,ETH,short,2024-11-05 20:00:00+00:00,2024-11-06 04:00:00+00:00,3,-0.01340878312084681,0.00022488011703356093,-0.01363366323788037,24% target-vol,historical_validation,0.5,-0.22488011703356092,0.22356662767800783,0.22488011703356092,closed,loss
risk20,BTC,long,2024-11-07 00:00:00+00:00,2024-11-12 16:00:00+00:00,35,0.04256504496013426,0.00034183998863021033,0.04222320497150405,20% target-vol,historical_validation,5.833333333333333,0.14194937754275205,0.24318674217378522,0.3007849382153817,closed,win
risk24,BTC,long,2024-11-07 00:00:00+00:00,2024-11-12 16:00:00+00:00,35,0.0495152665838916,0.0003960654024791866,0.04911920118141241,24% target-vol,historical_validation,5.833333333333333,0.16160343601964647,0.2822354974226618,0.3472172493846797,closed,win
risk20,ETH,long,2024-11-08 00:00:00+00:00,2024-11-12 00:00:00+00:00,25,0.01571534175783218,0.0001550939226685811,0.015560247835163599,20% target-vol,historical_validation,4.166666666666667,0.04800510911947087,0.10195504286990584,0.14887838141933993,closed,win
risk24,ETH,long,2024-11-08 00:00:00+00:00,2024-11-12 00:00:00+00:00,25,0.0203604599436303,0.00018867373836073948,0.02017178620526956,24% target-vol,historical_validation,4.166666666666667,0.06463124280451249,0.132038055088051,0.18522655624818676,closed,win
risk20,BTC,long,2024-11-20 00:00:00+00:00,2024-11-23 20:00:00+00:00,24,0.015592251826313066,0.0006079818845895963,0.01498426994172347,20% target-vol,historical_validation,4.0,0.17379037822814006,0.2483398045096453,0.4792004459205708,closed,win
risk24,BTC,long,2024-11-20 00:00:00+00:00,2024-11-23 20:00:00+00:00,24,0.01699937124077352,0.0006612209417190429,0.016338150299054475,24% target-vol,historical_validation,4.0,0.1820644197918453,0.263069958131845,0.524107748477589,closed,win
risk20,ETH,long,2024-11-27 16:00:00+00:00,2024-11-29 12:00:00+00:00,12,0.0005407804624642462,8.380217304825886e-05,0.0004569782894159873,20% target-vol,historical_validation,2.0,0.00012686484138609935,0.048290152877179936,0.08357408179973735,closed,win
risk24,ETH,long,2024-11-27 16:00:00+00:00,2024-11-29 12:00:00+00:00,12,0.0006489365549570961,0.00010056260765791062,0.0005483739472991855,24% target-vol,historical_validation,2.0,0.000152237809663322,0.05794818345261593,0.10028889815968482,closed,win
risk20,ETH,long,2024-12-04 20:00:00+00:00,2024-12-05 04:00:00+00:00,3,2.0108713201107267e-05,0.00010626665132297238,-8.615793812186511e-05,20% target-vol,historical_validation,0.5,0.0501233487019818,0.08728225578410136,0.10626665132297237,closed,loss
risk24,ETH,long,2024-12-04 20:00:00+00:00,2024-12-05 04:00:00+00:00,3,2.413045584132879e-05,0.00012751998158756685,-0.00010338952574623806,24% target-vol,historical_validation,0.5,0.06014801844237818,0.10473870694092163,0.12751998158756686,closed,loss
risk20,BTC,long,2024-12-11 20:00:00+00:00,2024-12-18 16:00:00+00:00,42,0.010415348941292422,0.0004887774014809561,0.009926571539811467,20% target-vol,historical_validation,7.0,0.11229371369916208,0.2827072201932773,0.41734874771980796,closed,win
risk24,BTC,long,2024-12-11 20:00:00+00:00,2024-12-18 16:00:00+00:00,42,0.012505767344629576,0.0005860836164977568,0.011919683728131819,24% target-vol,historical_validation,7.0,0.13475245643899447,0.33921099528855647,0.5008184972637695,closed,win
risk20,ETH,long,2024-12-17 00:00:00+00:00,2024-12-18 00:00:00+00:00,7,-0.0008845192510600771,3.0866900157686555e-05,-0.0009153861512177636,20% target-vol,historical_validation,1.1666666666666667,0.03050447903758942,0.023906619405829065,0.03050447903758942,closed,loss
risk24,ETH,long,2024-12-17 00:00:00+00:00,2024-12-18 00:00:00+00:00,7,-0.0010614231012720924,3.704028018922386e-05,-0.0010984633814613164,24% target-vol,historical_validation,1.1666666666666667,0.03660537484510729,0.028687943286994876,0.03660537484510729,closed,loss
risk20,ETH,long,2024-12-30 16:00:00+00:00,2024-12-30 16:00:00+00:00,1,-0.0020510601379225596,6.82422430024058e-05,-0.0021193023809249656,20% target-vol,historical_validation,0.16666666666666666,0.06824224300240579,0.06824224300240579,0.06824224300240579,closed,loss
risk24,ETH,long,2024-12-30 16:00:00+00:00,2024-12-30 16:00:00+00:00,1,-0.0020510601379225596,6.82422430024058e-05,-0.0021193023809249656,24% target-vol,historical_validation,0.16666666666666666,0.06824224300240579,0.06824224300240579,0.06824224300240579,closed,loss
risk20,ETH,long,2024-12-31 20:00:00+00:00,2024-12-31 20:00:00+00:00,1,-0.0002015422875239044,1.2907602426617794e-05,-0.0002144498899505222,20% target-vol,historical_validation,0.16666666666666666,0.012907602426617794,0.012907602426617794,0.012907602426617794,closed,loss
risk24,ETH,long,2024-12-31 20:00:00+00:00,2024-12-31 20:00:00+00:00,1,-0.00024185074502868528,1.548912291194135e-05,-0.00025733986794062663,24% target-vol,historical_validation,0.16666666666666666,0.015489122911941352,0.015489122911941352,0.015489122911941352,closed,loss
risk20,ETH,long,2025-01-02 12:00:00+00:00,2025-01-08 00:00:00+00:00,34,-0.005192192595276745,0.00021978764925262387,-0.005411980244529369,20% target-vol,historical_validation,5.666666666666667,0.013847483954418156,0.11152575298648497,0.15991169465883429,closed,loss
risk24,ETH,long,2025-01-02 12:00:00+00:00,2025-01-08 00:00:00+00:00,34,-0.006230631114332094,0.00026374517910314845,-0.006494376293435242,24% target-vol,historical_validation,5.666666666666667,0.01661698074530179,0.1338309035837819,0.19189403359060112,closed,loss
risk20,BTC,long,2025-01-03 16:00:00+00:00,2025-01-03 16:00:00+00:00,1,0.00024040764135282037,2.5322828416584824e-05,0.00021508481293623554,20% target-vol,historical_validation,0.16666666666666666,0.025322828416584824,0.025322828416584824,0.025322828416584824,closed,win
risk24,BTC,long,2025-01-03 16:00:00+00:00,2025-01-03 16:00:00+00:00,1,0.0002884891696233846,3.0387394099901803e-05,0.0002581017755234828,24% target-vol,historical_validation,0.16666666666666666,0.030387394099901804,0.030387394099901804,0.030387394099901804,closed,win
risk20,BTC,long,2025-01-04 00:00:00+00:00,2025-01-07 20:00:00+00:00,24,-0.0036573376531575685,0.0001434662165818775,-0.003800803869739446,20% target-vol,historical_validation,4.0,0.0015008778218027856,0.08372203112055583,0.14235930535313399,closed,loss
risk24,BTC,long,2025-01-04 00:00:00+00:00,2025-01-07 20:00:00+00:00,24,-0.004388805183789081,0.00017215945989825304,-0.004560964643687334,24% target-vol,historical_validation,4.0,0.0018010533861633389,0.10046643734466702,0.1708311664237608,closed,loss
risk20,ETH,long,2025-01-09 16:00:00+00:00,2025-01-10 16:00:00+00:00,7,-0.0007228070271139006,3.983546255823992e-05,-0.0007626424896721405,20% target-vol,historical_validation,1.1666666666666667,0.016362908340439287,0.035774951385157606,0.03983546255823992,closed,loss
risk24,ETH,long,2025-01-09 20:00:00+00:00,2025-01-10 16:00:00+00:00,6,-0.00031605729403643085,1.8827816818724374e-05,-0.00033488511085515523,24% target-vol,historical_validation,1.0,0.01599621804945613,0.01791490932378807,0.018827816818724374,closed,loss
risk24,ETH,short,2025-01-11 00:00:00+00:00,2025-01-11 16:00:00+00:00,5,7.366242014185268e-05,1.7741774681979608e-05,5.592064545987307e-05,24% target-vol,historical_validation,0.8333333333333334,-0.01560134207256409,0.01617845948674383,0.01774177468197961,closed,win
risk20,ETH,long,2025-01-11 20:00:00+00:00,2025-01-12 16:00:00+00:00,6,2.8613247665858164e-05,6.955138286521288e-06,2.1658109379336875e-05,20% target-vol,historical_validation,1.0,0.006943858989765313,0.006596086858496622,0.006943858989765313,closed,win
risk24,ETH,short,2025-01-12 20:00:00+00:00,2025-01-12 20:00:00+00:00,1,3.965353375946121e-05,2.1400276398338294e-05,1.8253257361122918e-05,24% target-vol,historical_validation,0.16666666666666666,-0.021400276398338292,0.021400276398338292,0.021400276398338292,closed,win
risk20,ETH,long,2025-01-13 00:00:00+00:00,2025-01-13 08:00:00+00:00,3,-0.00012004819820226709,5.0264254782586146e-06,-0.0001250746236805257,20% target-vol,historical_validation,0.5,0.004950412506989119,0.004949895335493432,0.004987643235380336,closed,loss
risk24,ETH,short,2025-01-13 12:00:00+00:00,2025-01-13 16:00:00+00:00,2,0.001106626011113147,2.2443426741905913e-05,0.001084182584371241,24% target-vol,historical_validation,0.3333333333333333,-0.022443426741905914,0.01931941972816644,0.022443426741905914,closed,win
risk20,BTC,short,2025-01-13 16:00:00+00:00,2025-01-13 16:00:00+00:00,1,-0.0036851703903344624,0.000293144546971716,-0.003978314937306178,20% target-vol,historical_validation,0.16666666666666666,-0.293144546971716,0.293144546971716,0.293144546971716,closed,loss
risk24,BTC,short,2025-01-13 16:00:00+00:00,2025-01-13 16:00:00+00:00,1,-0.003942574593874415,0.00031362029996084346,-0.004256194893835258,24% target-vol,historical_validation,0.16666666666666666,-0.31362029996084345,0.31362029996084345,0.31362029996084345,closed,loss
risk20,ETH,long,2025-01-14 04:00:00+00:00,2025-01-14 04:00:00+00:00,1,9.455295346536983e-05,1.2877759176703351e-05,8.167519428866649e-05,20% target-vol,historical_validation,0.16666666666666666,0.01287775917670335,0.01287775917670335,0.01287775917670335,closed,win
risk20,ETH,short,2025-01-15 16:00:00+00:00,2025-01-15 16:00:00+00:00,1,-0.004280343392034348,9.727019876200831e-05,-0.004377613590796357,20% target-vol,historical_validation,0.16666666666666666,-0.0972701987620083,0.0972701987620083,0.0972701987620083,closed,loss
risk24,ETH,short,2025-01-15 16:00:00+00:00,2025-01-15 16:00:00+00:00,1,-0.005136412070441217,0.00011672423851440994,-0.005253136308955627,24% target-vol,historical_validation,0.16666666666666666,-0.11672423851440994,0.11672423851440994,0.11672423851440994,closed,loss
risk20,BTC,long,2025-01-15 20:00:00+00:00,2025-01-21 08:00:00+00:00,34,0.005109801418963343,0.000646365675621922,0.004463435743341421,20% target-vol,historical_validation,5.666666666666667,0.2724302957166955,0.36480252431079085,0.5711055813691894,closed,win
risk24,BTC,long,2025-01-15 20:00:00+00:00,2025-01-21 08:00:00+00:00,34,0.00576587287534297,0.0006957984626933127,0.0050700744126496574,24% target-vol,historical_validation,5.666666666666667,0.3269163548600346,0.40803266335358246,0.6044959979592233,closed,win
risk20,ETH,long,2025-01-16 04:00:00+00:00,2025-01-16 12:00:00+00:00,3,-0.0005573821980962239,2.2577212788889693e-05,-0.0005799594108851136,20% target-vol,historical_validation,0.5,0.022577212788889692,0.01875919532133701,0.022577212788889692,closed,loss
risk24,ETH,long,2025-01-16 04:00:00+00:00,2025-01-16 12:00:00+00:00,3,-0.0006688586377154688,2.709265534666763e-05,-0.0006959512930621364,24% target-vol,historical_validation,0.5,0.02709265534666763,0.022511034385604405,0.02709265534666763,closed,loss
risk20,ETH,short,2025-01-21 00:00:00+00:00,2025-01-21 20:00:00+00:00,6,0.0017845379609439114,0.0003161010209245482,0.0014684369400193632,20% target-vol,historical_validation,1.0,-0.315121927030477,0.2776342093759141,0.315121927030477,closed,win
risk24,ETH,short,2025-01-21 00:00:00+00:00,2025-01-21 20:00:00+00:00,6,0.0016882587867443032,0.0003616018067606327,0.0013266569799836704,24% target-vol,historical_validation,1.0,-0.3604268940877473,0.3257392311424671,0.3604268940877473,closed,win
risk20,BTC,long,2025-01-22 00:00:00+00:00,2025-01-23 04:00:00+00:00,8,-0.012381196281129037,0.0003309744050648669,-0.012712170686193904,20% target-vol,historical_validation,1.3333333333333333,0.31979833370695787,0.2831208007625938,0.31979833370695787,closed,loss
risk24,BTC,long,2025-01-22 00:00:00+00:00,2025-01-23 04:00:00+00:00,8,-0.013815489602184497,0.000371205310379219,-0.014186694912563715,24% target-vol,historical_validation,1.3333333333333333,0.3602886785560595,0.3162597855180053,0.3602886785560595,closed,loss
risk20,ETH,short,2025-01-22 08:00:00+00:00,2025-01-25 16:00:00+00:00,21,-0.00048807924068388687,0.0004269604067469901,-0.000915039647430877,20% target-vol,historical_validation,3.5,-0.24030341142358394,0.19584079801100018,0.3192918484216603,closed,loss
risk24,ETH,short,2025-01-22 08:00:00+00:00,2025-01-25 16:00:00+00:00,21,-0.0012759213941906091,0.00048482559046265005,-0.0017607469846532592,24% target-vol,historical_validation,3.5,-0.27029297622821913,0.22861393169879426,0.3635372759572137,closed,loss
risk20,BTC,long,2025-01-24 16:00:00+00:00,2025-01-27 08:00:00+00:00,17,-0.009105402908023448,0.00040815723021428484,-0.009513560138237733,20% target-vol,historical_validation,2.8333333333333335,0.03306386933253134,0.2323309105151087,0.4043228976285578,closed,loss
risk24,BTC,long,2025-01-24 16:00:00+00:00,2025-01-27 04:00:00+00:00,16,-0.010575389831564745,0.00048408665989303713,-0.011059476491457783,24% target-vol,historical_validation,2.6666666666666665,0.03967664319903761,0.29069101392029406,0.48015310881400125,closed,loss
risk20,ETH,short,2025-01-26 04:00:00+00:00,2025-01-26 08:00:00+00:00,2,-0.00038988108867613145,6.225877749267366e-05,-0.00045213986616880514,20% target-vol,historical_validation,0.3333333333333333,-0.06225095784315591,0.062254867667914784,0.06225877749267367,closed,loss
risk24,ETH,short,2025-01-26 04:00:00+00:00,2025-01-26 08:00:00+00:00,2,-0.0004409102248540621,7.040763992648725e-05,-0.0005113178647805493,24% target-vol,historical_validation,0.3333333333333333,-0.07039858986402452,0.07040311489525589,0.07040763992648726,closed,loss
risk20,ETH,short,2025-01-26 16:00:00+00:00,2025-01-30 20:00:00+00:00,26,-0.00044174431899101805,0.00026277619257156074,-0.0007045205115625788,20% target-vol,historical_validation,4.333333333333333,-0.062427775721405315,0.1645130707386275,0.22004588446190096,closed,loss
risk24,ETH,short,2025-01-26 16:00:00+00:00,2025-01-30 16:00:00+00:00,25,-0.0004012100477423517,0.00031530894906955394,-0.0007165189968119056,24% target-vol,historical_validation,4.166666666666667,-0.07045831576851962,0.20213507017640298,0.25955400599601797,closed,loss
risk20,BTC,long,2025-01-30 12:00:00+00:00,2025-02-01 00:00:00+00:00,10,-0.004590035085166064,0.0003265505499233912,-0.004916585635089456,20% target-vol,historical_validation,1.6666666666666667,0.23803762472501847,0.21191616568355007,0.3265505499233912,closed,loss
risk24,BTC,long,2025-01-30 12:00:00+00:00,2025-02-01 00:00:00+00:00,10,-0.005281521606801496,0.0003833082569763539,-0.00566482986377785,24% target-vol,historical_validation,1.6666666666666667,0.2679902956764213,0.2449016498318295,0.3831614413140058,closed,loss
risk20,ETH,long,2025-01-31 20:00:00+00:00,2025-01-31 20:00:00+00:00,1,-0.003535367589843419,0.00012458802440444013,-0.003659955614247859,20% target-vol,historical_validation,0.16666666666666666,0.12458802440444013,0.12458802440444013,0.12458802440444013,closed,loss
risk24,ETH,long,2025-01-31 20:00:00+00:00,2025-01-31 20:00:00+00:00,1,-0.004404279251328843,0.00015520888193491358,-0.004559488133263756,24% target-vol,historical_validation,0.16666666666666666,0.15520888193491358,0.15520888193491358,0.15520888193491358,closed,loss
risk20,ETH,short,2025-02-02 00:00:00+00:00,2025-02-04 04:00:00+00:00,14,0.03168841323404588,0.00020966628120421484,0.03147874695284166,20% target-vol,historical_validation,2.3333333333333335,-0.04327316914912033,0.09073107687478095,0.1904022970233398,closed,win
risk24,ETH,short,2025-02-02 00:00:00+00:00,2025-02-04 04:00:00+00:00,14,0.03594429388480864,0.00024088799385497262,0.035703405890953666,24% target-vol,historical_validation,2.3333333333333335,-0.04904451237461801,0.10419799722214464,0.21774887520812844,closed,win
risk20,BTC,long,2025-02-02 04:00:00+00:00,2025-02-02 04:00:00+00:00,1,-0.0002853913793468453,1.95088774230863e-05,-0.0003049002567699316,20% target-vol,historical_validation,0.16666666666666666,0.0195088774230863,0.0195088774230863,0.0195088774230863,closed,loss
risk24,BTC,long,2025-02-02 04:00:00+00:00,2025-02-02 04:00:00+00:00,1,-0.00017998743686828113,1.2303640185610934e-05,-0.00019229107705389205,24% target-vol,historical_validation,0.16666666666666666,0.012303640185610934,0.012303640185610934,0.012303640185610934,closed,loss
risk20,BTC,long,2025-02-03 00:00:00+00:00,2025-02-03 00:00:00+00:00,1,-0.00015036584756336643,2.644574175062901e-05,-0.00017681158931399544,20% target-vol,historical_validation,0.16666666666666666,0.02644574175062901,0.02644574175062901,0.02644574175062901,closed,loss
risk24,BTC,long,2025-02-03 00:00:00+00:00,2025-02-03 00:00:00+00:00,1,-9.467516978786111e-05,1.6651088867447835e-05,-0.00011132625865530895,24% target-vol,historical_validation,0.16666666666666666,0.016651088867447834,0.016651088867447834,0.016651088867447834,closed,loss
risk20,BTC,short,2025-02-03 08:00:00+00:00,2025-02-03 16:00:00+00:00,3,-0.003456923710337038,7.961146824719244e-05,-0.0035365351785842307,20% target-vol,historical_validation,0.5,-0.027072983030241637,0.06207665298387197,0.07961146824719244,closed,loss
risk24,BTC,short,2025-02-03 08:00:00+00:00,2025-02-03 16:00:00+00:00,3,-0.0041483084524044445,9.553376189663092e-05,-0.004243842214301075,24% target-vol,historical_validation,0.5,-0.03248757963628993,0.07449198358064635,0.09553376189663092,closed,loss
risk20,BTC,long,2025-02-04 04:00:00+00:00,2025-02-04 04:00:00+00:00,1,-0.0005756068432256296,7.698883854772163e-05,-0.0006525956817733513,20% target-vol,historical_validation,0.16666666666666666,0.07698883854772164,0.07698883854772164,0.07698883854772164,closed,loss
risk24,BTC,long,2025-02-04 04:00:00+00:00,2025-02-04 04:00:00+00:00,1,-0.0006907282118707556,9.238660625726597e-05,-0.0007831148181280215,24% target-vol,historical_validation,0.16666666666666666,0.09238660625726597,0.09238660625726597,0.09238660625726597,closed,loss
risk20,BTC,short,2025-02-05 04:00:00+00:00,2025-02-07 04:00:00+00:00,13,-0.004029960870847822,0.0005820801149896564,-0.004612040985837478,20% target-vol,historical_validation,2.1666666666666665,-0.031051579849342453,0.19395925130794303,0.43174514305611206,closed,loss
risk24,BTC,short,2025-02-05 04:00:00+00:00,2025-02-07 04:00:00+00:00,13,-0.004763097763153586,0.000683595724470625,-0.005446693487624212,24% target-vol,historical_validation,2.1666666666666665,-0.037261895819210945,0.22632687298888354,0.5101594478780968,closed,loss
risk20,BTC,short,2025-02-13 16:00:00+00:00,2025-02-14 00:00:00+00:00,3,-0.0025811931841695996,0.00031711876141128615,-0.002898311945580886,20% target-vol,historical_validation,0.5,-0.31648681354939007,0.3110451227424784,0.31648681354939007,closed,loss
risk24,BTC,short,2025-02-13 16:00:00+00:00,2025-02-14 00:00:00+00:00,3,-0.00309625241544826,0.0003703683015239649,-0.0034666207169722248,24% target-vol,historical_validation,0.5,-0.3689450816167454,0.36964111574346653,0.3703683015239649,closed,loss
risk20,BTC,short,2025-02-14 08:00:00+00:00,2025-02-14 12:00:00+00:00,2,0.0008875277884647609,0.0003166564143840766,0.0005708713740806843,20% target-vol,historical_validation,0.3333333333333333,-0.308863019806247,0.3127597170951618,0.3166564143840766,closed,win
risk24,BTC,short,2025-02-14 08:00:00+00:00,2025-02-14 12:00:00+00:00,2,0.0010479835241824242,0.00037063562376749633,0.0006773479004149279,24% target-vol,historical_validation,0.3333333333333333,-0.3706356237674963,0.369889347249069,0.3706356237674963,closed,win
risk20,BTC,short,2025-02-14 20:00:00+00:00,2025-02-14 20:00:00+00:00,1,-0.0038847753272169597,0.0003506259592524015,-0.004235401286469361,20% target-vol,historical_validation,0.16666666666666666,-0.3506259592524015,0.3506259592524015,0.3506259592524015,closed,loss
risk24,BTC,short,2025-02-14 20:00:00+00:00,2025-02-14 20:00:00+00:00,1,-0.00440057113086784,0.00039717984801049716,-0.004797750978878337,24% target-vol,historical_validation,0.16666666666666666,-0.39717984801049716,0.39717984801049716,0.39717984801049716,closed,loss
risk20,BTC,short,2025-02-17 08:00:00+00:00,2025-02-18 12:00:00+00:00,8,0.0024280021153063793,0.000579841232832146,0.0018481608824742332,20% target-vol,historical_validation,1.3333333333333333,-0.16333108360619386,0.4439418034419098,0.5798412328321461,closed,win
risk24,BTC,short,2025-02-17 08:00:00+00:00,2025-02-18 12:00:00+00:00,8,0.002670741895800642,0.000629983171367281,0.0020407587244333607,24% target-vol,historical_validation,1.3333333333333333,-0.189640053762158,0.48780036147609385,0.6299831713672811,closed,win
risk20,BTC,short,2025-02-18 20:00:00+00:00,2025-02-20 04:00:00+00:00,9,-0.0053293637777822025,0.0005732925291349629,-0.005902656306917165,20% target-vol,historical_validation,1.5,-0.4436585057569859,0.3531368864499699,0.4799098923519302,closed,loss
risk24,BTC,short,2025-02-18 20:00:00+00:00,2025-02-20 04:00:00+00:00,9,-0.006278077812943991,0.000685787136338695,-0.006963864949282686,24% target-vol,historical_validation,1.5,-0.532390206908383,0.4065335969520387,0.575891870822316,closed,loss
risk20,ETH,short,2025-02-19 04:00:00+00:00,2025-02-19 08:00:00+00:00,2,-0.0009032261190858148,6.198440762072798e-05,-0.0009652105267065427,20% target-vol,historical_validation,0.3333333333333333,-0.06114521969229798,0.06156481365651298,0.06198440762072798,closed,loss
risk24,ETH,short,2025-02-19 04:00:00+00:00,2025-02-19 08:00:00+00:00,2,-0.0010838713429029776,7.438128914487356e-05,-0.0011582526320478511,24% target-vol,historical_validation,0.3333333333333333,-0.07337426363075757,0.07387777638781556,0.07438128914487356,closed,loss
risk20,BTC,long,2025-02-20 12:00:00+00:00,2025-02-22 08:00:00+00:00,12,-0.004852340602662149,0.00028373319060890425,-0.005136073793271053,20% target-vol,historical_validation,2.0,0.11282468004335973,0.1668995010287295,0.2834671964699995,closed,loss
risk24,BTC,long,2025-02-20 12:00:00+00:00,2025-02-22 08:00:00+00:00,12,-0.005856085214772666,0.0003404798287306848,-0.006196565043503351,24% target-vol,historical_validation,2.0,0.13538961605203167,0.19857282531147716,0.3401606357639993,closed,loss
risk20,ETH,short,2025-02-22 04:00:00+00:00,2025-02-22 08:00:00+00:00,2,-0.0003026598430283793,3.054310399208845e-05,-0.00033320294702046774,20% target-vol,historical_validation,0.3333333333333333,-0.030543103992088445,0.03020421750055288,0.030543103992088445,closed,loss
risk24,ETH,short,2025-02-22 04:00:00+00:00,2025-02-22 08:00:00+00:00,2,-0.000288391256039255,3.583839721082077e-05,-0.00032422965325007577,24% target-vol,historical_validation,0.3333333333333333,-0.02379730253315097,0.029817849871985873,0.03583839721082077,closed,loss
risk20,BTC,short,2025-02-24 00:00:00+00:00,2025-02-24 12:00:00+00:00,4,-2.8088207833404213e-05,3.0549651679141594e-05,-5.863785951254581e-05,20% target-vol,historical_validation,0.6666666666666666,-0.03048545605150926,0.030423953932785214,0.030487576063953817,closed,loss
risk24,BTC,short,2025-02-24 00:00:00+00:00,2025-02-24 12:00:00+00:00,4,-2.7608513831357085e-05,2.90753798253189e-05,-5.668389365667599e-05,24% target-vol,historical_validation,0.6666666666666666,-0.02894628234021541,0.02900997591592083,0.0290753798253189,closed,loss
risk20,BTC,short,2025-02-24 20:00:00+00:00,2025-03-01 12:00:00+00:00,29,0.035472981250460514,0.0003427463097014415,0.03513023494075907,20% target-vol,historical_validation,4.833333333333333,-0.33410196889704236,0.24516265345441618,0.3341256558075323,closed,win
risk20,ETH,short,2025-02-24 20:00:00+00:00,2025-03-03 08:00:00+00:00,40,0.005683579945582351,0.0002659274350161377,0.005417652510566214,20% target-vol,historical_validation,6.666666666666667,-0.06496762122562495,0.08898982053008023,0.15914972743925923,closed,win
risk24,BTC,short,2025-02-24 20:00:00+00:00,2025-03-01 12:00:00+00:00,29,0.042567577500552595,0.0004112955716417296,0.04215628192891086,24% target-vol,historical_validation,4.833333333333333,-0.4009223626764508,0.29419518414529944,0.4009507869690387,closed,win
risk24,ETH,short,2025-02-24 20:00:00+00:00,2025-03-03 08:00:00+00:00,40,0.0057701858656004626,0.0002997462940594561,0.005470439571541006,24% target-vol,historical_validation,6.666666666666667,-0.07796114547074992,0.10519704391986673,0.19097967292711107,closed,win
risk20,ETH,short,2025-03-03 20:00:00+00:00,2025-03-05 12:00:00+00:00,11,0.002746949557887452,0.00019608147162722363,0.0025508680862602285,20% target-vol,historical_validation,1.8333333333333333,-0.1235242026500039,0.165611772976568,0.19512469710183175,closed,win
risk24,ETH,short,2025-03-03 20:00:00+00:00,2025-03-05 12:00:00+00:00,11,0.0021230785100821528,0.00022689918199831144,0.0018961793280838414,24% target-vol,historical_validation,1.8333333333333333,-0.12939040879546723,0.19205603738792917,0.2256839398754744,closed,win
risk20,BTC,short,2025-03-05 04:00:00+00:00,2025-03-05 12:00:00+00:00,3,-0.0016400300688992242,8.544850256942931e-05,-0.0017254785714686536,20% target-vol,historical_validation,0.5,-0.0854485025694293,0.06577060699847567,0.0854485025694293,closed,loss
risk24,BTC,short,2025-03-05 04:00:00+00:00,2025-03-05 12:00:00+00:00,3,-0.001968036082679069,0.00010253820308331514,-0.002070574285762384,24% target-vol,historical_validation,0.5,-0.10253820308331514,0.07892472839817079,0.10253820308331514,closed,loss
risk20,ETH,short,2025-03-07 08:00:00+00:00,2025-03-11 20:00:00+00:00,28,0.0031437449378011783,0.00022129066069985213,0.002922454277101326,20% target-vol,historical_validation,4.666666666666667,-0.0384112804108185,0.055230233112282055,0.12591177182882862,closed,win
risk24,ETH,short,2025-03-07 08:00:00+00:00,2025-03-11 20:00:00+00:00,28,0.003772493925361416,0.0002655487928398226,0.0035069451325215936,24% target-vol,historical_validation,4.666666666666667,-0.0460935364929822,0.06627627973473846,0.15109412619459436,closed,win
risk20,BTC,short,2025-03-08 04:00:00+00:00,2025-03-13 04:00:00+00:00,31,0.006020505084933806,0.00028283562696930004,0.0057376694579645065,20% target-vol,historical_validation,5.166666666666667,-0.054586498145552755,0.12305395753624376,0.21946670571717383,closed,win
risk24,BTC,short,2025-03-08 04:00:00+00:00,2025-03-13 04:00:00+00:00,31,0.007224606101920568,0.00033940275236316015,0.006885203349557408,24% target-vol,historical_validation,5.166666666666667,-0.06550379777466331,0.1476647490434925,0.26336004686060854,closed,win
risk20,ETH,short,2025-03-12 20:00:00+00:00,2025-03-13 12:00:00+00:00,5,-0.000474217073048346,3.519039201908572e-05,-0.0005094074650674317,20% target-vol,historical_validation,0.8333333333333334,-0.03517201583043707,0.028106257858273608,0.03517201583043707,closed,loss
risk24,ETH,short,2025-03-12 20:00:00+00:00,2025-03-13 12:00:00+00:00,5,-0.0005690604876580153,4.222847042290286e-05,-0.0006112889580809182,24% target-vol,historical_validation,0.8333333333333334,-0.04220641899652448,0.03372750942992833,0.04220641899652448,closed,loss
risk20,BTC,short,2025-03-14 00:00:00+00:00,2025-03-14 16:00:00+00:00,5,-0.002387544891315828,5.351664168923281e-05,-0.002441061533005061,20% target-vol,historical_validation,0.8333333333333334,-0.05350508906073404,0.04813966294821675,0.05350508906073404,closed,loss
risk24,BTC,short,2025-03-14 00:00:00+00:00,2025-03-14 16:00:00+00:00,5,-0.002865053869578994,6.421997002707939e-05,-0.0029292738396060735,24% target-vol,historical_validation,0.8333333333333334,-0.06420610687288085,0.057767595537860095,0.06420610687288085,closed,loss
risk20,ETH,short,2025-03-28 12:00:00+00:00,2025-04-01 16:00:00+00:00,26,0.000772900212485703,0.00013024303722391172,0.0006426571752617913,20% target-vol,historical_validation,4.333333333333333,-0.12513616053340895,0.07339280825276168,0.12619226270772138,closed,win
risk24,ETH,short,2025-03-28 12:00:00+00:00,2025-04-01 16:00:00+00:00,26,0.0009274802549828435,0.00015629164466869408,0.0007711886103141494,24% target-vol,historical_validation,4.333333333333333,-0.15016339264009074,0.08807136990331399,0.15143071524926566,closed,win
risk20,BTC,short,2025-03-28 20:00:00+00:00,2025-04-01 12:00:00+00:00,23,-0.00012313179590548264,0.00011586806735596972,-0.00023899986326145236,20% target-vol,historical_validation,3.8333333333333335,-0.050069372763324065,0.1022978138378408,0.10918226210813443,closed,loss
risk24,BTC,short,2025-03-28 20:00:00+00:00,2025-04-01 12:00:00+00:00,23,-0.000147758155086579,0.00013904168082716365,-0.00028679983591374265,24% target-vol,historical_validation,3.8333333333333335,-0.06008324731598887,0.12275737660540895,0.1310187145297613,closed,loss
risk20,ETH,short,2025-04-02 12:00:00+00:00,2025-04-02 12:00:00+00:00,1,-5.9200923527768734e-05,1.7174814965685782e-05,-7.637573849345451e-05,20% target-vol,historical_validation,0.16666666666666666,-0.01717481496568578,0.01717481496568578,0.01717481496568578,closed,loss
risk24,ETH,short,2025-04-02 12:00:00+00:00,2025-04-02 12:00:00+00:00,1,-7.10411082333225e-05,2.0609777958822944e-05,-9.165088619214544e-05,24% target-vol,historical_validation,0.16666666666666666,-0.020609777958822944,0.020609777958822944,0.020609777958822944,closed,loss
risk20,ETH,short,2025-04-03 08:00:00+00:00,2025-04-05 00:00:00+00:00,11,0.0003005476840114075,5.170288991153902e-05,0.00024884479409986845,20% target-vol,historical_validation,1.8333333333333333,-0.014256055675690335,0.01324425518825145,0.03608275832222858,closed,win
risk24,ETH,short,2025-04-03 08:00:00+00:00,2025-04-03 16:00:00+00:00,3,0.0002822967183001064,1.4645237592582706e-05,0.0002676514807075237,24% target-vol,historical_validation,0.5,-0.010256631133220099,0.011696162054325105,0.014610230744558911,closed,win
risk24,ETH,short,2025-04-04 12:00:00+00:00,2025-04-05 00:00:00+00:00,4,-2.731245221513166e-05,3.632025906983879e-05,-6.363271128497045e-05,24% target-vol,historical_validation,0.6666666666666666,-0.012909038402128009,0.018698725382071693,0.03608275832222858,closed,loss
risk20,ETH,short,2025-04-05 20:00:00+00:00,2025-04-06 08:00:00+00:00,4,-0.0012781560046778654,0.00011497831644119343,-0.001393134321119059,20% target-vol,historical_validation,0.6666666666666666,-0.05705589930181729,0.085957455539127,0.11497831644119343,closed,loss
risk24,ETH,short,2025-04-05 20:00:00+00:00,2025-04-06 08:00:00+00:00,4,-0.0015337872056134382,0.0001379739797294321,-0.0016717611853428703,24% target-vol,historical_validation,0.6666666666666666,-0.06846707916218074,0.1031489466469524,0.1379739797294321,closed,loss
risk20,ETH,short,2025-04-06 20:00:00+00:00,2025-04-07 12:00:00+00:00,5,0.033961121657984344,0.0002710276606620476,0.0336900939973223,20% target-vol,historical_validation,0.8333333333333334,-0.20625516269263675,0.15002675617190442,0.20625516269263675,closed,win
risk24,ETH,short,2025-04-06 20:00:00+00:00,2025-04-07 12:00:00+00:00,5,0.0407533459895812,0.000325233192794457,0.04042811279678674,24% target-vol,historical_validation,0.8333333333333334,-0.24750619523116404,0.18003210740628528,0.24750619523116404,closed,win
risk20,BTC,short,2025-04-07 00:00:00+00:00,2025-04-08 04:00:00+00:00,8,-0.005808885881252121,0.00025208491136258015,-0.006060970792614702,20% target-vol,historical_validation,1.3333333333333333,-0.07152515079697642,0.14644699009661338,0.25208491136258016,closed,loss
risk24,BTC,short,2025-04-07 00:00:00+00:00,2025-04-08 04:00:00+00:00,8,-0.006970663057502546,0.00030250189363509615,-0.007273164951137642,24% target-vol,historical_validation,1.3333333333333333,-0.08583018095637168,0.175736388115936,0.30250189363509616,closed,loss
risk20,BTC,short,2025-04-09 04:00:00+00:00,2025-04-10 20:00:00+00:00,11,-0.006001321429336115,0.0004497714140277807,-0.0064510928433638955,20% target-vol,historical_validation,1.8333333333333333,-0.18697233195672844,0.3143030461222532,0.41204940990818817,closed,loss
risk24,BTC,short,2025-04-09 04:00:00+00:00,2025-04-10 20:00:00+00:00,11,-0.01113966307773134,0.0004487715946774383,-0.011588434672408778,24% target-vol,historical_validation,1.8333333333333333,-0.22436679834807413,0.33499554751787697,0.40350837011769847,closed,loss
risk20,ETH,short,2025-04-22 00:00:00+00:00,2025-04-22 12:00:00+00:00,4,-0.00043502405396952015,4.514442459906407e-05,-0.00048016847856858423,20% target-vol,historical_validation,0.6666666666666666,-0.006586626325685205,0.016108466975511375,0.04498314793597091,closed,loss
risk24,ETH,short,2025-04-22 12:00:00+00:00,2025-04-22 12:00:00+00:00,1,-0.00021806361675951935,4.142289480702086e-05,-0.00025948651156654023,24% target-vol,historical_validation,0.16666666666666666,-0.04142289480702086,0.04142289480702086,0.04142289480702086,closed,loss
risk20,BTC,long,2025-04-25 20:00:00+00:00,2025-05-04 16:00:00+00:00,54,-0.001375470917088205,0.000580301850325685,-0.00195577276741389,20% target-vol,historical_validation,9.0,0.2711578886251407,0.20351560528180035,0.2794440897173163,closed,loss
risk24,BTC,long,2025-04-25 20:00:00+00:00,2025-05-04 16:00:00+00:00,54,-0.001335985128539578,0.0006753645263460244,-0.0020113496548856023,24% target-vol,historical_validation,9.0,0.30460253560532313,0.23877168688614323,0.33456239412224487,closed,loss
risk20,ETH,short,2025-05-06 16:00:00+00:00,2025-05-07 04:00:00+00:00,4,-0.0022878365673472713,9.486554219897874e-05,-0.00238270210954625,20% target-vol,historical_validation,0.6666666666666666,-0.06383353346332915,0.07206017992830963,0.09468043597857723,closed,loss
risk24,ETH,short,2025-05-06 16:00:00+00:00,2025-05-07 04:00:00+00:00,4,-0.0027454038808167255,0.00011383865063877447,-0.0028592425314555,24% target-vol,historical_validation,0.6666666666666666,-0.07660024015599498,0.08647221591397156,0.11361652317429266,closed,loss
risk20,BTC,long,2025-05-07 04:00:00+00:00,2025-05-07 04:00:00+00:00,1,-0.00019764394778159757,5.11970243103733e-05,-0.0002488409720919709,20% target-vol,historical_validation,0.16666666666666666,0.0511970243103733,0.0511970243103733,0.0511970243103733,closed,loss
risk24,BTC,long,2025-05-07 04:00:00+00:00,2025-05-07 04:00:00+00:00,1,-0.00023717273733791708,6.143642917244796e-05,-0.00029860916651036504,24% target-vol,historical_validation,0.16666666666666666,0.06143642917244796,0.06143642917244796,0.06143642917244796,closed,loss
risk20,BTC,long,2025-05-07 12:00:00+00:00,2025-05-13 00:00:00+00:00,34,0.015860787795304178,0.0004997069633530921,0.015361080831951085,20% target-vol,historical_validation,5.666666666666667,0.07147591132805473,0.25897145101934693,0.41774118318966735,closed,win
risk24,BTC,long,2025-05-07 12:00:00+00:00,2025-05-13 00:00:00+00:00,34,0.019032945354365016,0.0005996483560237103,0.018433296998341304,24% target-vol,historical_validation,5.666666666666667,0.08577109359366568,0.31076574122321626,0.5012894198276008,closed,win
risk20,ETH,long,2025-05-09 00:00:00+00:00,2025-05-17 04:00:00+00:00,50,0.021552698238243392,0.0005975085976831158,0.020955189640560277,20% target-vol,historical_validation,8.333333333333334,0.1486206206314609,0.09701743388136155,0.217290410358818,closed,win
risk24,ETH,long,2025-05-09 00:00:00+00:00,2025-05-17 04:00:00+00:00,50,0.02561103485211391,0.0007170103172197391,0.024894024534894168,24% target-vol,historical_validation,8.333333333333334,0.17834474475775308,0.11632148337684386,0.26074849243058157,closed,win
risk20,BTC,long,2025-05-13 20:00:00+00:00,2025-05-15 08:00:00+00:00,10,-0.0020040676321630368,7.559744984088554e-05,-0.0020796650820039224,20% target-vol,historical_validation,1.6666666666666667,0.017144165726927462,0.06967773656694738,0.07554893343719545,closed,loss
risk24,BTC,long,2025-05-13 20:00:00+00:00,2025-05-15 08:00:00+00:00,10,-0.0022627933046255426,9.071693980906263e-05,-0.0023535102444346054,24% target-vol,historical_validation,1.6666666666666667,0.032267801499480754,0.08478276414305361,0.09065872012463451,closed,loss
risk20,BTC,long,2025-05-19 00:00:00+00:00,2025-05-19 08:00:00+00:00,3,-7.035214292350052e-05,7.300248977809272e-05,-0.00014335463270159324,20% target-vol,historical_validation,0.5,0.07300248977809272,0.07234847586214936,0.07300248977809272,closed,loss
risk24,BTC,long,2025-05-19 00:00:00+00:00,2025-05-19 08:00:00+00:00,3,-8.442257150820042e-05,8.760298773371125e-05,-0.00017202555924191167,24% target-vol,historical_validation,0.5,0.08760298773371124,0.08681817103457923,0.08760298773371124,closed,loss
risk20,ETH,long,2025-05-20 04:00:00+00:00,2025-05-21 20:00:00+00:00,11,-0.0031251744517959952,0.00018667144257552987,-0.003311845894371525,20% target-vol,historical_validation,1.8333333333333333,0.020379807393593543,0.10052488537466213,0.1764460637545976,closed,loss
risk24,ETH,long,2025-05-20 04:00:00+00:00,2025-05-21 20:00:00+00:00,11,-0.003393058712910962,0.00020434109814515523,-0.0035973998110561175,24% target-vol,historical_validation,1.8333333333333333,0.02445576887231225,0.11059949999856462,0.1920761582340684,closed,loss
risk20,BTC,long,2025-05-21 00:00:00+00:00,2025-05-24 04:00:00+00:00,20,0.005694063152016931,0.0005617473177592008,0.005132315834257731,20% target-vol,historical_validation,3.3333333333333335,0.09909206142074094,0.2908877034536019,0.448855473783109,closed,win
risk24,BTC,long,2025-05-21 00:00:00+00:00,2025-05-24 04:00:00+00:00,20,0.005816174402252045,0.0006262192928077325,0.0051899551094443126,24% target-vol,historical_validation,3.3333333333333335,0.14189421400997201,0.3194332088495321,0.46777849247303677,closed,win
risk20,BTC,long,2025-05-24 16:00:00+00:00,2025-05-25 12:00:00+00:00,6,-0.0012635710703166585,7.018086095475924e-05,-0.0013337519312714178,20% target-vol,historical_validation,1.0,0.07005504977350414,0.07006537065791879,0.07013903361009226,closed,loss
risk24,BTC,long,2025-05-24 16:00:00+00:00,2025-05-25 12:00:00+00:00,6,-0.00151628528437999,8.421703314571108e-05,-0.0016005023175257012,24% target-vol,historical_validation,1.0,0.08406605972820497,0.08407844478950253,0.08416684033211069,closed,loss
risk20,BTC,long,2025-05-27 00:00:00+00:00,2025-05-28 12:00:00+00:00,10,0.0001002625804882097,7.055324394627857e-05,2.9709336541931133e-05,20% target-vol,historical_validation,1.6666666666666667,0.07016582698272199,0.046485754266058985,0.07044302858142373,closed,win
risk24,BTC,long,2025-05-27 00:00:00+00:00,2025-05-28 12:00:00+00:00,10,0.00012031509658585152,8.466389273553427e-05,3.565120385031724e-05,24% target-vol,historical_validation,1.6666666666666667,0.08419899237926637,0.05578290511927079,0.08453163429770848,closed,win
risk20,ETH,long,2025-05-27 16:00:00+00:00,2025-05-30 12:00:00+00:00,18,2.8947984520447933e-06,0.000216861551745058,-0.0002139667532930132,20% target-vol,historical_validation,3.0,0.13255486666959337,0.13839782229056452,0.2164649035440839,closed,loss
risk24,ETH,long,2025-05-27 16:00:00+00:00,2025-05-30 12:00:00+00:00,18,-0.00019079993225175188,0.00022815535291472553,-0.0004189552851664774,24% target-vol,historical_validation,3.0,0.159065840003512,0.15551356705485128,0.22776254556375428,closed,loss
risk20,ETH,long,2025-06-03 04:00:00+00:00,2025-06-05 16:00:00+00:00,16,-0.0014006454925290723,0.000302945681384478,-0.0017035911739135502,20% target-vol,historical_validation,2.6666666666666665,0.05750388731529311,0.15892469386283348,0.2927961362449336,closed,loss
risk24,ETH,long,2025-06-03 04:00:00+00:00,2025-06-05 16:00:00+00:00,16,-0.0015170078541115236,0.00033733116408437896,-0.0018543390181959027,24% target-vol,historical_validation,2.6666666666666665,0.05750388731529311,0.1801872620710754,0.3309376391545314,closed,loss
risk20,BTC,long,2025-06-09 20:00:00+00:00,2025-06-12 12:00:00+00:00,17,-0.00115267437287041,0.00025800916562211614,-0.001410683538492526,20% target-vol,historical_validation,2.8333333333333335,0.18388280727090564,0.13748021028121307,0.18388280727090564,closed,loss
risk24,BTC,long,2025-06-09 20:00:00+00:00,2025-06-12 12:00:00+00:00,17,-0.0018829574463266829,0.0003208805223500482,-0.002203837968676731,24% target-vol,historical_validation,2.8333333333333335,0.22065936872508674,0.18480562003963127,0.22065936872508674,closed,loss
risk20,ETH,long,2025-06-10 00:00:00+00:00,2025-06-13 00:00:00+00:00,19,0.0008741653525731873,0.00029524893356811736,0.00057891641900507,20% target-vol,historical_validation,3.1666666666666665,0.14213069358095518,0.1958766038757385,0.2869124519582784,closed,win
risk24,ETH,long,2025-06-10 00:00:00+00:00,2025-06-13 00:00:00+00:00,19,0.0006022742923406724,0.00035348456660357986,0.0002487897257370925,24% target-vol,historical_validation,3.1666666666666665,0.16440801294128746,0.22500340331601681,0.34429494234993396,closed,win
risk20,ETH,short,2025-06-13 08:00:00+00:00,2025-06-14 00:00:00+00:00,5,-0.0014949646385611845,9.15684998098895e-05,-0.001586533138371074,20% target-vol,historical_validation,0.8333333333333334,-0.09152116168088743,0.08001303073830084,0.09154942603290746,closed,loss
risk24,ETH,short,2025-06-13 08:00:00+00:00,2025-06-14 00:00:00+00:00,5,-0.0017939575662734215,0.00010988219977186741,-0.0019038397660452889,24% target-vol,historical_validation,0.8333333333333334,-0.10982539401706493,0.09601563688596101,0.10985931123948896,closed,loss
risk20,ETH,long,2025-06-14 12:00:00+00:00,2025-06-14 12:00:00+00:00,1,3.1231933299956774e-05,5.2101645361426606e-05,-2.0869712061469832e-05,20% target-vol,historical_validation,0.16666666666666666,0.052101645361426606,0.052101645361426606,0.052101645361426606,closed,loss
risk24,ETH,long,2025-06-14 12:00:00+00:00,2025-06-14 12:00:00+00:00,1,3.7478319959948126e-05,6.252197443371192e-05,-2.5043654473763796e-05,24% target-vol,historical_validation,0.16666666666666666,0.06252197443371192,0.06252197443371192,0.06252197443371192,closed,loss
risk20,ETH,long,2025-06-16 20:00:00+00:00,2025-06-17 12:00:00+00:00,5,-0.004684265886929049,0.00013507216487851944,-0.004819338051807569,20% target-vol,historical_validation,0.8333333333333334,0.13507216487851945,0.08086554813426097,0.13507216487851945,closed,loss
risk24,ETH,long,2025-06-16 20:00:00+00:00,2025-06-17 12:00:00+00:00,5,-0.00562111906431486,0.00016208659785422338,-0.005783205662169083,24% target-vol,historical_validation,0.8333333333333334,0.16208659785422339,0.09703865776111315,0.16208659785422339,closed,loss
risk20,BTC,long,2025-06-17 00:00:00+00:00,2025-06-17 12:00:00+00:00,4,-0.0023937213139985716,0.00010727036250315982,-0.0025009916765017315,20% target-vol,historical_validation,0.6666666666666666,0.10727036250315981,0.0914152815883029,0.10727036250315981,closed,loss
risk24,BTC,long,2025-06-17 00:00:00+00:00,2025-06-17 12:00:00+00:00,4,-0.002872465576798286,0.00012872443500379176,-0.003001190011802078,24% target-vol,historical_validation,0.6666666666666666,0.12872443500379177,0.10969833790596348,0.12872443500379177,closed,loss
risk20,ETH,short,2025-06-17 20:00:00+00:00,2025-06-17 20:00:00+00:00,1,-0.0019988322497478243,0.00016286440839375447,-0.002161696658141579,20% target-vol,historical_validation,0.16666666666666666,-0.16286440839375446,0.16286440839375446,0.16286440839375446,closed,loss
risk24,ETH,short,2025-06-17 20:00:00+00:00,2025-06-17 20:00:00+00:00,1,-0.0023985986996973886,0.0001954372900725053,-0.002594035989769894,24% target-vol,historical_validation,0.16666666666666666,-0.1954372900725053,0.1954372900725053,0.1954372900725053,closed,loss
risk20,ETH,short,2025-06-19 00:00:00+00:00,2025-06-19 12:00:00+00:00,4,-0.002541247602404079,0.00015529725656582708,-0.002696544858969906,20% target-vol,historical_validation,0.6666666666666666,-0.1548141553032202,0.1548148659584622,0.15501271280741977,closed,loss
risk24,ETH,short,2025-06-19 00:00:00+00:00,2025-06-19 12:00:00+00:00,4,-0.003049497122884894,0.00018635670787899245,-0.0032358538307638864,24% target-vol,historical_validation,0.6666666666666666,-0.1857769863638642,0.18577783915015464,0.18601525536890376,closed,loss
risk20,ETH,short,2025-06-20 04:00:00+00:00,2025-06-20 08:00:00+00:00,2,-0.00011275007731546526,2.3633930077026953e-05,-0.00013638400739249222,20% target-vol,historical_validation,0.3333333333333333,-0.023633930077026955,0.017757455559559997,0.023633930077026955,closed,loss
risk24,ETH,short,2025-06-20 04:00:00+00:00,2025-06-20 08:00:00+00:00,2,-0.00013530009277855826,2.8360716092432347e-05,-0.0001636608088709906,24% target-vol,historical_validation,0.3333333333333333,-0.028360716092432348,0.021308946671471995,0.028360716092432348,closed,loss
risk20,ETH,short,2025-06-20 20:00:00+00:00,2025-06-23 16:00:00+00:00,18,0.014652274275383655,0.00016038886902974866,0.014491885406353907,20% target-vol,historical_validation,3.0,-0.12437001453093847,0.14501513525845666,0.15796966453844963,closed,win
risk24,ETH,short,2025-06-20 20:00:00+00:00,2025-06-23 16:00:00+00:00,18,0.017582729130460384,0.00019246664283569832,0.017390262487624687,24% target-vol,historical_validation,3.0,-0.14924401743712618,0.17401816231014797,0.18956359744613951,closed,win
risk20,BTC,long,2025-06-25 04:00:00+00:00,2025-07-01 20:00:00+00:00,41,0.0025418880326258724,0.0010347283540823478,0.0015071596785435246,20% target-vol,historical_validation,6.833333333333333,0.05129431231001332,0.415582160468036,0.583980636480478,closed,win
risk24,BTC,long,2025-06-25 04:00:00+00:00,2025-07-01 20:00:00+00:00,41,0.003050265639151052,0.0012416740248988169,0.001808591614252235,24% target-vol,historical_validation,6.833333333333333,0.06155317477201599,0.4986985925616432,0.7007767637765735,closed,win
risk20,ETH,long,2025-06-25 12:00:00+00:00,2025-06-25 12:00:00+00:00,1,-0.0016727076478883344,0.00023693782621639096,-0.0019096454741047253,20% target-vol,historical_validation,0.16666666666666666,0.23693782621639095,0.23693782621639095,0.23693782621639095,closed,loss
risk24,ETH,long,2025-06-25 12:00:00+00:00,2025-06-25 12:00:00+00:00,1,-0.0020072491774660015,0.0002843253914596692,-0.0022915745689256707,24% target-vol,historical_validation,0.16666666666666666,0.2843253914596692,0.2843253914596692,0.2843253914596692,closed,loss
risk20,ETH,long,2025-06-26 12:00:00+00:00,2025-06-26 12:00:00+00:00,1,-0.0026358626628512224,0.00015032986145699947,-0.0027861925243082217,20% target-vol,historical_validation,0.16666666666666666,0.15032986145699948,0.15032986145699948,0.15032986145699948,closed,loss
risk24,ETH,long,2025-06-26 12:00:00+00:00,2025-06-26 12:00:00+00:00,1,-0.0031630351954214657,0.00018039583374839928,-0.003343431029169865,24% target-vol,historical_validation,0.16666666666666666,0.1803958337483993,0.1803958337483993,0.1803958337483993,closed,loss
risk20,ETH,long,2025-06-26 20:00:00+00:00,2025-06-27 20:00:00+00:00,7,-0.0019113432553904302,0.00020041892480690798,-0.002111762180197338,20% target-vol,historical_validation,1.1666666666666667,0.12416246723875708,0.09538743547661566,0.12459026200585342,closed,loss
risk24,ETH,long,2025-06-26 20:00:00+00:00,2025-06-27 20:00:00+00:00,7,-0.0022936119064685167,0.00024050270976828963,-0.0025341146162368064,24% target-vol,historical_validation,1.1666666666666667,0.14899496068650844,0.11446492257193878,0.1495083144070241,closed,loss
risk20,ETH,long,2025-06-30 08:00:00+00:00,2025-07-01 00:00:00+00:00,5,-0.0007960436451979306,0.00012937749706261,-0.0009254211422605406,20% target-vol,historical_validation,0.8333333333333334,0.12937749706261,0.12373516079175122,0.12937749706261,closed,loss
risk24,ETH,long,2025-06-30 08:00:00+00:00,2025-07-01 00:00:00+00:00,5,-0.0009552523742375175,0.000155252996475132,-0.0011105053707126495,24% target-vol,historical_validation,0.8333333333333334,0.155252996475132,0.14848219295010143,0.155252996475132,closed,loss
risk20,ETH,long,2025-07-01 08:00:00+00:00,2025-07-02 08:00:00+00:00,7,-0.001338353045731872,0.00019033383876993696,-0.001528686884501809,20% target-vol,historical_validation,1.1666666666666667,0.12889927961840073,0.10704726158172487,0.12889927961840073,closed,loss
risk24,ETH,long,2025-07-01 08:00:00+00:00,2025-07-02 08:00:00+00:00,7,-0.001606023654878246,0.00022840060652392434,-0.0018344242614021704,24% target-vol,historical_validation,1.1666666666666667,0.15467913554208088,0.12845671389806984,0.15467913554208088,closed,loss
risk20,BTC,long,2025-07-02 16:00:00+00:00,2025-07-08 04:00:00+00:00,34,0.00014214554069434356,0.0005887748833849135,-0.00044662934269056997,20% target-vol,historical_validation,5.666666666666667,0.196477841875368,0.2368270193884799,0.4471506343186033,closed,loss
risk24,BTC,long,2025-07-02 16:00:00+00:00,2025-07-08 04:00:00+00:00,34,0.00017057464883321176,0.000706529860061896,-0.0005359552112286841,24% target-vol,historical_validation,5.666666666666667,0.23577341025044155,0.2841924232661758,0.5365807611823238,closed,loss
risk20,ETH,long,2025-07-02 20:00:00+00:00,2025-07-05 04:00:00+00:00,15,-0.0037994623531597744,0.00015949901462401257,-0.003958961367783787,20% target-vol,historical_validation,2.5,0.053810867906058095,0.12423928568204698,0.1586965886154388,closed,loss
risk24,ETH,long,2025-07-02 20:00:00+00:00,2025-07-05 04:00:00+00:00,15,-0.00455935482379173,0.00019139881754881504,-0.004750753641340545,24% target-vol,historical_validation,2.5,0.06457304148726971,0.14908714281845636,0.1904359063385265,closed,loss
risk20,ETH,long,2025-07-06 20:00:00+00:00,2025-07-08 00:00:00+00:00,8,-0.0008752607909755879,6.850597845297491e-05,-0.0009437667694285628,20% target-vol,historical_validation,1.3333333333333333,0.03361097225730399,0.039990684284267206,0.0683824661931907,closed,loss
risk24,ETH,long,2025-07-06 20:00:00+00:00,2025-07-08 00:00:00+00:00,8,-0.0010503129491707054,8.220717414356989e-05,-0.0011325201233142754,24% target-vol,historical_validation,1.3333333333333333,0.04033316670876478,0.047988821141120644,0.08205895943182884,closed,loss
risk20,ETH,long,2025-07-08 16:00:00+00:00,2025-07-22 04:00:00+00:00,82,0.08840026772754526,0.0005762713635809268,0.08782399636396433,20% target-vol,historical_validation,13.666666666666666,0.21289653772462613,0.19737506135704672,0.34553920479626793,closed,win
risk24,ETH,long,2025-07-08 16:00:00+00:00,2025-07-22 04:00:00+00:00,82,0.10456637455847492,0.0006756222001033835,0.10389075235837154,24% target-vol,historical_validation,13.666666666666666,0.2554758452695513,0.23395437026234742,0.4146470457555214,closed,win
risk20,BTC,long,2025-07-10 00:00:00+00:00,2025-07-15 08:00:00+00:00,33,0.019690829766640883,0.000424810134827881,0.019266019631813,20% target-vol,historical_validation,5.5,0.36368425144956307,0.3225728595115374,0.38290525734418807,closed,win
risk24,BTC,long,2025-07-10 00:00:00+00:00,2025-07-15 08:00:00+00:00,33,0.023628995719969063,0.0005097721617934573,0.023119223558175608,24% target-vol,historical_validation,5.5,0.4364211017394755,0.3870874314138449,0.4594863088130257,closed,win
risk20,ETH,long,2025-07-26 12:00:00+00:00,2025-07-30 20:00:00+00:00,27,0.0022081735216389602,0.00035978082541607514,0.001848392696222885,20% target-vol,historical_validation,4.5,0.026893584028548745,0.11573936126925925,0.3313201711275333,closed,win
risk24,ETH,long,2025-07-26 12:00:00+00:00,2025-07-30 20:00:00+00:00,27,0.0023328140293698433,0.0004052773840092515,0.0019275366453605919,24% target-vol,historical_validation,4.5,0.020941528719824746,0.12979204528161567,0.3722320772659739,closed,win
risk20,ETH,long,2025-07-31 08:00:00+00:00,2025-08-01 20:00:00+00:00,10,-0.007191749704352038,0.00022309926877653674,-0.007414848973128575,20% target-vol,historical_validation,1.6666666666666667,0.0253384061915676,0.07052437477761439,0.22275596978263515,closed,loss
risk24,ETH,long,2025-07-31 08:00:00+00:00,2025-08-01 00:00:00+00:00,5,-0.00749723441784365,0.00023822672996634775,-0.007735461147809998,24% target-vol,historical_validation,0.8333333333333334,0.019168154750913505,0.1448032412562446,0.23789226324078536,closed,loss
risk20,ETH,long,2025-08-04 20:00:00+00:00,2025-08-05 16:00:00+00:00,6,-0.0013535912219039584,5.64678773782021e-05,-0.0014100590992821606,20% target-vol,historical_validation,1.0,0.025154240814647604,0.051096569245456434,0.05646585307568638,closed,loss
risk24,ETH,long,2025-08-04 20:00:00+00:00,2025-08-05 16:00:00+00:00,6,-0.0013805974412681053,5.64678773782021e-05,-0.0014370653186463074,24% target-vol,historical_validation,1.0,0.01889512911336359,0.050053383961909094,0.05646585307568638,closed,loss
risk20,ETH,long,2025-08-06 20:00:00+00:00,2025-08-07 00:00:00+00:00,2,4.441352590119304e-05,4.0953378794506415e-05,3.460147106686625e-06,20% target-vol,historical_validation,0.3333333333333333,0.010670357935541415,0.025811868365023912,0.04095337879450641,closed,win
risk24,ETH,long,2025-08-06 20:00:00+00:00,2025-08-07 00:00:00+00:00,2,1.2920902453967814e-05,3.7828785159427727e-05,-2.490788270545991e-05,24% target-vol,historical_validation,0.3333333333333333,0.001486703028287975,0.01965774409385785,0.037828785159427725,closed,loss
risk20,ETH,long,2025-08-07 16:00:00+00:00,2025-08-15 20:00:00+00:00,50,0.045586270623923404,0.0003602771308150077,0.04522599349310839,20% target-vol,historical_validation,8.333333333333334,0.22527726096533374,0.2439681093902044,0.2852973346941045,closed,win
risk24,ETH,long,2025-08-07 16:00:00+00:00,2025-08-15 20:00:00+00:00,50,0.052218316991706905,0.00040098987009253815,0.05181732712161437,24% target-vol,historical_validation,8.333333333333334,0.23677672889319032,0.2780823203189824,0.3309650541453397,closed,win
risk20,BTC,long,2025-08-11 08:00:00+00:00,2025-08-14 20:00:00+00:00,22,-0.011307552961910407,0.0003524998755505201,-0.011660052837460928,20% target-vol,historical_validation,3.6666666666666665,0.15306288939878435,0.13942168701684976,0.2807862401870502,closed,loss
risk24,BTC,long,2025-08-11 08:00:00+00:00,2025-08-14 20:00:00+00:00,22,-0.013279477600089573,0.0004117004293981378,-0.013691178029487711,24% target-vol,historical_validation,3.6666666666666665,0.1726345476145983,0.15758952828325576,0.32573132077769623,closed,loss
risk20,BTC,long,2025-08-15 20:00:00+00:00,2025-08-18 04:00:00+00:00,15,-0.00017795238895136755,1.4611957738232779e-05,-0.00019256434668960034,20% target-vol,historical_validation,2.5,0.0064811887699118,0.009230492968751206,0.01153186395855508,closed,loss
risk24,BTC,long,2025-08-15 20:00:00+00:00,2025-08-18 04:00:00+00:00,15,-0.00027204759202230247,3.349369184975397e-05,-0.00030554128387205644,24% target-vol,historical_validation,2.5,0.02979757931414072,0.012544601748517896,0.02979757931414072,closed,loss
risk20,BTC,short,2025-09-01 00:00:00+00:00,2025-09-01 08:00:00+00:00,3,-0.0022799743815219466,0.00030005001209480243,-0.0025800243936167488,20% target-vol,historical_validation,0.5,-0.3000500120948024,0.2995327143288525,0.3000500120948024,closed,loss
risk24,BTC,short,2025-09-01 00:00:00+00:00,2025-09-01 08:00:00+00:00,3,-0.0029094413964695183,0.0003827679132170393,-0.0032922093096865576,24% target-vol,historical_validation,0.5,-0.38276791321703935,0.3821457594010386,0.38276791321703935,closed,loss
risk20,BTC,short,2025-09-01 16:00:00+00:00,2025-09-02 04:00:00+00:00,4,-0.0020163234588275757,0.0002645559870113404,-0.002280879445838916,20% target-vol,historical_validation,0.6666666666666666,-0.2642599978827486,0.19018557065231,0.2645559870113404,closed,loss
risk24,BTC,short,2025-09-01 16:00:00+00:00,2025-09-02 04:00:00+00:00,4,-0.0027230285524880594,0.00034005593643266017,-0.0030630844889207197,24% target-vol,historical_validation,0.6666666666666666,-0.3396893321742267,0.2507926160991858,0.34005593643266013,closed,loss
risk20,BTC,long,2025-09-02 20:00:00+00:00,2025-09-04 04:00:00+00:00,9,0.001350742643428745,0.00011081355366204356,0.0012399290897667015,20% target-vol,historical_validation,1.5,0.07587200054418378,0.07571944639772472,0.11074846311479174,closed,win
risk24,BTC,long,2025-09-02 20:00:00+00:00,2025-09-03 20:00:00+00:00,7,0.0010296648897583135,9.14782970374164e-05,0.000938186592720897,24% target-vol,historical_validation,1.1666666666666667,0.0910464006530205,0.08084391259797441,0.0910464006530205,closed,win
risk20,BTC,long,2025-09-04 12:00:00+00:00,2025-09-04 12:00:00+00:00,1,0.00029317006461869406,8.141063494276023e-05,0.00021175942967593383,20% target-vol,historical_validation,0.16666666666666666,0.08141063494276023,0.08141063494276023,0.08141063494276023,closed,win
risk24,BTC,long,2025-09-04 12:00:00+00:00,2025-09-04 12:00:00+00:00,1,0.00035180407754243286,9.769276193131227e-05,0.0002541113156111206,24% target-vol,historical_validation,0.16666666666666666,0.09769276193131227,0.09769276193131227,0.09769276193131227,closed,win
risk20,BTC,long,2025-09-05 12:00:00+00:00,2025-09-05 16:00:00+00:00,2,-0.0028718295185044345,0.00014895109212464892,-0.0030207806106290836,20% target-vol,historical_validation,0.3333333333333333,0.1102721483341398,0.12961162022939438,0.14895109212464894,closed,loss
risk24,BTC,long,2025-09-05 12:00:00+00:00,2025-09-05 16:00:00+00:00,2,-0.002865925056761594,0.00015646553177490883,-0.003022390588536503,24% target-vol,historical_validation,0.3333333333333333,0.08777415703709003,0.12211984440599943,0.15646553177490885,closed,loss
risk20,BTC,short,2025-09-08 00:00:00+00:00,2025-09-08 08:00:00+00:00,3,-1.0782872452565494e-05,8.508323353434033e-05,-9.586610598690582e-05,20% target-vol,historical_validation,0.5,-0.08505814374810243,0.08507305034825242,0.08508323353434033,closed,loss
risk24,BTC,short,2025-09-08 00:00:00+00:00,2025-09-08 08:00:00+00:00,3,-1.2939446943078555e-05,0.00010209988024120837,-0.00011503932718428693,24% target-vol,historical_validation,0.5,-0.10206977249772292,0.1020876604179029,0.10209988024120838,closed,loss
risk20,BTC,long,2025-09-08 16:00:00+00:00,2025-09-08 20:00:00+00:00,2,-6.241856332101707e-05,0.0001555218517627655,-0.00021794041508378258,20% target-vol,historical_validation,0.3333333333333333,0.12688972389049125,0.14120578782662838,0.1555218517627655,closed,loss
risk24,BTC,long,2025-09-08 16:00:00+00:00,2025-09-08 20:00:00+00:00,2,-0.00018401653950762202,0.0001654292034065383,-0.0003494457429141603,24% target-vol,historical_validation,0.3333333333333333,0.10989249589500294,0.13766084965077063,0.1654292034065383,closed,loss
risk20,BTC,short,2025-09-10 00:00:00+00:00,2025-09-10 12:00:00+00:00,4,-0.0005374276148344356,5.800511174988113e-05,-0.0005954327265843167,20% target-vol,historical_validation,0.6666666666666666,-0.05799035189841547,0.05796900053795102,0.05800511174988113,closed,loss
risk24,BTC,short,2025-09-10 00:00:00+00:00,2025-09-10 12:00:00+00:00,4,-0.0006449131378013229,6.960613409985736e-05,-0.0007145192719011802,24% target-vol,historical_validation,0.6666666666666666,-0.06958842227809856,0.06956280064554121,0.06960613409985734,closed,loss
risk20,ETH,long,2025-09-11 16:00:00+00:00,2025-09-15 20:00:00+00:00,26,0.0004069392351582244,0.00010795846373475556,0.00029898077142346885,20% target-vol,historical_validation,4.333333333333333,0.018679395463204868,0.08092527571812386,0.10421204860132899,closed,win
risk24,ETH,long,2025-09-11 16:00:00+00:00,2025-09-15 20:00:00+00:00,26,0.0004883270821898682,0.0001295501564817066,0.0003587769257081616,24% target-vol,historical_validation,4.333333333333333,0.02241527455584583,0.0971103308617486,0.12505445832159476,closed,win
risk20,BTC,long,2025-09-17 08:00:00+00:00,2025-09-17 16:00:00+00:00,3,-0.003992870668819426,0.0006732268442491652,-0.004666097513068591,20% target-vol,historical_validation,0.5,0.5646957675181504,0.6360364324953617,0.6732268442491652,closed,loss
risk24,BTC,long,2025-09-17 08:00:00+00:00,2025-09-17 16:00:00+00:00,3,-0.004372898778999735,0.0007524979036943913,-0.005125396682694126,24% target-vol,historical_validation,0.5,0.6444189516998583,0.7152630686703656,0.7524979036943913,closed,loss
risk20,BTC,long,2025-09-18 04:00:00+00:00,2025-09-21 16:00:00+00:00,22,-0.009043118327840763,0.0005934209525599724,-0.009636539280400735,20% target-vol,historical_validation,3.6666666666666665,0.19159217072124557,0.3609643006429456,0.5896297996907072,closed,loss
risk24,BTC,long,2025-09-18 04:00:00+00:00,2025-09-21 16:00:00+00:00,22,-0.01044508232800295,0.0006962798940465559,-0.011141362222049507,24% target-vol,historical_validation,3.6666666666666665,0.22991060486549467,0.4162009380983662,0.6923077289650927,closed,loss
risk20,BTC,short,2025-09-22 16:00:00+00:00,2025-09-24 08:00:00+00:00,11,0.0007240300032020554,0.000220698682945862,0.0005033313202561934,20% target-vol,historical_validation,1.8333333333333333,-0.077602063897996,0.1721342578071282,0.21819643057300264,closed,win
risk24,BTC,short,2025-09-22 16:00:00+00:00,2025-09-24 08:00:00+00:00,11,0.0008460583519582139,0.0002611795715491566,0.0005848787804090573,24% target-vol,historical_validation,1.8333333333333333,-0.0931224766775952,0.20597609078858764,0.25937177741576006,closed,win
risk20,BTC,short,2025-09-26 00:00:00+00:00,2025-09-28 16:00:00+00:00,17,-0.0025363033977951572,0.00036233186113428294,-0.00289863525892944,20% target-vol,historical_validation,2.8333333333333335,-0.15460264407920524,0.28574298386938385,0.3607135052819041,closed,loss
risk24,BTC,short,2025-09-26 00:00:00+00:00,2025-09-28 16:00:00+00:00,17,-0.002881346157507422,0.0004076348645537692,-0.0032889810220611913,24% target-vol,historical_validation,2.8333333333333335,-0.18552317289504625,0.33189264771235244,0.40587245054375254,closed,loss
risk20,BTC,long,2025-09-29 20:00:00+00:00,2025-10-10 20:00:00+00:00,67,0.022744204742769954,0.0009331340801553208,0.02181107066261463,20% target-vol,historical_validation,11.166666666666666,0.23673433154582227,0.502358616544104,0.6802688769407749,closed,win
risk20,ETH,long,2025-09-29 20:00:00+00:00,2025-09-29 20:00:00+00:00,1,0.0001429901431293765,2.3402776298991168e-05,0.00011958736683038533,20% target-vol,historical_validation,0.16666666666666666,0.02340277629899117,0.02340277629899117,0.02340277629899117,closed,win
risk24,BTC,long,2025-09-29 20:00:00+00:00,2025-10-10 20:00:00+00:00,67,0.028045823784545298,0.0011197608961863855,0.02692606288835891,24% target-vol,historical_validation,11.166666666666666,0.2730567067490611,0.601851116067258,0.81632265232893,closed,win
risk24,ETH,long,2025-09-29 20:00:00+00:00,2025-09-29 20:00:00+00:00,1,0.00020606166672371837,3.372550711953037e-05,0.000172336159604188,24% target-vol,historical_validation,0.16666666666666666,0.03372550711953037,0.03372550711953037,0.03372550711953037,closed,win
risk20,ETH,long,2025-09-30 04:00:00+00:00,2025-10-08 16:00:00+00:00,52,0.005684564608042228,0.0002567333022699438,0.005427831305772284,20% target-vol,historical_validation,8.666666666666666,0.12255022091490153,0.13317477636056088,0.1643730733269871,closed,win
risk24,ETH,long,2025-09-30 04:00:00+00:00,2025-10-08 16:00:00+00:00,52,0.006821477529650681,0.0003080799627239328,0.006513397566926748,24% target-vol,historical_validation,8.666666666666666,0.1470602650978818,0.15980973163267306,0.19724768799238454,closed,win
risk20,ETH,short,2025-10-10 20:00:00+00:00,2025-10-14 00:00:00+00:00,20,0.005346153097123301,0.00037343588458425874,0.0049727172125390426,20% target-vol,historical_validation,3.3333333333333335,-0.3684899008629518,0.23675802229177095,0.3684899008629518,closed,win
risk24,ETH,short,2025-10-10 20:00:00+00:00,2025-10-14 00:00:00+00:00,20,0.005889938386248701,0.0004453972944315782,0.005444541091817123,24% target-vol,historical_validation,3.3333333333333335,-0.41906433153752315,0.2829534492752242,0.4394621139660097,closed,win
risk20,BTC,short,2025-10-11 16:00:00+00:00,2025-10-25 00:00:00+00:00,81,0.008425390026424551,0.0009048072237157522,0.007520582802708799,20% target-vol,historical_validation,13.5,-0.043558285524612356,0.2668358796971142,0.5129419929245894,closed,win
risk24,BTC,short,2025-10-11 16:00:00+00:00,2025-10-25 00:00:00+00:00,81,0.010110468031709433,0.0010857686684589015,0.009024699363250531,24% target-vol,historical_validation,13.5,-0.05226994262953482,0.320203055636537,0.6155303915095073,closed,win
risk20,ETH,short,2025-10-14 16:00:00+00:00,2025-10-20 12:00:00+00:00,36,-0.002077794990484949,0.0002705321764155016,-0.0023483271669004504,20% target-vol,historical_validation,6.0,-0.023397603216202,0.12308795303728025,0.18558241604634484,closed,loss
risk24,ETH,short,2025-10-14 16:00:00+00:00,2025-10-20 12:00:00+00:00,36,-0.0024933539885819396,0.00032463861169860185,-0.0028179926002805415,24% target-vol,historical_validation,6.0,-0.028077123859442398,0.1477055436447363,0.22269889925561379,closed,loss
risk20,ETH,short,2025-10-21 00:00:00+00:00,2025-10-24 16:00:00+00:00,23,-0.007425161487192978,0.0004128490367239485,-0.007838010523916927,20% target-vol,historical_validation,3.8333333333333335,-0.07724745442629681,0.13030376838841756,0.2038793922097648,closed,loss
risk24,ETH,short,2025-10-21 00:00:00+00:00,2025-10-24 16:00:00+00:00,23,-0.008910193784631572,0.0004954188440687379,-0.00940561262870031,24% target-vol,historical_validation,3.8333333333333335,-0.09269694531155619,0.1563645220661011,0.24465527065171774,closed,loss
risk20,ETH,short,2025-10-25 00:00:00+00:00,2025-10-25 20:00:00+00:00,6,-0.0004530269329414438,5.8282093213240426e-05,-0.0005113090261546843,20% target-vol,historical_validation,1.0,-0.04409793542352397,0.04882392615892376,0.058282093213240425,closed,loss
risk24,ETH,short,2025-10-25 00:00:00+00:00,2025-10-25 20:00:00+00:00,6,-0.0005436323195297324,6.99385118558885e-05,-0.0006135708313856209,24% target-vol,historical_validation,1.0,-0.05291752250822876,0.05858871139070851,0.0699385118558885,closed,loss
risk20,BTC,long,2025-10-25 20:00:00+00:00,2025-10-29 16:00:00+00:00,24,0.0001346968939407087,0.00011310303470591867,2.1593859234790016e-05,20% target-vol,historical_validation,4.0,0.0655951009190001,0.07097187592150908,0.11239513782426591,closed,win
risk24,BTC,long,2025-10-25 20:00:00+00:00,2025-10-29 16:00:00+00:00,24,0.0001616362727288505,0.0001357236416471024,2.5912631081748117e-05,24% target-vol,historical_validation,4.0,0.07871412110280013,0.08516625110581089,0.1348741653891191,closed,win
risk20,ETH,short,2025-10-26 08:00:00+00:00,2025-10-26 08:00:00+00:00,1,-0.000341435977893497,5.834553188216193e-05,-0.0003997815097756589,20% target-vol,historical_validation,0.16666666666666666,-0.058345531882161926,0.058345531882161926,0.058345531882161926,closed,loss
risk24,ETH,short,2025-10-26 08:00:00+00:00,2025-10-26 08:00:00+00:00,1,-0.0004097231734721963,7.00146382585943e-05,-0.0004797378117307906,24% target-vol,historical_validation,0.16666666666666666,-0.0700146382585943,0.0700146382585943,0.0700146382585943,closed,loss
risk20,ETH,long,2025-10-26 16:00:00+00:00,2025-10-28 20:00:00+00:00,14,-0.00198975191228097,0.00026998209072054717,-0.0022597340030015172,20% target-vol,historical_validation,2.3333333333333335,0.047377803053331634,0.21448443053267743,0.26784543677534267,closed,loss
risk24,ETH,long,2025-10-26 16:00:00+00:00,2025-10-28 20:00:00+00:00,14,-0.0023877022947371607,0.0003239785088646566,-0.002711680803601817,24% target-vol,historical_validation,2.3333333333333335,0.05685336366399795,0.2573813166392129,0.32141452413041116,closed,loss
risk20,ETH,short,2025-10-29 08:00:00+00:00,2025-11-08 04:00:00+00:00,60,0.0115555353979902,0.0003640532479201443,0.011191482150070056,20% target-vol,historical_validation,10.0,-0.08121712503661666,0.0780567466496772,0.16413349870281002,closed,win
risk24,ETH,short,2025-10-29 08:00:00+00:00,2025-11-08 04:00:00+00:00,60,0.014736341129682539,0.0004096661232673116,0.014326675006415228,24% target-vol,historical_validation,10.0,-0.09746055004393996,0.09813835654071393,0.196960198443372,closed,win
risk20,BTC,short,2025-10-30 20:00:00+00:00,2025-10-31 04:00:00+00:00,3,-0.004485004418859111,0.00030675869415548523,-0.004791763113014597,20% target-vol,historical_validation,0.5,-0.3066540134419397,0.30624388526053464,0.30675869415548523,closed,loss
risk24,BTC,short,2025-10-30 20:00:00+00:00,2025-10-31 04:00:00+00:00,3,-0.0051025602925324764,0.00034915492972471514,-0.005451715222257191,24% target-vol,historical_validation,0.5,-0.34910462849277724,0.34852337722069443,0.3491549297247151,closed,loss
risk20,BTC,short,2025-10-31 12:00:00+00:00,2025-10-31 12:00:00+00:00,1,-0.0025158933274680934,0.0003059540559526569,-0.00282184738342075,20% target-vol,historical_validation,0.16666666666666666,-0.3059540559526569,0.3059540559526569,0.3059540559526569,closed,loss
risk24,BTC,short,2025-10-31 12:00:00+00:00,2025-10-31 12:00:00+00:00,1,-0.0028621700930730226,0.0003480642598163535,-0.0032102343528893763,24% target-vol,historical_validation,0.16666666666666666,-0.3480642598163535,0.3480642598163535,0.3480642598163535,closed,loss
risk20,BTC,short,2025-11-01 00:00:00+00:00,2025-11-01 00:00:00+00:00,1,0.0003076519670608706,0.00017497644805776933,0.00013267551900310128,20% target-vol,historical_validation,0.16666666666666666,-0.17497644805776932,0.17497644805776932,0.17497644805776932,closed,win
risk24,BTC,short,2025-11-01 00:00:00+00:00,2025-11-01 00:00:00+00:00,1,0.0003691823604730447,0.00020997173766932318,0.00015921062280372153,24% target-vol,historical_validation,0.16666666666666666,-0.20997173766932317,0.20997173766932317,0.20997173766932317,closed,win
risk20,BTC,short,2025-11-01 08:00:00+00:00,2025-11-01 12:00:00+00:00,2,0.0001800189028080016,0.00017534842648250608,4.670476325495534e-06,20% target-vol,historical_validation,0.3333333333333333,-0.17534842648250606,0.175347350024837,0.17534842648250606,closed,win
risk24,BTC,short,2025-11-01 08:00:00+00:00,2025-11-01 12:00:00+00:00,2,0.00021602268336960189,0.00021041811177900728,5.604571590594608e-06,24% target-vol,historical_validation,0.3333333333333333,-0.21041811177900727,0.21041682002980439,0.21041811177900727,closed,win
risk20,BTC,short,2025-11-01 20:00:00+00:00,2025-11-25 00:00:00+00:00,140,0.05176653128965077,0.0017449778950046437,0.05002155339464613,20% target-vol,historical_validation,23.333333333333332,-0.17571516095652728,0.2669878831389438,0.4834735734947138,closed,win
risk24,BTC,short,2025-11-01 20:00:00+00:00,2025-11-25 00:00:00+00:00,140,0.060213163749908566,0.0020649593214070745,0.05814820442850149,24% target-vol,historical_validation,23.333333333333332,-0.2108581931478327,0.3156605907286514,0.5801682881936565,closed,win
risk20,ETH,short,2025-11-14 00:00:00+00:00,2025-11-17 12:00:00+00:00,22,-0.0016341026181615598,0.0001377763134197469,-0.0017718789315813066,20% target-vol,historical_validation,3.6666666666666665,-0.014593390236938265,0.07023907943866899,0.1363179067922578,closed,loss
risk24,ETH,short,2025-11-14 00:00:00+00:00,2025-11-17 12:00:00+00:00,22,-0.0020944322417853897,0.0001652639776831256,-0.0022596962194685152,24% target-vol,historical_validation,3.6666666666666665,-0.029362755400869783,0.0923924922604452,0.1635814881507094,closed,loss
risk20,ETH,short,2025-11-17 20:00:00+00:00,2025-11-19 04:00:00+00:00,9,-0.0029536201185024064,0.00013241990313400998,-0.003086040021636416,20% target-vol,historical_validation,1.5,-0.043908043667133356,0.08144659912133917,0.13192971263826453,closed,loss
risk24,ETH,short,2025-11-17 20:00:00+00:00,2025-11-19 04:00:00+00:00,9,-0.0035443441422028862,0.00015890388376081196,-0.0037032480259636983,24% target-vol,historical_validation,1.5,-0.052689652400560026,0.09773591894560699,0.1583156551659174,closed,loss
risk20,ETH,short,2025-11-19 12:00:00+00:00,2025-11-24 04:00:00+00:00,29,0.004497497449757293,0.0002958395026510844,0.004201657947106209,20% target-vol,historical_validation,4.833333333333333,-0.06830435448173906,0.06940344215289705,0.14975958280817334,closed,win
risk24,ETH,short,2025-11-19 12:00:00+00:00,2025-11-24 04:00:00+00:00,29,0.00539699693970875,0.00035500740318130124,0.005041989536527449,24% target-vol,historical_validation,4.833333333333333,-0.08196522537808687,0.08328413058347645,0.17971149936980801,closed,win
risk20,ETH,short,2025-11-24 16:00:00+00:00,2025-11-24 20:00:00+00:00,2,-0.0008784810301249861,2.332695593530444e-05,-0.0009018079860602906,20% target-vol,historical_validation,0.3333333333333333,-0.023326955935304438,0.017483854836418438,0.023326955935304438,closed,loss
risk24,ETH,short,2025-11-24 16:00:00+00:00,2025-11-24 20:00:00+00:00,2,-0.0010541772361499831,2.7992347122365315e-05,-0.0010821695832723484,24% target-vol,historical_validation,0.3333333333333333,-0.027992347122365317,0.02098062580370212,0.027992347122365317,closed,loss
risk20,BTC,short,2025-11-25 16:00:00+00:00,2025-11-26 20:00:00+00:00,8,-0.001465201682908034,5.735500890917988e-05,-0.0015225566918172138,20% target-vol,historical_validation,1.3333333333333333,-0.009922790444352023,0.031208897097535885,0.041215394384171745,closed,loss
risk24,BTC,short,2025-11-25 16:00:00+00:00,2025-11-26 20:00:00+00:00,8,-0.00175824201948964,6.882601069101583e-05,-0.001827068030180656,24% target-vol,historical_validation,1.3333333333333333,-0.011907348533222404,0.03745067651704305,0.04945847326100609,closed,loss
risk20,BTC,short,2025-12-09 00:00:00+00:00,2025-12-09 20:00:00+00:00,6,-0.0025700215858990953,7.070309775825898e-05,-0.0026407246836573544,20% target-vol,historical_validation,1.0,-0.06989149137782456,0.06677418921210455,0.07070309775825898,closed,loss
risk24,BTC,short,2025-12-09 00:00:00+00:00,2025-12-09 20:00:00+00:00,6,-0.0030064822637547663,8.484371730991077e-05,-0.003091325981064677,24% target-vol,historical_validation,1.0,-0.08386978965338947,0.0784823293215631,0.08484371730991076,closed,loss
risk20,BTC,short,2025-12-11 12:00:00+00:00,2025-12-12 08:00:00+00:00,6,-0.003938975471715462,0.0001813133160097038,-0.004120288787725165,20% target-vol,historical_validation,1.0,-0.09877133478218464,0.08702883907506943,0.16515609356850633,closed,loss
risk24,BTC,short,2025-12-11 12:00:00+00:00,2025-12-12 08:00:00+00:00,6,-0.004543670574108552,0.0001879441962563716,-0.004731614770364923,24% target-vol,historical_validation,1.0,-0.09877133478218464,0.09620169133339418,0.17842694109094062,closed,loss
risk20,BTC,short,2025-12-13 00:00:00+00:00,2025-12-17 16:00:00+00:00,29,0.0002988222858519536,0.00035197226469064726,-5.314997883869364e-05,20% target-vol,historical_validation,4.833333333333333,-0.06795166610769135,0.12387450584241518,0.31236994049191563,closed,loss
risk20,ETH,short,2025-12-13 00:00:00+00:00,2025-12-15 12:00:00+00:00,16,-0.0006544415906104674,4.516492960416794e-05,-0.0006996065202146353,20% target-vol,historical_validation,2.6666666666666665,-0.0006131532977116198,0.035167952587060874,0.045027872727357844,closed,loss
risk24,BTC,short,2025-12-13 00:00:00+00:00,2025-12-17 16:00:00+00:00,29,0.0003585867430223454,0.0004223667176287767,-6.377997460643129e-05,24% target-vol,historical_validation,4.833333333333333,-0.0815419993292296,0.14864940701089815,0.3748439285902987,closed,loss
risk24,ETH,short,2025-12-13 00:00:00+00:00,2025-12-15 12:00:00+00:00,16,-0.0007853299087325609,5.419791552500152e-05,-0.0008395278242575623,24% target-vol,historical_validation,2.6666666666666665,-0.0007357839572539326,0.04220154310447304,0.05403344727282942,closed,loss
risk20,ETH,short,2025-12-15 20:00:00+00:00,2025-12-19 08:00:00+00:00,22,-0.0019506149174912352,0.00021159620021871526,-0.0021622111177099505,20% target-vol,historical_validation,3.6666666666666665,-0.021260337845611845,0.09923912578885584,0.21142069622438098,closed,loss
risk24,ETH,short,2025-12-15 20:00:00+00:00,2025-12-19 08:00:00+00:00,22,-0.0023407379009894834,0.00025391544026245823,-0.002594653341251942,24% target-vol,historical_validation,3.6666666666666665,-0.02551240541473421,0.11908695094662697,0.2537048354692571,closed,loss
risk20,BTC,short,2025-12-18 04:00:00+00:00,2025-12-19 08:00:00+00:00,8,-0.0011710973935909847,8.360699619481898e-05,-0.0012547043897858036,20% target-vol,historical_validation,1.3333333333333333,-0.04117936933750218,0.0740819301796007,0.08360699619481898,closed,loss
risk24,BTC,short,2025-12-18 04:00:00+00:00,2025-12-19 08:00:00+00:00,8,-0.0014053168723091813,0.00010032839543378278,-0.001505645267742964,24% target-vol,historical_validation,1.3333333333333333,-0.04941524320500262,0.08889831621552083,0.10032839543378279,closed,loss
risk20,BTC,short,2025-12-24 08:00:00+00:00,2025-12-26 08:00:00+00:00,13,-0.00340815570201461,0.00022382788929526252,-0.0036319835913098727,20% target-vol,historical_validation,2.1666666666666665,-0.0719157633376782,0.15531642566042983,0.22367514858578605,closed,loss
risk24,BTC,short,2025-12-24 08:00:00+00:00,2025-12-26 08:00:00+00:00,13,-0.004089786842417531,0.00026859346715431493,-0.004358380309571846,24% target-vol,historical_validation,2.1666666666666665,-0.08629891600521383,0.18637971079251575,0.2684101783029432,closed,loss
risk20,BTC,short,2025-12-26 20:00:00+00:00,2025-12-29 04:00:00+00:00,15,-0.0022494497071058046,0.00011237831108786784,-0.0023618280181936725,20% target-vol,historical_validation,2.5,-0.05123355904772462,0.037301569414196704,0.0764294420589383,closed,loss
risk20,ETH,short,2025-12-26 20:00:00+00:00,2025-12-29 08:00:00+00:00,16,-0.002462371663020258,0.00014740713254005123,-0.0026097787955603096,20% target-vol,historical_validation,2.6666666666666665,-0.11630940047792333,0.1089783257283039,0.14656468261464725,closed,loss
risk24,BTC,short,2025-12-26 20:00:00+00:00,2025-12-29 04:00:00+00:00,15,-0.0028365894826322693,0.00013480156222062863,-0.0029713910448528977,24% target-vol,historical_validation,2.5,-0.0814712044798447,0.058788965012088454,0.09171533047072594,closed,loss
risk24,ETH,short,2025-12-26 20:00:00+00:00,2025-12-29 08:00:00+00:00,16,-0.0028599171050153424,0.00016330096177067394,-0.003023218066786016,24% target-vol,historical_validation,2.6666666666666665,-0.12622888086274986,0.12204937998182634,0.16245324779966003,closed,loss
risk20,BTC,short,2025-12-29 16:00:00+00:00,2025-12-30 20:00:00+00:00,8,-0.007455104342498081,0.0005252102741612881,-0.007980314616659368,20% target-vol,historical_validation,1.3333333333333333,-0.14442694442558132,0.31856566157253047,0.4941478549124961,closed,loss
risk24,BTC,short,2025-12-29 16:00:00+00:00,2025-12-30 20:00:00+00:00,8,-0.00825254321944131,0.0005698699543134593,-0.008822413173754769,24% target-vol,historical_validation,1.3333333333333333,-0.1733123333106976,0.34972149461062346,0.5529523958003071,closed,loss
risk20,BTC,short,2026-01-01 00:00:00+00:00,2026-01-02 12:00:00+00:00,10,-0.005351079232107683,0.0003424673823126098,-0.005693546614420292,20% target-vol,historical_validation,1.6666666666666667,-0.16151144812181117,0.2474692632993293,0.33742053567668107,closed,loss
risk24,BTC,short,2026-01-01 00:00:00+00:00,2026-01-02 12:00:00+00:00,10,-0.00635728413782822,0.00040511336607954517,-0.006762397503907765,24% target-vol,historical_validation,1.6666666666666667,-0.19381373774617341,0.2960078510400938,0.40490464281201727,closed,loss
risk20,ETH,short,2026-01-08 20:00:00+00:00,2026-01-13 20:00:00+00:00,31,-0.008539016434242862,0.00045191701449705696,-0.00899093344873992,20% target-vol,historical_validation,5.166666666666667,-0.08873926316397289,0.1826500221346904,0.28158150241775914,closed,loss
risk24,ETH,short,2026-01-08 20:00:00+00:00,2026-01-13 20:00:00+00:00,31,-0.010189520584301809,0.0005423004173964682,-0.010731821001698278,24% target-vol,historical_validation,5.166666666666667,-0.10648711579676745,0.21892615445824923,0.33789780290131094,closed,loss
risk20,ETH,long,2026-01-14 00:00:00+00:00,2026-01-19 16:00:00+00:00,35,-0.001685313029792626,0.00013006492992128718,-0.0018153779597139131,20% target-vol,historical_validation,5.833333333333333,0.04054097282986582,0.07880561848958374,0.1032591853568457,closed,loss
risk24,ETH,long,2026-01-14 00:00:00+00:00,2026-01-19 16:00:00+00:00,35,-0.0014532818607861007,0.00017066077830606136,-0.001623942639092162,24% target-vol,historical_validation,5.833333333333333,0.06438279315880273,0.10652922884219529,0.13852688628151172,closed,loss
risk20,BTC,long,2026-01-14 04:00:00+00:00,2026-01-14 04:00:00+00:00,1,0.0011470667429848982,0.0003313043389667967,0.0008157624040181016,20% target-vol,historical_validation,0.16666666666666666,0.3313043389667967,0.3313043389667967,0.3313043389667967,closed,win
risk24,BTC,long,2026-01-14 04:00:00+00:00,2026-01-14 04:00:00+00:00,1,0.0013121628917023903,0.0003789886352392873,0.000933174256463103,24% target-vol,historical_validation,0.16666666666666666,0.3789886352392873,0.3789886352392873,0.3789886352392873,closed,win
risk20,BTC,long,2026-01-14 20:00:00+00:00,2026-01-16 04:00:00+00:00,9,-0.0049466905579102615,0.0003377751137240448,-0.005284465671634307,20% target-vol,historical_validation,1.5,0.33135187601691823,0.33342227667221036,0.33680625093157096,closed,loss
risk24,BTC,long,2026-01-14 20:00:00+00:00,2026-01-16 04:00:00+00:00,9,-0.005655912728593738,0.0003863755127096883,-0.006042288241303427,24% target-vol,historical_validation,1.5,0.3790036389629883,0.38119231140317894,0.38497101828309405,closed,loss
risk20,BTC,long,2026-01-16 12:00:00+00:00,2026-01-16 12:00:00+00:00,1,-0.0008074666702930519,0.00033403334325697793,-0.0011415000135500297,20% target-vol,historical_validation,0.16666666666666666,0.3340333432569779,0.3340333432569779,0.3340333432569779,closed,loss
risk24,BTC,long,2026-01-16 12:00:00+00:00,2026-01-16 12:00:00+00:00,1,-0.0009227847928463408,0.0003817382200423107,-0.0013045230128886517,24% target-vol,historical_validation,0.16666666666666666,0.3817382200423107,0.3817382200423107,0.3817382200423107,closed,loss
risk20,BTC,long,2026-01-16 20:00:00+00:00,2026-01-20 04:00:00+00:00,21,-0.002220581154125059,0.0004058285466842964,-0.0026264097008093555,20% target-vol,historical_validation,3.5,0.3864520180844162,0.24211521614595424,0.3887007749167964,closed,loss
risk24,BTC,long,2026-01-16 20:00:00+00:00,2026-01-20 04:00:00+00:00,21,-0.002754000504848241,0.00046791362555956577,-0.0032219141304078067,24% target-vol,historical_validation,3.5,0.44463431647549445,0.27966026144041667,0.44736606117010563,closed,loss
risk20,BTC,short,2026-01-21 04:00:00+00:00,2026-01-21 04:00:00+00:00,1,-0.001254838545055402,0.00012562566261713738,-0.0013804642076725394,20% target-vol,historical_validation,0.16666666666666666,-0.12562566261713737,0.12562566261713737,0.12562566261713737,closed,loss
risk20,ETH,short,2026-01-21 04:00:00+00:00,2026-01-21 20:00:00+00:00,5,-0.005927690910733645,0.00018515449840460232,-0.006112845409138247,20% target-vol,historical_validation,0.8333333333333334,-0.18515449840460232,0.16110188938102604,0.18515449840460232,closed,loss
risk24,BTC,short,2026-01-21 04:00:00+00:00,2026-01-21 04:00:00+00:00,1,-0.001505806254066482,0.0001507507951405648,-0.0016565570492070468,24% target-vol,historical_validation,0.16666666666666666,-0.1507507951405648,0.1507507951405648,0.1507507951405648,closed,loss
risk24,ETH,short,2026-01-21 04:00:00+00:00,2026-01-21 20:00:00+00:00,5,-0.007113229092880373,0.00022218539808552276,-0.007335414490965896,24% target-vol,historical_validation,0.8333333333333334,-0.22218539808552276,0.19332226725723123,0.22218539808552276,closed,loss
risk20,BTC,short,2026-01-21 12:00:00+00:00,2026-01-21 16:00:00+00:00,2,-0.002079034510876462,0.00016783466449462193,-0.002246869175371084,20% target-vol,historical_validation,0.3333333333333333,-0.16746337328227934,0.16764901888845063,0.16783466449462192,closed,loss
risk24,BTC,short,2026-01-21 12:00:00+00:00,2026-01-21 16:00:00+00:00,2,-0.002494841413051754,0.00020140159739354634,-0.0026962430104453005,24% target-vol,historical_validation,0.3333333333333333,-0.2009560479387352,0.20117882266614076,0.20140159739354632,closed,loss
risk20,ETH,short,2026-01-22 04:00:00+00:00,2026-01-22 04:00:00+00:00,1,-0.0014427885656136034,0.00015268847204114134,-0.0015954770376547449,20% target-vol,historical_validation,0.16666666666666666,-0.15268847204114133,0.15268847204114133,0.15268847204114133,closed,loss
risk24,ETH,short,2026-01-22 04:00:00+00:00,2026-01-22 04:00:00+00:00,1,-0.0017313462787363243,0.00018322616644936962,-0.0019145724451856939,24% target-vol,historical_validation,0.16666666666666666,-0.18322616644936962,0.18322616644936962,0.18322616644936962,closed,loss
risk20,ETH,short,2026-01-23 04:00:00+00:00,2026-01-23 04:00:00+00:00,1,-0.0005472930665144636,0.00015400169513963847,-0.0007012947616541021,20% target-vol,historical_validation,0.16666666666666666,-0.15400169513963846,0.15400169513963846,0.15400169513963846,closed,loss
risk24,ETH,short,2026-01-23 04:00:00+00:00,2026-01-23 04:00:00+00:00,1,-0.0006567516798173563,0.00018480203416756615,-0.0008415537139849225,24% target-vol,historical_validation,0.16666666666666666,-0.18480203416756616,0.18480203416756616,0.18480203416756616,closed,loss
risk20,ETH,short,2026-01-24 00:00:00+00:00,2026-01-24 00:00:00+00:00,1,-2.4781062532550622e-05,0.00015532098132666912,-0.00018010204385921974,20% target-vol,historical_validation,0.16666666666666666,-0.1553209813266691,0.1553209813266691,0.1553209813266691,closed,loss
risk24,ETH,short,2026-01-24 00:00:00+00:00,2026-01-24 00:00:00+00:00,1,-2.9737275039060744e-05,0.0001863851775920029,-0.00021612245263106367,24% target-vol,historical_validation,0.16666666666666666,-0.1863851775920029,0.1863851775920029,0.1863851775920029,closed,loss
risk20,ETH,short,2026-01-24 20:00:00+00:00,2026-01-27 08:00:00+00:00,16,0.002572119639798472,0.00015738886774402372,0.002414730772054448,20% target-vol,historical_validation,2.6666666666666665,-0.1560988181563771,0.12956505298997614,0.1573620375287368,closed,win
risk24,ETH,short,2026-01-24 20:00:00+00:00,2026-01-27 08:00:00+00:00,16,0.0030865435677581658,0.00018886664129282846,0.0028976769264653372,24% target-vol,historical_validation,2.6666666666666665,-0.18731858178765257,0.15547806358797134,0.18883444503448413,closed,win
risk20,BTC,short,2026-01-25 16:00:00+00:00,2026-01-25 16:00:00+00:00,1,0.0002832631265829359,0.0001725963452495317,0.00011066678133340419,20% target-vol,historical_validation,0.16666666666666666,-0.17259634524953169,0.17259634524953169,0.17259634524953169,closed,win
risk24,BTC,short,2026-01-25 16:00:00+00:00,2026-01-25 16:00:00+00:00,1,0.00033991575189952305,0.00020711561429943802,0.00013280013760008503,24% target-vol,historical_validation,0.16666666666666666,-0.207115614299438,0.207115614299438,0.207115614299438,closed,win
risk20,BTC,short,2026-01-26 00:00:00+00:00,2026-01-28 04:00:00+00:00,14,-0.007742250381501155,0.000393290717901139,-0.008135541099402295,20% target-vol,historical_validation,2.3333333333333335,-0.16743947161584058,0.2611285024387361,0.3911511237964127,closed,loss
risk24,BTC,short,2026-01-26 00:00:00+00:00,2026-01-28 04:00:00+00:00,14,-0.009290700457801386,0.0004719488614813667,-0.009762649319282753,24% target-vol,historical_validation,2.3333333333333335,-0.20092736593900865,0.31335420292648325,0.46938134855569524,closed,loss
risk20,BTC,short,2026-01-29 20:00:00+00:00,2026-02-10 08:00:00+00:00,70,0.05756024352291991,0.0008536402292920975,0.05670660329362782,20% target-vol,historical_validation,11.666666666666666,-0.39584637238958065,0.20739064494883877,0.39584637238958065,closed,win
risk20,ETH,short,2026-01-29 20:00:00+00:00,2026-02-06 04:00:00+00:00,45,0.05156487978725939,0.00023136051162164257,0.05133351927563775,20% target-vol,historical_validation,7.5,-0.13771228153467555,0.12016031219585219,0.18655364329367116,closed,win
risk24,BTC,short,2026-01-29 20:00:00+00:00,2026-02-10 08:00:00+00:00,70,0.07057586243628543,0.001024407004352181,0.06955145543193325,24% target-vol,historical_validation,11.666666666666666,-0.4750156468674968,0.24200929343810645,0.4750156468674968,closed,win
risk24,ETH,short,2026-01-29 20:00:00+00:00,2026-02-06 04:00:00+00:00,45,0.061877855744711274,0.00027763261394597087,0.061600223130765304,24% target-vol,historical_validation,7.5,-0.16525473784161065,0.14419237463502263,0.2238643719524053,closed,win
risk20,BTC,short,2026-02-11 20:00:00+00:00,2026-02-12 20:00:00+00:00,7,0.00044675268266765637,4.7315414859834965e-05,0.0003994372678078214,20% target-vol,historical_validation,1.1666666666666667,-0.047149180504727,0.04682725451861387,0.047149180504727,closed,win
risk24,BTC,short,2026-02-11 20:00:00+00:00,2026-02-12 20:00:00+00:00,7,0.0005361032192011873,5.6778497831801964e-05,0.0004793247213693853,24% target-vol,historical_validation,1.1666666666666667,-0.05657901660567239,0.05619270542233664,0.05657901660567239,closed,win
risk20,ETH,short,2026-02-16 04:00:00+00:00,2026-02-18 08:00:00+00:00,14,-0.0009332767421283874,5.3208915427532825e-05,-0.0009864856575559201,20% target-vol,historical_validation,2.3333333333333335,-0.05131960135466693,0.03527520714724437,0.05131960135466693,closed,loss
risk24,ETH,short,2026-02-16 04:00:00+00:00,2026-02-18 08:00:00+00:00,14,-0.0011199320905540648,6.385069851303938e-05,-0.0011837827890671042,24% target-vol,historical_validation,2.3333333333333335,-0.0615835216256003,0.042330248576693257,0.0615835216256003,closed,loss
risk20,BTC,short,2026-02-19 00:00:00+00:00,2026-02-20 12:00:00+00:00,10,-0.0015858097538960717,0.00012099718553210584,-0.0017068069394281776,20% target-vol,historical_validation,1.6666666666666667,-0.052035217699685395,0.07925253890068695,0.11907035321729319,closed,loss
risk20,ETH,short,2026-02-19 00:00:00+00:00,2026-02-22 04:00:00+00:00,20,-0.003957985649454967,0.00025234163176630984,-0.004210327281221277,20% target-vol,historical_validation,3.3333333333333335,-0.09542071115978805,0.1290398585827435,0.21368348849317184,closed,loss
risk24,BTC,short,2026-02-19 00:00:00+00:00,2026-02-20 12:00:00+00:00,10,-0.0019029717046752854,0.00014519662263852694,-0.0020481683273138123,24% target-vol,historical_validation,1.6666666666666667,-0.06244226123962246,0.09510304668082431,0.14288442386075176,closed,loss
risk24,ETH,short,2026-02-19 00:00:00+00:00,2026-02-22 04:00:00+00:00,20,-0.004749582779345959,0.0003028099581195718,-0.005052392737465531,24% target-vol,historical_validation,3.3333333333333335,-0.11450485339174565,0.15484783029929222,0.25642018619180623,closed,loss
risk20,BTC,short,2026-02-20 20:00:00+00:00,2026-02-21 08:00:00+00:00,4,-0.00017370242089111604,2.9558739261174307e-05,-0.00020326116015229035,20% target-vol,historical_validation,0.6666666666666666,-0.028323234377834572,0.022189587343662186,0.029420764475322842,closed,loss
risk24,BTC,short,2026-02-20 20:00:00+00:00,2026-02-21 08:00:00+00:00,4,-0.00020844290506933922,3.547048711340918e-05,-0.00024391339218274842,24% target-vol,historical_validation,0.6666666666666666,-0.033987881253401485,0.026627504812394624,0.03530491737038741,closed,loss
risk20,ETH,short,2026-02-23 00:00:00+00:00,2026-02-23 12:00:00+00:00,4,0.0016272691823996583,0.00010623246064333546,0.0015210367217563228,20% target-vol,historical_validation,0.6666666666666666,-0.04582261658756521,0.09015657857504542,0.10623246064333546,closed,win
risk24,ETH,short,2026-02-23 00:00:00+00:00,2026-02-23 12:00:00+00:00,4,0.0021593178939720565,0.00012311814455896847,0.0020361997494130883,24% target-vol,historical_validation,0.6666666666666666,-0.05498713990507825,0.10461318581891162,0.12311814455896847,closed,win
risk20,BTC,short,2026-02-23 08:00:00+00:00,2026-02-23 16:00:00+00:00,3,0.00026498583604118997,0.00013882366903367823,0.00012616216700751175,20% target-vol,historical_validation,0.5,-0.04452976784688209,0.0755315731906918,0.1381794264559947,closed,win
risk24,BTC,short,2026-02-23 08:00:00+00:00,2026-02-23 16:00:00+00:00,3,0.00013817791197288,0.0001666000318546577,-2.8422119881777716e-05,24% target-vol,historical_validation,0.5,-0.06295878564776135,0.09698272097841742,0.16581531174719363,closed,loss
risk20,BTC,short,2026-02-24 00:00:00+00:00,2026-02-25 20:00:00+00:00,12,-0.007042277858163006,0.00017597920093147482,-0.0072182570590944815,20% target-vol,historical_validation,2.0,-0.13522089502163898,0.11601393731639441,0.14173670080374556,closed,loss
risk24,BTC,short,2026-02-24 00:00:00+00:00,2026-02-25 20:00:00+00:00,12,-0.0074152991908592435,0.00021089880971252996,-0.007626198000571773,24% target-vol,historical_validation,2.0,-0.16226507402596674,0.13299845148477202,0.17008404096449467,closed,loss
risk20,ETH,short,2026-02-24 12:00:00+00:00,2026-02-24 16:00:00+00:00,2,-8.197245199080156e-05,6.289788200287079e-06,-8.826224019108865e-05,20% target-vol,historical_validation,0.3333333333333333,-0.006017811341134248,0.006153799770710663,0.006289788200287079,closed,loss
risk24,ETH,short,2026-02-24 12:00:00+00:00,2026-02-24 16:00:00+00:00,2,-9.83669423889618e-05,7.5477458403444875e-06,-0.00010591468822930628,24% target-vol,historical_validation,0.3333333333333333,-0.007221373609361097,0.007384559724852792,0.007547745840344487,closed,loss
risk20,BTC,short,2026-02-27 00:00:00+00:00,2026-02-27 12:00:00+00:00,4,0.0004681464102806423,2.0722761419547017e-05,0.0004474236488610953,20% target-vol,historical_validation,0.6666666666666666,-0.020629978082321216,0.020544227146149695,0.020629978082321216,closed,win
risk24,BTC,short,2026-02-27 00:00:00+00:00,2026-02-27 12:00:00+00:00,4,0.00013634079901891696,6.21541746713177e-06,0.00013012538155178518,24% target-vol,historical_validation,0.6666666666666666,-0.0061250906532654414,0.006007930001587425,0.0061250906532654414,closed,win
risk20,BTC,short,2026-02-28 04:00:00+00:00,2026-03-01 04:00:00+00:00,7,-0.000300858427867505,6.717417627572534e-05,-0.0003680326041432303,20% target-vol,historical_validation,1.1666666666666667,-0.06650302250947863,0.05101926408094481,0.06660654238906757,closed,loss
risk24,BTC,short,2026-02-28 04:00:00+00:00,2026-03-01 04:00:00+00:00,7,-0.0003610301134410062,8.06090115308704e-05,-0.00044163912497187656,24% target-vol,historical_validation,1.1666666666666667,-0.07980362701137436,0.061223116897133764,0.07992785086688108,closed,loss
risk20,ETH,short,2026-03-08 16:00:00+00:00,2026-03-09 20:00:00+00:00,8,-0.0013968487618950735,4.277520660960572e-05,-0.0014396239685046794,20% target-vol,historical_validation,1.3333333333333333,-0.042768204785568135,0.03719337297713721,0.04277070818219939,closed,loss
risk24,ETH,short,2026-03-08 16:00:00+00:00,2026-03-09 20:00:00+00:00,8,-0.0016762185142740883,5.133024793152687e-05,-0.0017275487622056152,24% target-vol,historical_validation,1.3333333333333333,-0.051321845742681754,0.04463204757256465,0.05132484981863927,closed,loss
risk20,ETH,short,2026-03-22 04:00:00+00:00,2026-03-23 12:00:00+00:00,9,-0.0007928974172651189,6.102170198583919e-05,-0.0008539191192509581,20% target-vol,historical_validation,1.5,-0.06067352344417285,0.040578233612074785,0.06067352344417285,closed,loss
risk24,ETH,short,2026-03-22 04:00:00+00:00,2026-03-23 12:00:00+00:00,9,-0.0009514769007181431,7.322604238300704e-05,-0.00102470294310115,24% target-vol,historical_validation,1.5,-0.07280822813300743,0.04869388033448975,0.07280822813300743,closed,loss
risk20,BTC,short,2026-03-22 16:00:00+00:00,2026-03-23 16:00:00+00:00,7,-0.004063789059787455,0.0001618352502157522,-0.004225624310003208,20% target-vol,historical_validation,1.1666666666666667,-0.043562106796700105,0.09656457476425642,0.1616317369972626,closed,loss
risk24,BTC,short,2026-03-22 16:00:00+00:00,2026-03-23 16:00:00+00:00,7,-0.004876546871744948,0.00019420230025890263,-0.005070749172003851,24% target-vol,historical_validation,1.1666666666666667,-0.05227452815604012,0.11587748971710772,0.19395808439671514,closed,loss
risk20,BTC,short,2026-03-24 20:00:00+00:00,2026-03-25 12:00:00+00:00,5,-0.003199539152423199,0.00012791303063845982,-0.003327452183061659,20% target-vol,historical_validation,0.8333333333333334,-0.08340419665053496,0.1090115203383926,0.12637213102967973,closed,loss
risk24,BTC,short,2026-03-24 20:00:00+00:00,2026-03-25 12:00:00+00:00,5,-0.0038394469829078383,0.0001534956367661518,-0.00399294261967399,24% target-vol,historical_validation,0.8333333333333334,-0.10008503598064195,0.13081382440607114,0.1516465572356157,closed,loss
risk20,ETH,short,2026-03-25 00:00:00+00:00,2026-03-25 08:00:00+00:00,3,-0.0006659318967426083,2.9810901403856994e-05,-0.0006957427981464652,20% target-vol,historical_validation,0.5,-0.029288531266013967,0.02953859421607778,0.029810901403856994,closed,loss
risk24,ETH,short,2026-03-25 00:00:00+00:00,2026-03-25 08:00:00+00:00,3,-0.0007991182760911297,3.577308168462839e-05,-0.0008348913577757581,24% target-vol,historical_validation,0.5,-0.03514623751921676,0.03544631305929333,0.035773081684628394,closed,loss
risk20,BTC,short,2026-03-26 12:00:00+00:00,2026-04-01 08:00:00+00:00,36,-0.002714179378583395,0.00043657158179937107,-0.003150750960382766,20% target-vol,historical_validation,6.0,-0.04378812574317593,0.23355219919757023,0.36445447868121367,closed,loss
risk20,ETH,short,2026-03-26 12:00:00+00:00,2026-03-30 08:00:00+00:00,24,0.0018985955372627843,0.0001261426716687857,0.0017724528655939985,20% target-vol,historical_validation,4.0,-0.06585704292058397,0.07944133538027943,0.1098818130703989,closed,win
risk24,BTC,short,2026-03-26 12:00:00+00:00,2026-04-01 08:00:00+00:00,36,-0.0029726238128346327,0.0005143844199471315,-0.003487008232781764,24% target-vol,historical_validation,6.0,-0.05254575089181112,0.27550750161653,0.4373453744174564,closed,loss
risk24,ETH,short,2026-03-26 12:00:00+00:00,2026-03-30 08:00:00+00:00,24,0.0021005302553482085,0.00014419840429005974,0.001956331851058149,24% target-vol,historical_validation,4.0,-0.07902845150470074,0.09981268425495032,0.13185817568447866,closed,win
risk20,BTC,short,2026-04-02 12:00:00+00:00,2026-04-04 16:00:00+00:00,14,-0.0003624717283617733,8.22400297529991e-05,-0.0004447117581147724,20% target-vol,historical_validation,2.3333333333333335,-0.07528954647565368,0.06712238282096243,0.08200053769968053,closed,loss
risk24,BTC,short,2026-04-02 12:00:00+00:00,2026-04-04 16:00:00+00:00,14,-0.00043496607403412796,9.86880357035989e-05,-0.0005336541097377269,24% target-vol,historical_validation,2.3333333333333335,-0.0903474557707844,0.08054685938515492,0.09840064523961663,closed,loss
risk20,ETH,long,2026-04-06 08:00:00+00:00,2026-04-07 12:00:00+00:00,8,-0.0031855296687883423,0.00020813825211552585,-0.0033936679209038683,20% target-vol,historical_validation,1.3333333333333333,0.1455437010162823,0.17017521203790353,0.20690268564586775,closed,loss
risk24,ETH,long,2026-04-06 08:00:00+00:00,2026-04-07 12:00:00+00:00,8,-0.0038226356025460114,0.00024976590253863095,-0.004072401505084642,24% target-vol,historical_validation,1.3333333333333333,0.17465244121953874,0.20421025444548424,0.24828322277504122,closed,loss
risk20,BTC,long,2026-04-06 20:00:00+00:00,2026-04-07 16:00:00+00:00,6,-0.0066481606092613985,0.0003933166890188457,-0.007041477298280244,20% target-vol,historical_validation,1.0,0.23777705274011848,0.2783045646033224,0.39306327124106705,closed,loss
risk24,BTC,long,2026-04-06 20:00:00+00:00,2026-04-07 16:00:00+00:00,6,-0.00797779273111368,0.0004719800268226151,-0.008449772757936295,24% target-vol,historical_validation,1.0,0.28533246328814216,0.33396547752398686,0.47167592548928045,closed,loss
risk20,BTC,long,2026-04-08 04:00:00+00:00,2026-04-12 12:00:00+00:00,27,-0.0006855154200752856,0.0005669018938993485,-0.001252417313974634,20% target-vol,historical_validation,4.5,0.26695880252304066,0.27001069069885736,0.4028806018382767,closed,loss
risk20,ETH,long,2026-04-08 04:00:00+00:00,2026-04-12 16:00:00+00:00,28,-0.003915629504335465,0.0002666741014827553,-0.00418230360581822,20% target-vol,historical_validation,4.666666666666667,0.14010216308112342,0.14448979892142946,0.17725152945125708,closed,loss
risk24,BTC,long,2026-04-08 04:00:00+00:00,2026-04-12 12:00:00+00:00,27,-0.0008226185040903472,0.0006802822726792184,-0.0015029007767695655,24% target-vol,historical_validation,4.5,0.32035056302764886,0.32401282883862875,0.4834567222059321,closed,loss
risk24,ETH,long,2026-04-08 04:00:00+00:00,2026-04-12 16:00:00+00:00,28,-0.0046987554052025605,0.0003200089217793065,-0.005018764326981867,24% target-vol,historical_validation,4.666666666666667,0.1681225956973481,0.17338775870571532,0.21270183534150844,closed,loss
risk20,BTC,long,2026-04-13 12:00:00+00:00,2026-04-30 20:00:00+00:00,105,0.02613218287238734,0.001172437219857161,0.024959745652530178,20% target-vol,historical_validation,17.5,0.2252387416487713,0.2852702380717146,0.457121007263138,closed,win
risk24,BTC,long,2026-04-13 12:00:00+00:00,2026-04-29 20:00:00+00:00,99,0.03058475760828017,0.0013256292184713118,0.029259128389808858,24% target-vol,historical_validation,16.5,0.2702864899785255,0.3532813430355541,0.537342179856527,closed,win
risk20,ETH,long,2026-04-14 04:00:00+00:00,2026-04-17 04:00:00+00:00,19,-0.002616307887354825,0.00016643745217431358,-0.002782745339529139,20% target-vol,historical_validation,3.1666666666666665,0.16278350684899853,0.12635557590537497,0.1656052780868806,closed,loss
risk24,ETH,long,2026-04-14 04:00:00+00:00,2026-04-17 04:00:00+00:00,19,-0.0031395694648257916,0.0001997249426091763,-0.0033392944074349677,24% target-vol,historical_validation,3.1666666666666665,0.19534020821879824,0.1516266910864499,0.1987263337042567,closed,loss
risk20,ETH,long,2026-04-17 12:00:00+00:00,2026-04-19 00:00:00+00:00,10,-0.0021804951614940106,0.00014029008614162034,-0.002320785247635631,20% target-vol,historical_validation,1.6666666666666667,0.056042546928459065,0.08678119924394419,0.14023462877382936,closed,loss
risk24,ETH,long,2026-04-17 12:00:00+00:00,2026-04-19 00:00:00+00:00,10,-0.0026165941937928133,0.00016834810336994433,-0.0027849422971627574,24% target-vol,historical_validation,1.6666666666666667,0.06725105631415086,0.10413743909273303,0.1682815545285952,closed,loss
risk20,ETH,long,2026-04-22 20:00:00+00:00,2026-04-23 12:00:00+00:00,5,-0.002108423273780153,9.703298358957787e-05,-0.0022054562573697307,20% target-vol,historical_validation,0.8333333333333334,0.034321904939248006,0.056801674170353346,0.09703298358957785,closed,loss
risk24,ETH,long,2026-04-22 20:00:00+00:00,2026-04-23 12:00:00+00:00,5,-0.002755894889738008,0.00012349080936706547,-0.0028793856991050737,24% target-vol,historical_validation,0.8333333333333334,0.04823336904441538,0.07520561729481853,0.12349080936706545,closed,loss
risk20,BTC,long,2026-05-01 08:00:00+00:00,2026-05-13 16:00:00+00:00,75,0.00824530637853815,0.0008109095571999349,0.007434396821338215,20% target-vol,historical_validation,12.5,0.04786411375071786,0.3086107952728039,0.5506464080242647,closed,win
risk24,BTC,long,2026-05-01 08:00:00+00:00,2026-05-13 16:00:00+00:00,75,0.010506184624556852,0.0009313302349745356,0.009574854389582317,24% target-vol,historical_validation,12.5,0.03819718106068423,0.3535125582181409,0.6607756896291176,closed,win
risk20,ETH,long,2026-05-03 16:00:00+00:00,2026-05-07 04:00:00+00:00,22,0.0005322372274871308,0.00017060399041765413,0.00036163323706947666,20% target-vol,historical_validation,3.6666666666666665,0.045877146448824645,0.1083089291766579,0.15122462779952703,closed,win
risk24,ETH,long,2026-05-03 16:00:00+00:00,2026-05-07 04:00:00+00:00,22,0.0006386846729845581,0.00020472478850118493,0.0004339598844833732,24% target-vol,historical_validation,3.6666666666666665,0.055052575738589564,0.1299707150119895,0.18146955335943235,closed,win
risk20,ETH,short,2026-05-14 00:00:00+00:00,2026-05-15 00:00:00+00:00,7,-0.004467196502728621,0.0004555831694796362,-0.004922779672208257,20% target-vol,historical_validation,1.1666666666666667,-0.29006401654298625,0.2875887193180234,0.454033190685789,closed,loss
risk24,ETH,short,2026-05-14 00:00:00+00:00,2026-05-15 00:00:00+00:00,7,-0.005360635803274339,0.0005466998033755637,-0.005907335606649903,24% target-vol,historical_validation,1.1666666666666667,-0.34807681985158356,0.345106463181628,0.5448398288229469,closed,loss
risk20,BTC,long,2026-05-15 00:00:00+00:00,2026-05-15 16:00:00+00:00,5,-0.002618660410047526,9.54029229279131e-05,-0.002714063332975439,20% target-vol,historical_validation,0.8333333333333334,0.08613636913565982,0.09013185552082514,0.0954029229279131,closed,loss
risk24,BTC,long,2026-05-15 00:00:00+00:00,2026-05-15 16:00:00+00:00,5,-0.0027582207041405306,0.00010432662709037755,-0.002862547331230908,24% target-vol,historical_validation,0.8333333333333334,0.10336364296279178,0.10052690072950318,0.10432662709037756,closed,loss
risk20,ETH,short,2026-05-15 12:00:00+00:00,2026-05-24 08:00:00+00:00,54,0.021063087192314252,0.0005018598681668587,0.020561227324147394,20% target-vol,historical_validation,9.0,-0.38263706161941125,0.24888779419929707,0.38311589349463954,closed,win
risk24,ETH,short,2026-05-15 12:00:00+00:00,2026-05-24 08:00:00+00:00,54,0.025019439042446058,0.0005879745533587495,0.02443146448908731,24% target-vol,historical_validation,9.0,-0.44491172519554273,0.2982740338291297,0.4454817837520864,closed,win
risk20,BTC,short,2026-05-22 12:00:00+00:00,2026-05-25 16:00:00+00:00,20,5.210725615864987e-06,0.0005159212724254582,-0.0005107105468095932,20% target-vol,historical_validation,3.3333333333333335,-0.36427859098200693,0.28570512882926,0.40446274242601943,closed,loss
risk24,BTC,short,2026-05-22 12:00:00+00:00,2026-05-25 16:00:00+00:00,20,0.00012370057017389272,0.00061910552691055,-0.0004954049567366573,24% target-vol,historical_validation,3.3333333333333335,-0.4371343091784083,0.341452826371417,0.4853552909112233,closed,loss
risk20,BTC,short,2026-05-26 04:00:00+00:00,2026-06-17 16:00:00+00:00,136,0.06850847013438226,0.0012904557740007919,0.06721801436038147,20% target-vol,historical_validation,22.666666666666668,-0.10165547059135842,0.32388480680368553,0.5661979073023545,closed,win
risk24,BTC,short,2026-05-26 04:00:00+00:00,2026-06-17 16:00:00+00:00,136,0.08491662988738986,0.0014556511385647552,0.0834609787488251,24% target-vol,historical_validation,22.666666666666668,-0.12198656470963008,0.3728072808356703,0.620170662972264,closed,win
risk20,ETH,short,2026-05-26 12:00:00+00:00,2026-05-26 12:00:00+00:00,1,-0.0002656700355908915,2.173917710372818e-05,-0.00028740921269461965,20% target-vol,historical_validation,0.16666666666666666,-0.02173917710372818,0.02173917710372818,0.02173917710372818,closed,loss
risk24,ETH,short,2026-05-26 12:00:00+00:00,2026-05-26 12:00:00+00:00,1,-0.0003188040427090699,2.6087012524473828e-05,-0.0003448910552335437,24% target-vol,historical_validation,0.16666666666666666,-0.02608701252447383,0.02608701252447383,0.02608701252447383,closed,loss
risk20,ETH,short,2026-05-26 20:00:00+00:00,2026-06-06 08:00:00+00:00,64,0.025466110688063696,0.0006406569561397288,0.024825453731923967,20% target-vol,historical_validation,10.666666666666666,-0.10506304270023203,0.1361518249494485,0.26883836505930925,closed,win
risk24,ETH,short,2026-05-26 20:00:00+00:00,2026-06-06 08:00:00+00:00,64,0.03085184484328462,0.0007545426260697451,0.030097302217214874,24% target-vol,historical_validation,10.666666666666666,-0.12607565124027842,0.16405241910626472,0.32260603807117116,closed,win
risk20,BTC,short,2026-06-18 00:00:00+00:00,2026-07-01 00:00:00+00:00,79,0.029709254585108005,0.0006751299182726204,0.029034124666835383,20% target-vol,historical_validation,13.166666666666666,-0.05900947994591558,0.31711545327638874,0.4648355954799038,open_at_data_end,win
risk24,BTC,short,2026-06-18 00:00:00+00:00,2026-07-01 00:00:00+00:00,79,0.03531667682775865,0.0007910971105972207,0.03452557971716143,24% target-vol,historical_validation,13.166666666666666,-0.05210889382889549,0.37921606655634177,0.5561422783284792,open_at_data_end,win
risk20,ETH,short,2026-06-23 04:00:00+00:00,2026-06-25 12:00:00+00:00,15,0.005565312249974648,0.0001275127609142873,0.005437799489060361,20% target-vol,historical_validation,2.5,-0.12688619741989912,0.07284844541498475,0.12695570610960122,closed,win
risk24,ETH,short,2026-06-23 04:00:00+00:00,2026-06-25 12:00:00+00:00,15,0.006678374699969577,0.0001530153130971447,0.006525359386872432,24% target-vol,historical_validation,2.5,-0.15226343690387895,0.08741813449798169,0.15234684733152146,closed,win
risk20,ETH,short,2026-06-25 20:00:00+00:00,2026-06-26 16:00:00+00:00,6,-0.0007383112529182652,5.802266409254758e-05,-0.0007963339170108128,20% target-vol,historical_validation,1.0,-0.05683103717618185,0.0572346341574603,0.057997653872096495,closed,loss
risk24,ETH,short,2026-06-25 20:00:00+00:00,2026-06-26 16:00:00+00:00,6,-0.0008859735035019183,6.962719691105711e-05,-0.0009556007004129754,24% target-vol,historical_validation,1.0,-0.06819724461141821,0.06868156098895235,0.06959718464651579,closed,loss
risk20,ETH,short,2026-06-29 04:00:00+00:00,2026-06-29 20:00:00+00:00,5,-0.0005844131826030247,2.747595265524498e-05,-0.0006118891352582697,20% target-vol,historical_validation,0.8333333333333334,-0.02747595265524498,0.01918491810245713,0.02747595265524498,closed,loss
risk24,ETH,short,2026-06-29 04:00:00+00:00,2026-06-29 20:00:00+00:00,5,-0.0007012958191236296,3.297114318629398e-05,-0.0007342669623099236,24% target-vol,historical_validation,0.8333333333333334,-0.032971143186293975,0.023021901722948553,0.032971143186293975,closed,loss
risk20,ETH,short,2026-06-30 16:00:00+00:00,2026-07-01 00:00:00+00:00,3,-2.3740632200348685e-05,3.862328213707481e-05,-6.23639143374235e-05,20% target-vol,historical_validation,0.5,-0.0210742351689551,0.0327545454448287,0.038623282137074805,open_at_data_end,loss
risk24,ETH,short,2026-06-30 16:00:00+00:00,2026-07-01 00:00:00+00:00,3,-1.1486203215894909e-05,5.348905549318821e-05,-6.497525870908312e-05,24% target-vol,historical_validation,0.5,-0.032418322341837266,0.04644243427861447,0.05348905549318821,open_at_data_end,loss
